Bangla,Chittagong
কেমন আছো?,কেন আচো?
আজকে আমার মন ভালো নেই,আযিয়া আর মন বালা নাই
তুমি কি করো?,তুঁই কি গরো?
এই গরমে আমার কিছু ভালো লাগে না,এই গরমত আত্তুন কিচু বালা ন লাগের
ছেলেটি সাদা রঙয়ের একটি শার্ট পরে এসেছিল,ফোয়াইবা সাদা রংওর উজ্ঞা শার্ট ফরি আইস্যিল
মেয়েটি লাল রঙয়ের শাড়ি পরে আমার সাথে দেখা করতে এসেছিল,মাইফোয়াইবা লাল রংওর শারি ফরি আঁর লই দেহা গইর্ তো আইস্যে
ছেলেটি সিলেট থেকে ঢাকায় এসেছে,ফোয়াইবা সিলেটত্তুন ঢাহা আইস্যে
মেয়েটি সিলেট থেকে আসা এই ছেলেটিকে অনেক ভালবাসে,মাইফোয়া ইবা সিলেটত্তুন আইস্যেদে ফোয়া ইবারে বঊত বালবাসে
ছেলেটি মেয়েটাকে এখনো ভালবাসার চোখে দেখেনি,ফোয়াইবা মাইফোয়া ইবারে আইযো বালবাসার চোকে ন দেহে
মেয়েটি তাঁর সব স্বপ্নের মধ্যে ছেলেটাকে কল্পনা করে,মাইফোয়া ইবা তার বেজ্ঞিন সফ্নর মইদ্দে ফোয়াইবারে কল্ফনা গরে
আমার অনেক দিন আগে একবার বিয়ে হয়েছিল,আঁর বউতদিন আগে এব্বার বিয়া অইল
আমার মা আমাকে বলেছিল বিয়ে হলে জীবন পরিবর্তন হয়ে যায়,আঁর মা আঁরে হইল বিয়া অইলে জিবন ফাল্টি যা গই
আম্মু ঐদিন ঠিক কথাই বলেছিলও,আম্মু অইদিন টিক হতাই হইল
আম্মু সব সময় আমার মনের কথা বুঝে,আম্মু এগাযা আঁর মনোর হতা বুজে
আমার বাসার কাজের মেয়েটি এখন ভাল মত কাজ করে নাহ,আঁর বাসার হাজর মাইফোয়া ইবা ইয়া গম গরি হাজ গরিত ন ফারে
আমার বাসার কাজের মেয়েটি দুইদিন ধরে পলাতক,আঁর বাসার হাজর মাইফোয়া ইবা দুইদিন অর দাই গিয়্যুয়
আমার বাসার দারওয়ান এখন তাঁর গ্রামে ঘুরতে গিয়েছে,আঁর বাসার দারোয়ান এহন ইতার গেরামত বেরাইত গেয়্যে
তোমাকে আমি কল দিবো না,তোঁয়ারে আঁই কল ন দিয়ুম
এই জিনিষটা খুবই বিরক্তিকর ছিল,এই জিনিসসান কুব বিরক্তিকর আচিল
সে সিলেট থেকে আমার সাথে দেখা করতে এসেছিল,ইতে সিলেটত্তুন আঁর ফোয়ারে দেহা গইরতো আইস্যে
সে এখন রাজশাহী চলে গেছে,ইতে এহন রাজশাহী গেইয়্যুই
সে এখন তাঁর বন্ধুদের সাথে সিগারেট খায়,ইতে এহন তার বন্দুওক্কলর ফোয়ারে সিগেট হায়
সে একদমই হাসে না,এতে এব্বেরেও ন আসে
সে আমাকে অপমান করে,এতে আঁরে অফমান গইরগে
তাঁর বই পরতে একদমই ভাল লাগে না,ইতাত্তুন বই ফইরতো এফফোডাও গম ন লাগে
আপনার কি বই পড়ার অভ্যাস আছে ?,অনর কি বই ফরার অব্বাস আচে নে
তুমি কি আমাকে চিনো ?,তুঁই কি আঁরে চিনো নে
আমি তোমাকে চিনতে  পারলাম  না,আঁই তোয়াঁরে চিনিত ন ফাইরলাম
আমি তোমাকে আগে কখনো দেখি নাই,আঁই তোয়াঁরে আগে হনো অত্তে ন দেহি
আমাকে পড়ালেখা করতে একদমই ভাল লাগে না,আঁত্তুন ফরালেহা গইরতো এফফোডাও গম ন লাগে
আপনার পড়ালেখা করা উচিত,অনর ফরালেহা গরা উচিত
আপনাকে পড়ালেখা  করতে হবে,অনোত্তুন ফরালেহা গরা ফরিবো
আপনার কি কি পড়ালেখা করতে একদমই ভাল লাগে নাহ?,অনর কি ফরালেহা গইরতো এব্বেরেও গম ন লাগে
তোর পড়ালেখা কোরতে হবে,তোত্তুন ফরালেহা গরা ফরিবো
তুই কি আর পড়ালেখা করবি নাহ ?,তুই কি আর ফরালেহা ন গরিবি
তুই কি পড়ালেখা ছেড়ে দিতে চাস ?,তুই কি ফরালেহা চারি দিতো চস নিকি
তোর  কি পড়ালেখা করতে একদমই ভাল লাগে নাহ ?,তোর কি ফরালেহা গইরতো এব্বেরেও গম ন লাগে
তুমি কি এখন খেতে বসবা  ?,তুঁই কি এহন হাইতো বইবা নে
আজকে আমার খেতে ভালো লাগছে না,আযিয়া আঁর হাইতো মনো ন হর
আমার  বিদ্যালয়ে  অনেক বন্ধু আছে,আঁর বিদ্যালয়ে বউত বন্দু আচে
আমার ছোট বোন বিদ্যালয়ে  যেতে চায় না,আঁর চোড বইন বিদ্যালয়অত যাইত ন চাই
আমার বিদ্যালয়ে  যেতে অনেক ভাল লাগে,আত্তুন বিদ্যালয়অত যাইত বউত বালা লাগে
সে তার গ্রামের একটি বিদ্যালয়ে পড়ালেখা করে,ইবা তার গেরামর এক্কান বিদ্যালয় অত ফরালেহা গরে
সে বিদ্যালয়ে যেতে চায় না,ইবা বিদ্যালয়অত যাইত ন চায়
তার বিদ্যালয়ে  গিয়ে পড়ালেখা করতে ভাল লাগে না,ইতাত্তুন বিদ্যালয় অত যাই ফরালেহা গইরতো গম ন লাগে
সে বিদ্যালয়ে  গিয়ে বন্ধুদের সাথে গল্প করে,ইতে বিদ্যালয় অত যাই বন্দু অক্কলর ফোয়ারে গল্ফ গরে
সে বিদ্যালয়ের  মাঠে প্রতিদিন ক্রিকেট খেলে,ইতে বিদ্যালয় অর মাডঅত ফত্তিন ক্রিকেট কেলে
সে বিদ্যালয়ের মাঠে মাথা ঘুরিয়ে পরে গিয়েছিল,ইবা বিদ্যালয় অর মাডঅত মায়া গুরি ফরি গেইয়্যুই
সে অনেক দিন আগে তার বিদ্যালয়ের একটি মেয়েকে ভালোবাসতো,ইতে বউত দিন আগে তার বিদ্যালয় অর ওজ্ঞা মাইফোয়ারে বালবাসিতো
ছেলেটি তাঁর গ্রামের ছোটো  একটি  বিদ্যালয়  থেকে পড়ালেখা করে এসএসসি  পাশ করেছে,ফোয়াইবা তার গেরামর গুরা এক্কান বিদ্যালয় অত্তুন ফরালেহা গরি এসএসসি ফাশ গইরগে
তোমাদের বাসা কোথায়?,তোঁয়ারার বাসা হডে
ঢাকা বাংলাদেশের রাজধানী,ডাহা বাংলাদেশঅর রাযদানি
তুমি কি আমার সাথে প্রেম করবা?,তুঁই কি আঁর ফোয়ারে ফেম গরিবা নে
আমি আজকে সকালে ফুটবল খেলেছি,আঁই আযিয়া বেইন্না ফুটবল কেলা হাইয়্যি
আমি তোমার মনের কথা বুঝি না,আঁই তোয়াঁর মন অর হতা বুজি
তোমার জন্য আমার খুব কষ্ট হয়,তোঁয়ার লাই আঁর কুব হস্ট অই
আমাদের স্বপ্ন অনেক বড়,আঁরার সফ্ন বউত ডঅর
অল্পবয়সী একটি  ছেলে বাইরে ফুটপাতে দৌড়াচ্ছে,আল্ফবয়স্যা ফোয়া অজ্ঞা বাইরে ফুটফাতত দুরের
একটি ছোট শিশু বিছানায় লাফিয়ে উঠছে,ওজ্ঞা গুরা ফোয়া বিচানাতা ফালমারি উডের
একটি ছেলে বিছানায় লাফাচ্ছে,ওজ্ঞা ফোয়া বিচানাত ফালার
একটি ছেলে এক বিছানা থেকে অন্য বিছানায় লাফ দিচ্ছে,ওজ্ঞা ফোয়া এক বিচানাত্তুন আরেক বিচানাত ফাল মারে
একটি ছোট শিশু ফুটপাতে হাঁটছে,ওজ্ঞা গুরা ফোয়া ফুটফাতোত আডের
আমি একজন ছেলে,আঁই ওজ্ঞা ফোয়া
আমি একজন মেয়ে,আঁই ওজ্ঞা মাইফোয়া
আমার স্বামী আমাকে খুব ভালোবাসে,আঁর জামাই আঁরে কুব বালবাসে
স্কুল জীবন থেকে তাদের প্রেম ছিলো,স্কুল যিবন অইতে তারার ফ্রেম আচিল
আমি বিবাহ করেছি দশ বছর হয়,আঁই বিয়া গইরগি দশ বচর অর
অসম্ভব ভাল ছবি,এব্বারে গম চবি
বহুদিন পরে একটা ভাল ছবি দেখলাম,বউদ্দিন ফর এক্কান বালা চবি দেইলাম
অসম্ভব ভালো লিখেছেন,বেশি গম লিকখো
বহুদিন পরে একটা ভালো লেখা পড়লাম,বউদ্দিন বাদে এক্কান বালা লেহা ফইরলাম
প্রচণ্ড মাথা ব্যথা করছিলো,মাতা হঁরাইলদি এএন ন
কিছুই বুঝতে পারলাম না,কিচুই ন বুযিলাম
তিনি এটা দেখে জ্ঞান হারিয়ে ফেললেন,ইবা ইয়ান দেহি বিয়ুশ অই গেইয়্যুয়
এক কথায় অনেক সুন্দর লাগছে আপনাকে,এক হতায় বউত সুন্দর লাগের অনেরে
আপনার ছবির চেয়ে আপনি বাস্তবে বেশি সুন্দর,অনর চবিরতুন বেরা অনে বাস্তবে বেশি সুন্দর
আপনার হাশির কাছে সব কিছু হার মেনে যায়,অনর আশির হাচে বেজ্ঞিন আর মানি যাইগই
আপনার চোখ অনেক সুন্দর,অনর চোক বউত সুন্দর
আপনার সাথে পরিচিত হয়ে  ভালো লাগলো,অনর লাই ফরিচয় অই বউত বালা লাইজ্ঞে
অনেক সময় পর আপনাকে দেখছি,বউত দিন ফর অন অরে দেহির
দু ভাইয়ের মধ্যে জায়গা জমি নিয়ে ঝগড়া হয়,দু বাই অর মাযে জাগা জমি লই হইয্যা অই
পরে এক ভাই কুয়েত চলে যায় আরেক ভাই সুদান চলে যায়,ফরে এক বাই কয়েত গেইয়্যুই আরেক বাই সুদান গেইয়্যুই
কিছু দিন পর সুদান ফেরত লোকটি বিয়ে করেন,হদ্দিন বাদে সুদান অত্তুন আইস্যেদে মানুষ ইবা বিয়া গইরগে
"মোবাইল ছাড়া বাথরুমে গেলে, মনে হয় জরুরি ফাইল ছাড়া অফিসে বসে আছি",মুবাইল চারা বাতরুম অত যাইলে মনো অই যরুরি ফাইল চারা আফিস অত আইস্যি
যাদের গালি দেওয়া হয়ে গেছে তারা দয়া করে লাইন থেকে সরে যান,যারারে গাইল দেয়া অই গেইয়্যুয় তারা দয়া গরি লাইন অত্তুন সরি যন
পেছনে এখনো অনেক মানুষ লাইনে দাঁড়িয়ে আছে,ফিচনে আইযো বিউত মানুষ লাইন অত তিয়ায় তাইক্কে
তাদেরকে গালি দেওয়ার সুযোগ করে দিন,তারারে গালি দিবর সুযোগ গরি দন
খুব বেশি কিছু বলবো না  কারন আবেগে চোখে পানি চলে আসছে,বর বেশি কিচু ন হইয়্যুম হারন আবেগে চোক অত ফানি আ গেইয়্যুয়
তুমি বলছো যে থাকার সে এমনিই থেকে যাবে,তুঁই হদ্দে নে যে তাইবার ইতে এনেই তাকিবো
প্রথমে আপনাকে একটি দোকানে যেতে হবে,ফাস্টে অনত্তুন এক্কান দোয়ান অত যা ফরিবো
নিজের পছন্দের বিয়েতে বাবা মাকে রাজি করানো হলো,নিযর ফচন্দর বিয়াত বাপ মারে রায গরানো অয়্যে
মেয়েটি লাল শাড়ি পড়ে দাড়িয়ে  আছে,মাইফোয়া ইবা লাল শারি ফিন্দি তিয়ায় তাইক্কে
বউয়ের জন্য আর বন্ধুদের মাঝে মুখ দেখানোর উপায় নাই,বউওর লাই বলি বন্দুওক্কলর মাযে আর মুক দেহাইবর উফায় নাই
আমাকে সবার সামনে মারতে মারতে বাসায় নিয়ে আসে,আঁরে বেজ্ঞুনর সাম্মে মারি মারি বারিত লই আইস্যে
আমি জানি এখানে অনেক  মেয়ে কমেন্ট পড়তে আসবে,আঁই যানি এডে বউত মাইফোয়া কমেন্ট ফরিবার লাই আইবো
মাঝে মাঝে মনে হয় ঘরবাড়ী সব মশার নামে লিখে দিয়ে আমি জঙ্গলে চলে যাই,মাযে মাযে মনো অই বারি গর বেজ্ঞিন মশার নামঅত লেহি দি যঁঅল অত যাইগই
"তোমার হয়ে আছি আমি, তোমার হয়ে থাকবো",তোঁয়ার অই আচি আঁই তোঁয়ার অই তাইক্কম
সারা জীবন তোমায় আমি ভালবেসে যাবো,আযিবন তোঁয়ারে আঁই বালবাসি যাইয়্যুম
"পাশে থেকো সারা জীবন ,দূরে যেয়ো না",ফাশে তাইক্কো সারাযিবন দুরে ন যাইয়্যু
তোমায় ছাড়া একটুও আমার ভালো লাগে না,তোঁয়ারে চারা আঁর এক্কানাও গম ন লাগে
"কাউকে আবেগের ভালোবাসা দিওনা, মনের ভালোবাসা দিও ",হনিকারে আবেগের বালবাসা ন দিও মনোর বালবাসা দিও
কারন আবেগের ভালোবাসা একদিন বিবেকের কাছে হেরে যাবে,হারন আবেগর বালবাসা একদিন বিবেকর হাচে আরি যাইবই
কি করে বুঝাবো তারে আমি কতটা ভালবাসি?,কেন গরি বুজাই তারে আঁই হত বালবাসি
অনেক দিন পর তোমাকে দেখলাম,বউতদিন ফর তোঁয়ারে দেইলাম
তোমাকে দেখে থমকে দারিয়ে ছিলাম,তোঁয়ারে দেহি দর অই তিয়ায় আচিলাম
আমি খুব কষ্টে নিজেকে সামলে নিলাম,আঁই বড় হস্টে নিযেরে চঅঁলাই লইয়্যি
যখন তুমি আমাকে দেখে না দেখার ভান করলে তখন আমার দারুন লেগেছে,যেত্তে তুঁই আঁরে দেহিয়েরেও না দেহার বান গইরগো এত্তে আত্তুন এন গম লাইজ্ঞে
তোমাকে সেই অনুভুতির কথা বলে বুঝাতে পারবো না,তোঁয়ারে অনুবুতি ইয়ান হইয়েরে বুজাইত ন ফাইরগম
তোমাকে খুব মনে পড়ছে দিব তোমায় লাল গোলাপ,"তোঁয়ারে কুব মনোত ফরের, দিয়্যুম তোঁয়ারে লাল গোলাপ"
আমার জীবনে কেউ নেই তুমি ছাড়া,আঁর জিবনত হনিক্কাই নাই তুঁই চারা
আমার জীবনে কোন স্বপ্ন নেই তুমি ছাড়া,আঁর জিবনত হনো সফ্ন নাই তুঁই চারা
আমার দুচোখ কিছু খোজেনা তোমায় ছাড়া,আঁর দুচোক কিচু ন তুয়াই তোয়াঁরে চারা
যখন মেয়ে বুঝে তখন ছেলে বুঝেনা ,যেত্তে মাইয়্যা বুযে এত্তে ফোয়া ন বুযে
তুমি শুধু মনে রেখো আমায় সারা বেলা,তুঁই শুদু মনে রাইক্কো আঁরে সারা বেলা
চোখের কান্না মুছে  দেব তোমায় হাসি,চোকর ফানি মুচি দিয়্যুম তোঁয়ারে আসি
তাইতো আমি বন্ধু তোমায় এতো ভালবাসি,এতেল্লাই ত বন্দু তোঁয়ারে এত বালবাসি
"কত সুন্দর তুমি,প্রেমে পড়েছি আমি","হত সুন্দর তুঁই, ফ্রেম অত ফইরগি আঁই"
ছেলেরা ভালোবাসার অভিনয় করতে করতে যে কখন সত্যি সত্যি ভালোবেসে ফেলে তারা তা নিজেও জানেনা,ফোয়াওক্কল বালবাসার অবিনয় গইরতে গইরতে হত্তে যে আঁচা আঁচা বালবাসি ফেলাই ইতারা নিজেরাও হইত ন ফারে
মেয়েরা সত্যিকার ভালোবাসতে বাসতে যে কখন অভিনয় শুরু করে তারা তা নিজেও জানেনা,মাইফোয়াওক্কল বালবাইসতে বাইস্তে হত্তে যে অবিনয় শুরু গরে ইতারা নিজেরাও হইত ন ফারে
এই পৃথিবীতে প্রিয় মানুষগুলোকে ছাড়া বেঁচে থাকাটা কষ্টকর কিন্তু অসম্ভব কিছু নয়,এই ফিতিবিত ফ্রিয় মানুষওন চারা বাচি তাহা হস্টগর কিন্তু অসম্বব নয়
কারো জন্য কারো জীবন থেমে থাকে না,হনিকার লাই হনিকার জিবন তিয়াই ন তাকে
কাউকে প্রচন্ডভাবে ভালবাসার মধ্যে এক ধরনের দুর্বলতা আছে,হনিকারে প্রচন্ডভাবে বালবাসার মাযে এক দরনঅর দুর্বলতা আচে
"ছেলে এবং মেয়ে বন্ধু হতে পারে, কিন্তু তারা অবশ্যই একে অপরের প্রেমে পড়বে",ফোয়া আর মাইফোয়া বন্দু অইত ফারে কিন্তু ইতারা এক সময় অবশ্যই একজন আরেকজন অর ফ্রেমঅত ফরিবো
ছেলেদের জন্য পৃথিবীতে সব চাইতে মূল্যবান হল মেয়েদের হাসি,ফোয়াওক্কল অর লাই ফিতিবিত বেজ্ঞুনরতুন বেরা মুল্যবান অইলদি মাইফোয়াঅক্কলর আসি
তোমাকে দুচোখ ভরে দেখা এখনও বাকি,তোঁয়ারে দুইচোক বরি দেহা আইযো বাকি
তোমাকে  কাছে এসে জড়িয়ে ধরা বাকি,তোঁয়ারে হাঁচে আই বেরাই দরা আইযো বাকি
আমার অনেক ঠাণ্ডা লাগছে,আঁর বউত টান্ডা লাগের
আমার মন খারাপ,আঁর মন হারাফ
আপনার কি মন খারাপ ?,অনর কি মন হারাফ নে
তোমার  কি মন খারাপ ?,তোঁয়ার কি মন হারাফ নে
আব্বু আমার জন্য লাল জামা কিনে এনেছে,আব্বু আঁর লাই লাল হঅর কিনি আইন্নে
আমার বন্ধু আমাকে লাল শাড়ি কিনে দিয়েছে,আঁর বন্দু আঁরে এক্কান লাল শারি কিনি দিয়্যে
আমার বন্ধু আমাকে একটি লাল গোলাপ কিনে দিয়েছে,আঁর বন্দু আঁরে ওজ্ঞা লাল গোলাপ কিনি দিয়্যে
আমার আম্মু আমাকে নিয়ে পার্কে ঘুরতে যাবে,আঁর আম্মু আঁরে লই ফার্ক অত বেরাইতো যাইবো
"যে ভালবাসা যত গোপন, সেই ভালবাসা তত গভীর",বালবাসা যিয়ান যত গোফন অই বালাবাসা ইয়ান তত গবীর
ভালোবাসা পাওয়ার চাইতে ভালোবাসা দেওয়াতেই বেশি আনন্দ,বালবাসা ফাইবারতুন বরা বালবাসা দিয়ায় বেশি আনন্দ
"তুমি যদি কাউকে ভালোবাসো,তবে তাকে ছেড়ে দাও",তুঁই যদি হনিকারে বালবাসো তইলে ইতারে চারি দ
"যদি সে তোমার কাছে ফিরে আসে,তবে সে তোমারই ছিল",যদি ইতে তোঁয়ার হাচে ফিরি আয়্যিয়ে তইলে ইতে তোঁয়ারই আচিল
"আর যদি ফিরে না আসে,তবে সে কখনই তোমার ছিল না",আর যদি ফিরি ন আইয়্যে তইলে ইতে হন অত্তে তোঁয়ার ন আচিল
"যখন কোন পুরুষ কোন নারীকে ভালবাসে,তখন সে তার জন্য সব কিছু করতে পারে",যেত্তে হনো ফুরুষ হনো নারিরে বালবাসে এত্তে ইতে ইবার লাই বেজ্ঞিন গরিত ফারে
মুখে মুখে সবসময় ভালোবাসি ভালোবাসি বলার চেয়ে আমার মনে হয় ভালোবাসার মানুষটাকে বুঝতে পারা অনেক বড় ব্যাপার,মুকে মুকে এগাযা বালবাসি বালবাসি হওয়ারতুন বেরা আঁর মনো অয় বালবাসার মানুষ্যারে বুজিত ফারা আন বউত বর বেফার
ভালোবাসা মানে পরস্পরকে বুঝতে পারা,বালবাসা মানে একজন আরেকজন অরে বুজিত ফারা
আমি যে মানুষটিকে ভালোবাসব তাকে যদি না বুঝতে পারি তাহলে এই প্রেমের কোনো অর্থ আছে বলে মনে হয় না,আঁই যে মানুষ্যারে বালবাইসসম ইতারে যদি বুজিত ন ফারি তইলে এই ফ্রেমর হনো অর্ত আচে বলি মনে ন অয়
নিজে অসুখী হয়ে অন্যকে ভালোবেসে সুখী করা যায়না,নিজে অসুকি অয় অন্যরে বালবাসি সুকি গরা ন যায়
কেউ আপনার জীবনে সুখ এনে দেবে ভেবে কারো সাথে প্রেমে জড়াবেন না,হনিকাই অনর জিবন অত সুক আনি দিবো বাবি হনিকার লই ফ্রেমত ন জরাইবান
আপনি কারো জীবনে সুখ এনে দেবেন ভেবে প্রেম করুন,অনে হনিজার জিবন অত সুক আনি দিবান বাবি ফ্রেম গরন
"সত্যিকারের ভালোবাসা শুধু ভালোবাসার মানুষটিকে সুখী করতে চায়, তার থেকে কোনো প্রতিদান আশা করে না",সত্যিকারওর বালবাসা শুদু বালবাসার মানুষ্যারে সুকি গইরতো চায় তাত্তুন হনো ফ্রতিফান আশা ন গরে
ভালবাসা মানে কাউকে জয় করা নয় বরং নিজেই কারো জন্য হেরে যাওয়া,বালবাসা মানি হনিকারে জয় গরা নয় বরং নিজেই হনিকার লাই আরি জন
আপনি কখনই পারবেন না অন্য কারও ভালোবাসাকে ছিনিয়ে নিতে কিংবা জোর করে অন্যের ভালো লাগার মানুষ হতে,অনে হনোঅত্তে ন ফারিবান অন্য হনিকার বালবাসারে চিনায় লইত কিনবা জোর গরি অন্যর বাল লাগার মানুষ অইত
চোখের সামনে যাদেরকে দেখছেন তাদেরকে আগামিকাল সকালবেলা আর দেখতে পাবেন কিনা তার কোনও নিশ্চয়তা নেই,চোকর চাম্মে যারারে দেহন তারারে আগামি হালিয়া দেহিবান কিনা তারও হনো নিচ্চয়তা নেই
ভালো লাগে তোমার ওই কাজল কালো চোখ,গম লাগে তোঁয়ার অই হাজল হালো চোক
তোমার মনের কথা আজ আমাকে খুলে বলো,তোঁয়ার মনোর হতা আযিয়া আঁরে কুল হ
"আমার হাতটা ধরে সামনের পথে এগিয়ে চলো , পেছন ফিরে আর আমরা দেখবো না","আঁর আত্তান দরি সাম্ম্র ফতঅত আগায় চলো, ফিচন ফিরি আর আঁরা ন চাইয়্যুম"
গোলাপ ফুল দিবো আমি তোমার হাতে,গোলাপ ফুল দিয়্যুম আঁই তোয়াঁর আতত
এই মন আজ তোমায় দিলাম,এই মন আজিয়া আঁই তোয়াঁরে দিলাম
তোমার ওই মন আমি নিয়ে নিলাম,তোঁয়ার অই মন আঁই লই লইলাম
হাজার কথার মাঝে একটা মনের কথা লুকিয়ে থাকে,আযার হতার মাযে এক্কান মন অর হতা লুকায় তাকে
সব কথা মুখে বলে দেওয়া যায়না,বেজ্ঞিন হতা মুকে হওয়া ন যাই
হাজার কথার মাঝে ওই একটা কথা বুঝে নিতে হয়,আযার হতার মাযে অই এক্কান হতা বুযি ল ফরে
যতদিন বেঁছে থাকি তোমায় মনে রাখবো,যতদিন বাচি তাইক্কম তোঁয়ারে মনত রাইক্কম
"যত কষ্ট হোক সব মেনে নেবো,তবুও চিরদিন তোমাকেই ভালোবাসবো ",যত হস্ট ওক মানি লইয়্যুম তারফরও আযিবন তোঁয়ারেই বালবাইসসম
"দেখো ,কি সুন্দর মিষ্টি চাঁদের মিষ্টি আলো ","চ, কি সুন্দর মিস্টি চাঁদর মিস্টি আলো"
"ফুলে ফুলে সাজিয়ে রেখেছি আমার এই মন, তুমি আসলে দুজন মিলে সাজাবো জীবন ",ফুলে ফুলে সাযাই রাইক্কি আঁর এ মন তুঁতুঁই আইলে দুইযন মিলি সাজাইয়্যুম এ জিবন
পড়াশোনা করে  কি হবে যদি তোমাকেই  না পাওয়া যায়,ফরাশোনা গরি কি অইব্যদি তোঁয়ারেই ফা ন যাই
মেয়েদের পোস্ট হচ্ছে মাছের বাজার সবাই এসে ভিড় জমায়,"মাইফোয়া অক্কলর ফোস্ট অইলদি মাচর বাযারর নান, বেজ্ঞুন আই বির যমায়"
ছেলেদের পোস্ট হচ্ছে সোনার দোকান তাই খুব কম লোকই এখানে আসে,"ফোয়া অক্কলর ফোস্ট অইলদি সোমার দোয়ান ওর নান,বর হম মানুষই আইয়্যে"
"প্রতিদিন ঘুমিয়ে পড়ার আগে ভাবি যাই হোক, বিয়ে করার আরেকটা দিন এগিয়েছে","ফত্তিন গুম যাইবর আগে চিন্তা গরি, যাইওক বিয়া গরিবার আরেক্কান দিন আগাইয়্যে"
"বিয়েতে ছেলে পক্ষ দাবি করেছিল দুটি সোনার জিনিস চাই, মেয়ে পক্ষ তাতেই রাজি হয়ে গেল","বিয়াত মাযে ফোয়ার ফক্কত্তুন দাবি গইরগে দুইয়্যান সোনার জিনিস চাই, মাইফোয়া ফক্ক ইয়ানতই রাজি অ গেয়্যুই"
বর্তমানে প্রেম হীন মানুষ খুঁজে পাওয়াটা কষ্টকর,বর্তমান অত ফ্রেমহীন মানুষ তোয়াই ফঅন হস্টগর
মিষ্টি হেসে কথা বলে পাগল করে দিলে,মিডা আসি হতা হয় ফঅল গরি দিয়্যে
তোমায় নিয়ে হারিয়ে যাবো আকাশের নীলে,তোঁয়ারে লই আঁযি যায়্যুম আসসান অর নিল অত
চলোনা কিছু না মেনে ভালোবাসি,আডো না কিচু ন মানি বালবাসি
চলো দুজনে মিলে সুখের  পৃথিবী সাজাই ,আডো দুইযনে মিলি সুকর ফিতিবি সাযাই
তোমাকে নিয়ে আমার সব কল্পনা,তোঁয়ারে লই আঁর বেজ্ঞিন কল্ফনা
তোমায় হৃদয়ে রাখবো  সারাক্ষণ,তোঁয়ারে রিদয় অত রাইক্কম সারাক্ষণ
তুমি যদি চাও বৃষ্টি হবে আজ,তুঁই যদি চ যর ফরিবো আযিয়া
চল দুজনে হাত ধরে হারাবো,আডো দুইজনে আত দরি আঁযি যাই
তোমাকে ছুয়ে দিতে চাই অনুমতি,তোঁয়ারে চুইবর লাই চাই অনুমতি
এই ছবির প্রতিটি গান অনেক অনেক প্রিয় ছিল এবং এখনো আছে,এই চবির বেজ্ঞিন গান আঁর ফ্রিয় আচিল এবং আইযো আচে
"সত্যের ভালবাসা হারে না ,মিথ্যা ভালবাসা হেরে যায়",আচা বালবাসা ন আরে মিচা বালবাসা আরি যা গই
এই সেই সোনালী যুগের সেই প্রাচীন গান যে গান শুনলে বুকটা ভরে যায়,এই সেই সোনালি যুগ অর সেই ফ্রাচিন গান যে গান ফুইনলে বুক্কান বরি যা গই
"যতবার দেখি ততবার ভালো লাগে, মৌসুমিকে গানটাতে অসম্ভব সুন্দর লাগছে","যতবার দেহি ততবার গম লাগে, মৌসুমিরে গান্নানঅত অসম্বব সুন্দর লাগের"
এখনো ভালো লাগে গানটা,আইযো গম লাগে গানইবা
কালো আর লাল শাড়িতে মৌসুমী আপু কে অসম্ভব সুন্দরী লাগে,হালা আর লাল শারিত মৌসুমি আফারে অসম্বব সুন্দরি লাগে
মনে পড়ে যায় আমার ভালোবাসার মানুষটার কথা ,মনঅত ফরি যা গই আঁর বালবাসার মানুষসার হতা
গানটা শুনলেই পুরাতন ইতিহাস মনে পড়ে,গানইবা ফুনিলেই ফুরান ইতিহাস মনঅত ফরে
এই ছবির  সব গানগুলো অনেক সুন্দর,এই চবির বেজ্ঞুন গান বউত সুন্দর
 সব সময়ে গান গুলো বেশ সুন্দর ভালো লাগে শুনতে ,এগাযা গানওন বর সুন্দর ফুইন্তো গম লাগে
মৌসুমি আপুকে বলছি এরকম  একটা ছবি আমাদেরকে আবার উপরহার দিন,মৌসুমি আফারে হয়্যি এন্ডিল্লা এক্কান চবি আঁরারে আবার উফার দঅন
"মৌসুমী আসলেই খুব সুন্দরী, আমি কাছ থেকে দেখেছি","মৌসুমি আসলেই বর সুন্দরি, আঁই হাচ অত্তুন চাই দেইক্কি"
একদিন হয়তো পৃথিবীর মায়া কাটিয়ে চলে যাবো পরপারে,একদিন ফিতিবার মায়া হাডাই যাইয়্যুম বই ফরফারঅত
"চোখ মেললেই দেখি তোমাকে, চোখ বুজলেই পাই আরো কাছে",চোক মেলিলেই দেহি তোঁয়ারে চোক বান্দিলে ফাই আরো হাঁচে
আরও  বেশি ভালবাসা আমি দিতে চাই,আরোও বালভাসা আঁই দিতা চাই
এই  গান আমার এত প্রিয় এখনো শুনি অনেক সুন্দর একটা অনুভুতী কাজ করে,এই গান আঁর এত ফ্রিয় আইযো ফুনি বউত সুন্দর এক্কান অনূবুতি হাজ গরে
"যৌবন আসার আগেই তাকে ভালো বেসেছিলাম, আবার যৌবন শেষ হবার পরেও তাকেই ভালো বাসবো",যৌবন আইবর আগে তারে বলবাইসসিলাম আবার যৌবন শেষ অইবর ফরও তারেই বালবাইসসম
সাত বছর পর খুজে পেয়েছি আমার প্রিয় গানটা,সাত বচর ফর তোয়াই পায়্যি আঁর ফ্রিয় গানইবা
জীবনে  অনেক  গান শুনি তারপরেও  কেন জানি না এই গান গুলোর মত এত ভালো লাগে না,জিবন অত বউত গান ফুইন্নি তারফরো কেন যানি গান এগুনর নান এত গম ন লাগে
"যখন গানটা নতুন বের হয়েছিলো, তখন অনেক শুনেছি",যেত্তে গানইবা নতুন বাইর অয়্যিল এত্তে বউত ফুইন্নি
এই গানটা যে কতো বার যে শুনেছি তার কোনো হিসেব নেই,এই গানইবাযে হতবার ফুইন্নি তার ইসাব নেই
ছোটবেলার স্মৃতিগুলো মনে পরে যায়,গুরাহাল অর সৃতি মনোত ফরি যা গই
মাত্র এক বছর পর গানটার বয়স এক যুগ হবে যাবে,মাত্র এক বচর ফর গানইবার বয়স এক যুগ অয় যাইবই
ভবিষ্যতে আমার ছেলে মেয়ে যখন এসব গান দেখবে তার বাবা কতটা রোমান্টিক ছিল,ববিষ্যতঅত আঁর ফোয়া-মাইয়্যা যেত্তে গান এগুন দেইবো তার বাফ হতো রোমান্টিক আচিল
এই গানটা কতবার শুনিছি আমি নিজেই জানি না,এই গানইবা হতোবার ফুইন্নি আঁই নিজেই ন যানি
এভাবে চলে যাবে সময় কিন্তু থেকে যাবে এসব কিছু গান,এনগরি সময় যাইবই কিন্তু তাকি যাইবই এসব কিচু গান
তাদেরকে অনেক ধন্যবাদ যারা গান গুলো উপহার দিয়ে গেছেন,তারারে বউত দইন্যবাদ যারা গান্নুন উফার দি গেয়্যে
রুমি ভাইয়া আবার ফিরে আসো সবার মাঝে নতুন গান নিয়ে।,রুমি বাইয়্যা আবার ফিরি আয়্যু বেজ্ঞুনর মাযে নতুন গান লয়
পুরনো দিনের কথা মনে পড়ে গেল,ফুরান দিন অর হতা মনোত ফরি গেয়্যুই
"হারিয়ে গেছে কতকিছু,  কত আপনজন","আঁযি গেইয়্যুই হতকিচু, হতো আফনজনন"
শুধু গানটি যেমন ছিলো তেমনেই রয়ে গেছে,শুদু গান্নুন যেন আচিল এনই রয় গেয়্যুই
এই গান গুলো নিয়ে অনেক আবেগ আছে,এই গান্নুন লয় বউত আবেগ আচে
এ গান টা শুনে চোখে পানি চলে আসলো,এই গানইবা ফুনি চোকঅত ফানি আ গেয়্যুই
এসব গান ছোটবেলা থেকে শুনে বড় হয়েছি,এইসব গান গুরাহাল অত্তুন ফনি ডর অয়্যি
এই গানটা শুনে মনে হল আমি বাংলাদেশ থেকে ঘুরে এলাম,এই গানইবা ফুনি মনো অইল আঁই বাংলাদেশ অত্তুন গুরি আইস্যি
এই ছবিটা দেখলে বোঝা যায় আমাদের দেশের জন্য কতো কষ্ট করেছে মুক্তিযোদ্ধা ভাইয়েরা,এই চবিয়ান দেইলে বোযা যায় আঁরার দেশর লাই হতো হস্ট গইরগে মুক্তিযুদ্দা বাইওক্কল
আমরা জীবনে ভুলতে পারব না,আঁরা জিবন অত ন বুইল্লম
যতদিন পৃথিবীর বুকে বাংলাদেশ নামটি থাকবে ততদিন পর্যন্ত এই গানটি চলতে থাকবে,যতদিন ফিতিবির বুক অত বাংলাদেশ অর নাম আন তাইবো ততদিন এই গানইবা চলাত তাইবো
 মুক্তিযুদ্ধের ভাইয়েরা আমাদের জন্য কত কষ্ট করেছে ,মুক্তিযুদ্ধর বাইওক্কল আঁরার লাই হতো হস্ট গইরগে
গানটি শুনে আমার অনেক ভালো লেগেছে,গানইবা ফুনি আঁর বউত বালা লাইজ্ঞে
গানটা শুনে  চোখে পানি চলে আসলো সত্যি খুব ভালো লাগলো,গানইবা ফুনি চোকঅত ফানি আ গেয়্যুই সত্যি কুব গম লাইজ্ঞে
ভারতীয় হয়েও যেন কোথাও আমি বাংলাদেশি অনুভব করছি ,বারতিয় অইয়েরেও হডে যানি আঁই বাংলাদেশি অনুবব গরির
আজকের এই দিনে বাংলাদেশকে খুব মনে পড়ে,আযিয়ার এই দিন অত বাংলাদেশঅরে কুব মনোত ফরের
সেই ছোটবেলার কথা মনে পড়ে যায় যতবার গানটা শুনি অতীতে ফিরে যাই,সেই গুরাহাল অর হতা মনোত ফরি যা গই যতবার ফুনি অতিত অত ফিরি যাই গই
এই ছোট ছেলেটি একটি বল  দিয়ে খেলছে  ,এই গুরা ফোয়াওয়া ওজ্ঞা বল লই কেলা হার
লোকটি ফোনে কথা বলছে,মানুষইবা ফোন অত হতা হর
বাইরে বেশ কিছু মানুষ ঘুরে বেড়াচ্ছে,বাআরে বেশ কিচু মানুষ গুরি বেরার
রাতে একদল লোক একসাথে বাইরে বসে থাকে,রাতিয়া একদল মানুষ এক্কোফোয়ারে বাইরে বই তাকে
তুমিহীন সময়টা  নিজেদের মতো করে গুছিয়ে নেওয়ার চেষ্টা করছি,তুঁই হিন সময়্যান নিজরার মতো গরি গুচাই লইবর চেস্টা গরির
আজ তোমার কন্যাকে নিয়ে সারা বই মেলা ঘুরেছি কিন্তু কোনো আনন্দ পায়নি,"আযিয়া তোঁয়ার মাইয়্যারে লই আরা বইমেলা গুইরগি ,কিন্তু হনো আনন্দ ন ফাই"
তোমার পছন্দের বেশ কয়েকটি  বই কিনেছি,তোঁয়ার ফচন্দর বেশ কিচু বই কিন্নি
সব কিছু কেমন শান্ত আর ফাঁকা লেগেছে,বেজ্ঞিন কেন নিযাম আর ফাকা লাহের
আমি জানি আমাদের আর কোন দিন এপারে একসাথে বই পড়া হবেনা,আঁই যানি আঁরার হনোদিন এফারে এক্কোফোয়ারে বই ফরা ন অইবো
তুমি নেই এই কঠিন সত্যিটা আমি আজও বিশ্বাস করতে পারছি না,তুঁই নেই এই কটিন সইত্যইয়ান আঁই আইযো বিশ্বাস গরিত ন ফারির
কেনো জানি মনে হয় বেলা শেষে তুমি ঘরে ফিরবে ,কেন যানি মনো অয়্যে বেলা শেষে তুঁই গর অত ফিরিবা
আমি এক সন্ধ্যায়  অফিস থেকে বাসায় ফিরে দেখবো তুমি আছো সত্যিই তুমি আছো,আঁই এক আযিন্না আফিসত্তুন বাসাত ফিরি দেইক্কম তুঁই আচো সত্যিই তুঁই আচো
তুমি তোমার কন্যাকে নিয়ে ব্যস্ত সময় পার করছ,তুঁই তোঁয়ার যের ফোয়ারে লই বেস্তো সময় হাডোর
আমি কোনদিন চিন্তাও করিনি আমার মেয়ে তার মার আদর ভালোবাসা ছাড়া বড় হবে বাসার কাজের মানুষের কাছে,আঁই হনোদিনও চিন্তা ন গরি আঁর মাইয়্যা তার মার আদর বালবাসা চারা ডঅর অইব হাজর মানুষর হাচে
দম বন্ধ হয়ে আসে চিৎকার করে কাঁদতে ইচ্ছে করে,নিয়াস বন্দ অই আয়্যে গুযোরি হাইন্তো মনে হয়
তুমি জানো সত্যিই খুব কঠিন বাবা হয়ে মায়ের দায়িত্ব পালন করা,তুঁই যানো সত্যিই কুব কটিন হাম বাফ অই মার দ্যিত্ত ফালন গরা
সন্তানকে একমাত্র তার মায়ের কোলেই মানায়,ফোয়াওক্কলেরে একমাত্র তার মার কোলঅতই মানায়
তোমার কন্যা আমার কোলে এসে শুধু তোমাকে খোঁজে মনে হয়,তোঁয়ার মাইয়্যা আঁর কোল অত আই শুদু তোঁয়ারে তোয়াই ফঁল্লাই
তুমি চলে যাওয়ার পর তোমার মেয়ে কেমন যেন শান্ত হয়ে গেছে,তুঁই যাইবর ফর তোঁয়ার মাইয়্যা কেন যানি আন্ত অয় গেইয়্যুয়
এটা হয়তো কেউ বুঝতে পারছে না আমি ছাড়া,ইয়ান আঁই চারা হনিকাই ন বুযের ফঁল্লাই
আমি যে বাবা আমি আমার কন্যার মুখের দিকে তাকিয়ে অনেক কিছু বুঝতে পারি,আঁই ত বাফ আঁই আঁর মাইয়্যার মুকর ইক্কা চায় বউত কিচু বুজিত ফারি
এই রকম মানুষেরা কখনো ঠিক হয় না,এন্ডিল্লা মানুষ হন অত্তে টিক ন মই
তাদের দুজনের বিয়ে হওয়ার কথা ছিল,তারার দুইজন অর বিয়া অইবর হতা আচিল
কিন্তু ছেলে হঠাৎ করে তরুণীকে না জানিয়ে দেশের বাইরে চলে যায়,কিন্তু ফোয়া অটাথ গরি মাইফোয়ারে ন জানাই বিদেশ গেয়্যুয়
এর মাঝে মেয়েটি  তার পরিবারের পছন্দে বিয়ে করে,ইন অর মাযোদ্দি মাইয়্যা ইবা তার ফরিবারর ফচন্দে বিয়া গরে
সে মেয়েটির  সাথে যোগাযোগ করে,ইতে মাইফোয়াইবার ফোয়ারে যোগাযোগ গরে
মেয়েটি  কাউকে বিয়ে করতে রাজি হয় না,মাইফোইবা হনিকারে বিয়া গইরতো রাযি ন মই
ওই ছেলে কোন কিছুই শুনতে চায় না তার সাথে দেখা করতে চায়,অই ফোয়া হনো কিচু ফুইন্তো ন চায় তার ফোয়ারে দেহা গইরতো চাই
মেয়ে মামলা চায় না কারণ সে বিবাহিত মামলার বিষয়টা জানাজানি হলে সংসার টিকবে না,"মাইয়্যা মামলা ন চায় হারন ইবা বিয়াইত্যা ,মামলার বিষয়্যান জানাজানি অইলে সংসার ন টিকিবো"
আমার স্বামী বিভিন্ন মেয়ের সাথে সারা রাত জেগে কথা বলে,আঁর জামাই বিবিন্ন মাইফোয়ার ফোয়ারে আরা রাইত জাগি হতা হয়
এখন কথা হলো আমি কাবিনের টাকা দিয়ে দিবো প্রতি মাসে মাসে,এহন হতা অইলদি আঁই হাবিনর টিয়া দি দিয়্যুম ফতি মাসে মাসে
আমি সাত মাস প্রেম করে একজনকে বিয়ে করেছি,আঁই সাত মাস ফ্রেম গরি একজনঅরে বিয়া গইরগি
এখন বিয়ের পর জানতে পারি আমার স্বামী আগে দুইটি বিয়ে করেছিল,আঁই বিয়ার ফর জানিত ফারি আঁর জামাইর আগে দুয়্যা বিয়া গইরগিল
আমি মনসিক ভাবে খুব সমস্যার মধ্যে আছি,আঁই মানুসিক বাবে কুব সমস্যাত আচি
আমার একটাই কথা ছেলে মানুষের কাছে কিসের প্রয়োজন থাকতে পারে,আঁর এক্কানই হতা ফোয়াওক্কলর হাচে কি অর ফ্রয়োজন তাকিত ফারে
ক্লাসের সব মেয়েদের সাথেই মিশতাম,ক্লাস অর বেজ্ঞুন মাইফোয়ার লই মিশিতাম
আমি ধরে নিলাম আমার অনেক দোষ অনেক ভুল,আঁই দরি লইলাম আঁর বউত দুষ বউত বুল
কিন্তু আমাদের তিন বছরের বাচ্চা তার কোথায় দোষ?,কিন্তু আঁরার তিন বচরর বাইচ্চা ইতার দুষ আন হডে?
আমরা বলি একটু সময় নেওয়ার জন্য আর উনার স্ত্রীকে নিয়ে আসার জন্য,আঁরা এক্কা সময় লইতো হয়্যি আর ইবার বউওরে লয় আইত
তোমাকে যেদিন বলেছিলাম বিয়েটা করে ফেলো,তোঁয়ারে যেদিন বিয়া গরি ফেলাইতো হইলাম
সেদিন কথাটা বলেছিলাম শুধু তোমার ভালোর জন্য,এদিন হতায়ান হইলাম তোঁয়ার বালার লাই
কিন্তু তুমি এখন এতোই ভালো আছো যে আমি সেটা মানতে পারছি না,কিন্তু তুঁই এহন এতোই বালা আচো ইয়ান আঁই মানি লইত ন ফারির
তুমি আর আমার নেই আমি এটা মানতে পারছি না,তুতুঁই আর আঁর নাই ইয়ান মানি লত ন ফারির
পছন্দ করেই পরিবারের মাধ্যমে বিয়ে করে এনেছে,ফচন্দ গরিই ফরবারর মাদ্যমে বিয়া গরি আইন্নে
আমার ভালোবাসার মানুষের সাথে আমার বিয়ে হয়েছে ,আঁর বালবাসার মানুষঅর ফোয়ারে আঁর বিয়া অইয়্যে
তাকে ছাড়া আমি হয়তো বাচঁতে পারবো না ,তারে চারা আএ বাচিত ন ফাইরগম ফঁল্লাই
এখন আর মানুষের মধ্যে মায়া বিষয়টা খুব একটা নেই,এহন আর মানুষর মইদ্ধে মায়া হদে জিনিসসান কুব এক্কান নাই
আমি আমার ছোট বাচ্চাকে নিয়ে বাবার বাড়িতে যাই,আঁই আঁর গুরা ফোয়াওয়ারে লই বাফর বারিত যাইর
আপনি নিজের পরিবার নিয়ে বসুন,অনে নিযর ফরিবার লই বয়্যুন
পরিবারে ছোট খাটো ঝামেলা থাকে,ফরিবারত চোড হাডো যামিলা তাকে
আমাকে একটু সাহায্য  করবেন,আঁরে এক্কানা সাহায্য গরিবান
দয়া করে নাম পরিচয় গোপন রাখবেন,দয়া গরি নাম ফরিচয় গোফন রাকিবান
আমি একটি কঠিন সমস্যা নিয়ে হাজির হয়েছি,আঁই এক্কান কটিন সমস্যা লই আযির অয়্যি
একসময় ছেলের মেয়েটাকে ভালো লাগবে ,একসময় ফোয়াইবারতুন মাইফোয়া ইবারে গম লাগিতো
তাদের চার বছরের একটি মেয়ে বাচ্চা আছে,তারার চাইর বচরর ওজ্ঞা যের ফোয়া আচে
গত এক মাস আগে স্ত্রীর সাথে ঝগড়া করে স্বামী দেশে চলে আসে,গত এম্মাস আগে বউঅর ফোয়ারে হইয্যা গরি জামাই দেশ অত আ গেইয়্যুয়
ছেলে মেয়ে একজন আরেকজন কে প্রচন্ড ভালোবাসে,ফোয়া মাইয়্যা একজন আরেকজন অরে ফ্রচন্ড বালবাসে
সে বিয়ে করে সুখী হতে চায়,ইতে বিয়া গরি সুকি অইত চায়
ছেলে ইউরোপে পড়াশোনা করে,ফোয়াইবা ইঊরোফ ফরাশোনা গইরতো চাই
কিন্তু মেয়ের পরিবার রাজিনা,কিন্তু মাইয়্যার ফরিবার রাযি নই
মেয়েকে অন্য ছেলের সাথে বিয়ে দেওয়ার আয়োজন করে,মাইয়্যারে অইন্য ফোয়ার লই বিয়া দিবর আয়োজন গরে
বাধ্য হয়ে ছেলে মেয়ে নিজেদের ইচ্ছায় বিয়ে করে নেয়,বাইদ্য অয় ফোয়া মাইয়্যা নিজরার ইচ্চাত বিয়া গরি ফেলাই
আজকে দেয়ালে পিঠ থেকে গেছে,আযিয়া দেয়ালত ফিট টেকি গেয়্যুই
আজকে প্রায় ৮ দিন পানি নেই ,ফানি নাই আযিয়া ফ্রায় আস্ট দিন
অথচ আসে পাশের সব বাড়ি তেই পানি দিয়ে দিচ্ছে শুধু আমাদের বাড়িতেই পানি দিচ্ছে না,অতচ ফাশর বেজ্ঞিন বারিত ফানি দি ফিলার শুদু আঁরো বারিতই ন ফানি ন দের
যাদের সাথে ভালো সম্পর্ক রয়েছে শুধু তাদের পানি দিবে আর কাউকে দিবে না,যারার লয় বালা মিল আইসসে এতারোরে ফানি দিয়ে দে আর কোন্নারে নো দিবো
জানিনা পানি পাবো নাকি পাবো না,হইন্নো ফারি ফানি ফাইয়্যুম নে ন ফাইয়্যুম
পাশ করা ডাক্তাররা এখন ভালো অবস্থায় নেই,ফাশ গরা ডাক্তর এহন বালা অবস্তাত নেই
কেন এত টাকা ধার করে ডাক্তারি পড়তে হবে,এত টিয়া দার গরি ডাক্তরি কিল্লাই ফরা ফইরগে দে
যেহেতু ভর্তি হয়ে গেছেন পড়াশোনা চালিয়ে যান,যেহেতু বর্তি অই গেয়্যুন গই ফরাশোনা চালাই যন
স্বামীরে অভিযোগ স্ত্রী তার সংসারের দায়িত্ব পালন করছে না,জামাইর অবিযোগ বউ টিকমতো তার সংসারঅর দায়িত্ত ফালন ন গরের
দুজনেই দুজনকে সন্দেহ করে,দুজনেই দুজনরে সন্দেহ গরে
স্ত্রী ধারণা স্বামী পরকীয়ায় আছে,বউঅর দারোনা জামাই ফরকিয়া গরের
এই বিষয়টা নিয়ে আর কথা বলতে চাচ্ছি না ,এই বিষয়্যান লই আর হতা হইতো ন চাইর
আজকাল ছোটরাও পাত্তা দিচ্ছে না,আইযহাল গুরাওক্কলও ফাত্তা ন দের
কেউ আর ভয় পাচ্ছে না,হনিকাই আর ন ডারার
আমার এসব আর একটুও ভালো লাগছে না,আঁর এগিন এক্কানাও গম ন লাগের
যারা ভেবেছিলেন বড় হয়ে গরীবদের সেবা করবেন কিন্তু বড় হয়ে দেখেন নিজেই গরীব,যারা বাইবিল ডঅর মানুষ অই গরিবর সেবা গরিবো কিন্তু ড অর মানুষ অই চাআর ইতারাই গরিব
মহিলার বয়স হবে ৮০ এর উপরে,মহিলা ইবার বয়স আশি বচরর উওরে অইবো
"একটাই পৃথিবী, কিন্তু একেক এলাকার মানুষের চিন্তা একেক রকম",ফিতিবি এক্কান কিন্তু এক এক এলাকার মানুষ অর চিন্তা এক এক ডিল্লা
নতুনরা অনেক কিছু শিখতে পারবে  আশা করি,নতুনরা বউত কিচু শিকিত ফারিবো আশা গরি
হোকনা ভালো কিছুর শুরুটা এভাবেই,ওকএনা বালা কিচুর শুরু য়ান এনগরি
তুমি আমার সাথে আর কথা বলবা না,তুঁই আঁর ফোয়ারে আর হিতা ন হইবা
আমরা অনেক বড় হয়ে গেছি মনে হচ্ছে,আঁরা বউত ড অর অই গেয়্যিগই ফান মনোত অর
রাজকুমারির মায়া পৃথিবী যায়নি আজও ভুলে,রাজকুমারির মায়া ফিতিবি আইযো ন বুলে
জীবন থেকে রঙ হারায় গেছে,যিবনত্তুন রং আযি গেয়্যুই
একটা রঙিন ছবি তুলতে হবে আমাদের সবার,এক্কান কালার চবি তুলা ফরিবো আঁরার বেজ্ঞুনর
আর কত ছুটি কাটাবো?,আর হদিন চুটি হাডাইয়্যুম?
পুরোটা দেখার অপেক্ষায় বসে আছি ,গুডায়ান দেইবার অফেক্কার লাই বই তাইক্কি
আপনি বেঁচে আছেন?,অনে বাচি আচন নে?
আশেপাশে কেউ থাকলে কল দিয়েন,আশেফাশে হনিকাই তাকিলে কল দিয়ন
দেখা করা যাবে,দেহা গরা যাইবো
কিছু পাইতে হলে কিছু ছাড়তে হবে,কিচু ফাইতো অইলে কিচু চাইরতো অই
বাংলাদেশে আমাকে সবাই আমার ডাক নামে চিনে,বাংলাদেশঅত আঁরে বেজ্ঞুনে আঁর ডাকনামে চিনে
দুই ঘন্টা ধরে বিদ্যুৎ যায়নি,দুই গন্টা দরি কাআরন ন যায়
বিদ্যুৎ অফিসের লোকটা কি মারা গেলো নাকি?,বিদ্যুত আফিসর মানুষওয়া কি মরি গেইয়্যুই নিকি?
সেইবার আমি প্রায় ৪ মাস পরে বাসায় গিয়েছি,অইমত্তন আঁই ফ্রায় চাইর মাস ফর বাসাত গেয়্যি
বাবার মুখের দিকে তাকিয়ে কেমন জানি একটা শূন্যতা অনুভব করলাম ,আব্বুর মুকর ইক্কা চাই কেন যানি হালি হালি লাগের
কবে যে আমার স্বপ্নটা পূরণ হবে,হত্তে যে আঁর সফ্ন আন ফুরন অইবো
আপনি কি আপনার হাত ধুতে জানেন?,অনে কি অনর আত দুইতো জানন নে?
আপনি কি খামারের পশু পছন্দ করেন?,অনে কি হামারর ফশু ফচন্দ গরন নে?
আমি আমার পরিবারের কথা বলতে চাই,আঁই আঁর ফরিবারর হতা হইতো চাই
"আমার পরিবারে আমি  মা, বাবা এবং একটি ছোট্ট বোন","আঁর ফরিবারে আঁই, মা, বাবা আর ওজ্ঞা গুরা বইন"
আমাদের সবাই একসময়ে একসাথে আছি ,আঁরার বেজ্ঞুন একসময় এক্কোফোয়ারে আচি
আমরা খুব খুশি,আঁরা কুব কুশি
আমাদের পরিবারে আনন্দের বাইরে কোন ঝগড়া নেই,আঁরার ফরিবারত আনন্দর বাইরে হনো হইয্যা নাই
আমার বন্ধুরা আমার জীবনের অনেক গুরুত্বপূর্ণ অংশ,আঁর বন্দুওক্কল আঁর জিবনর বউত গুরুত্বপূর্ণ অংশ
আমি সবসময় আমার গ্রামের মানুষদের পাশে থাকতে চাই,আঁই এগাযা আঁর গেরামর মানুষওক্কলর ফাশে তাইক্তো চাই
খুব সুন্দর,বর সুন্দর
আপনার লেখা অসাধারণ,অনর লেহা অসাদারন
আপনার ছবি দেখে খুব ভালো লেগছে,অনর চবি দেকি কুব গম লাইজ্ঞে
অসাধারণ করে লিখেছেন,অসাদারন গরি লেইক্কোন
আমি ভালো লাগলো আপনার কথা পড়ে,আত্তুন গম লাইজ্ঞে অনর হতা ফরি
আপনার এই পোস্টটি খুব উপকারী,অনর এই ফোস্ট ইয়ান কুব উফকারি
আপনার সুন্দর সুন্দর ছবিগুলো দেখে আনন্দ পেয়েছি,অনর সুন্দর সুন্দর চবিগিন দেকি আনন্দ পাইয়্যি
আপনি খুব সুন্দরভাবে সমস্যাটি সমাধান করেছেন,অনে কুব সুন্দর গরি সমস্যাগান সমাদান গইরগন
আপনার ব্লগটি পড়ে অনেক কিছু শিখতে পেরেছি,অনর ব্লগকান ফরি বউত কিচু শিকিত ফাইরগি
আমি আপনার কাজকে  ভালোবাসি,আঁই অনর হাযরে বালবাসি
আপনার লেখার ধরণ খুব সুন্দর,অনর লেহার দরন কুব সুন্দর
আপনার ছবিটি দেখে মন ভরে গেলো,অনর চবিয়ান দেহি মন বরি গেইয়্যুই
খুব সুন্দর কথা বলেছেন,কুব সুন্দর হতা হয়্যুন
আপনার মজার মজার কথা শুনলে সারা দিন মন ভালো থাকে,অনর মযার মযার হতা ফুনিলে আরাদিন মন বালা তাকে
একদিন সুন্দর একটি বাগানে একটি মেয়ে হাঁটছিল,এদ্দিন সুন্দর এক্কান বাগানত ওজ্ঞা মাইফোয়া আডের
সে আকাশে উড়ন্ত পাখির গান শোনতেই মন খুশি হয়ে উঠত,অই আস্সানর উরন্ত ফেইকঅর গান ফুনিলেই মন কুশি অই যাইতই
সে ফুলগুলোর রঙিন মেলা দেখে হৃদয় ভরে যায়,অই ফুল্লুন অর রঙিন মেলা দেহি রিদয় বরি যা গই
তার পাশে থাকা পুতুলগুলো সেই মেয়ের সাথে খেলতে আসে,তাঁর ডাহদ্দি তাকা ফুতুল্লুন অই মাইফোয়ার ফোয়ারে কেলা হাইতো আইয়্যে
সে আরও একটি বন্ধু বানাতে চায় যার নাম ছিল রাহাত,ইবা আরও ওজ্ঞা বন্দু বানাইতো চার যার নাম রাহাত
তোমার বন্ধুরা সত্যিই ভালো হৃদয়ের মানুষ,তোঁয়ারা বন্দুওক্কল সত্যিই বালা মনোর মানুষ
তোমার বন্ধুরা  সবাই খুব মেধাবী,তোঁয়ারা বান্দুবিওক্কল বেজ্ঞুন বর মেদাবি
তোমার বন্ধুদের কাছে থাকতে খুব ভালো লাগে,তোঁয়ার বন্দুওক্কলর হাচে তাইক্তো কুম বালা লাগে
বিয়ের পর মোটা হবে এমন স্বপ্ন নিয়ে বেঁচে আছে হাজারো পাতলা মেয়ে,বিয়ার ফর মোটা অইব এন সফ্ন লই বাচি আচে আযারো লেডা মাইফোয়া
"মেয়েরা যে হারে ভদ্র ছেলে খুঁজছে, ভয় লাগছে কোনো দিন আমি কিডন্যাপ হয়ে না যাই",মাইফোয়াঅক্কল যে হারে বদ্র ফোয়া তুয়ার ডর লাগের হন্দিন আঁরে কিডনাফ গরি লই যা গই
"খন তোমার একা লাগবে, তুমি চারদিকে কিছুই দেখতে পাবে না","এহন তোয়াত্তুন গাআগাই লাগিবো , তুঁই চাইরোমিক্কা কিচু ন দেকিবা"
আজ সিঙ্গেল বলে কারো জন্য হাত কাটতে পারি না,আয সিঙ্গেল বলি হনিকার লাই আত হডিত ন ফারির
সিনেমায় বিয়ের পর গল্প শেষ হয়ে যায়  আর বাস্তব জীবনে বিয়ের পরই সিনেমা শুরু হয়,"চিনেমাত বিয়ার ফর গল্ফ শেষ অই য গই, আর বাস্তবত বিয়ার ফর চিনেমা শুরু অই"
"আজ গরিব বলে পৃথিবীতে থাকি,বড়লোক হলে মঙ্গল গ্রহে থাকতাম","আয গরিব বলি পিতিবিত তাকি , ডরমানুষ অইলে মঙগল গ্রহত তাকিতাম"
একমাত্র মেয়েরাই পারে অবলা ছেলেদের সহজ সরল মনটা কে ফুটবল ভেবে খেলা করতে,একমাত্র মাইফোয়াঅক্কল ফারে সহজ সরলব ফোয়াওক্কলর মন নান এরে ফুটবল টা আরি কেলা হাইতো
মাঝে মাঝে মন চায় থেমে থাকা গাড়ির নিচে পরে মরে যাই,মাজে মাজে মন হঅয়তিয়াই তাইক্কেদে ইল্লা গারিত তলে ফরি মরি যাইগোই
"বউকে ভালোবাসতে শিখুন, কিন্তু কার বউ সেটা দেখার বিষয় না","বউ অরে বালবাইসতে শিকঅন ,কিন্তু হার বউ ইয়ান দেহার বিষয় নয়"
একবার ধরলে হাত ছাড়বেনা কখনো রোগা পাতলা মেয়ে গুলোকে দেখে মনে হয় ভিটামিনের বোতল কিনে দিই,এব্বার দইরলে আত ন চারিবা হনো সময় লেডা মাইফোয়া ওক্কলেরে দেইলে মনো অয় বিটামিন অর বতল কিনি দি
স্বপ্ন দেখলাম ক্রাশের সাথে ঘুরতে গেছি তার পর যা হলো সব ইতিহাস,সফ্নঅত দেইলাম ক্রাশর ফোয়ারে গুইরত গেয়্যি তারফর যা অয়্যে ইয়ান ইতিহাস
"যখন ভাবি তুমি ছাড়া আমার জীবনটা অন্ধকার, ঠিক তখনই কারেন্ট চলে আসে",যেত্তে বাবি তুঁই চারা আঁর জিবন নান আঁন্দার টিক এ সময় অত কা আরন আ যাগই
"বউ হারালে বউ পাওয়া যায়, কিন্তু বন্ধুকে টাকা দিলে সেটা আর ফেরত পাওয়া যায় না","বউ আঁযিলে বউ ফা যাই, কিন্তু বন্দুরে টিয়া দিলে আর ফেরত ফা ন যাই"
"চুল পরার সমস্যা  নিয়ে ডাক্তারের কাছে গেছিলাম, গিয়ে দেখি ডাক্তার নিজেই টাক","চুল ফরার সমইস্যা লই ডাক্তরর এডে গেইলাম, যাই এরে দেই ডাক্তর নিজেই টাক"
"ভালো মানুষ নাকি বেশি দিন বাঁচে না, এটা শোনার পর খুব টেনশনে আছি",বালা মানুষ নাকি বেশিদিন ন বাচে ইয়ান ফুনি টেনশন অত আচি
তোকে ভুলে যাওয়ার জন্য আমি ভালোবাসিনি,তুরে বুলি যাইবর লাই আঁই বাল ন বাসি
"নিজেকে কখনো বেকার ভাববেন না, মনে রাখবেন আপনার শরীরের রক্ত দিয়ে হাজারো মশার সংসার চলে",নিযেরে হনিকাই বেকার ন বাইব্বন মন অত রাইবান শরিরর রক্ত দি আযারও মশার সংসার চলে
বাবু খেয়েছো বলার মানুষটা নেই বলে আজ আমি এতো রোগা,বাবু হায়্যুনে হঁ দে মানুষ ইবা নাই দেই আঁই আযিয়া এত লেডা
"পাশের বাড়ির মেয়েটাকে ভালো লেগেছিল, পরে জানতে পারলাম মেয়েটা ছুটির দিনেও কলেজে যায়",ফাশর বারির মাইফোয়া ইবেরে গম লাইগ্যিল ফরে জানিলাম ইবা চুটির দিনঅত ও কলেজঅত যাই
"আজ আমি রোগা, তাই জন্য মানুষ আমাকে নিয়ে উল্টোপাল্টা সন্দেহ করে",আয আঁই লেডা বলি মানুষ আঁরে লই উল্ডা ফাল্ডা সন্দেহ গরে
কেউ আমার মাকে বলে দিও আমি বিয়ে করবো,হনিকাই আঁর মারে হইদিও আঁই বিয়া গইরগম
হাসতে হাসতে সিগারেট খাওয়া ছেলেটা একদিন কাশতে কাশতে মরে যাবে,আইশত আইশত সিগারেট হাদে ফোয়াইবা এদ্দিন হাইশতে হাইশতে মরি যাইবই
কোনো এক রাতে তুমি আর আমি পাশাপাশি বসে চাঁদ দেখবো,কুনো এক রাতিয়ার এক হনগে বইয়েরে পাশাপাশি চাঁদ দেক্কুম
আপনাদের কি শুক্রবার সকালে সময় হবে?,অনরার কি শুক্কুরবার বেইন্না সময় অইবো নে?
যদি আমি ভুল করি তাহলে আমাকে দয়া করে শুধরে দিবেন,যদি আঁই বুল গরি তইলে দয়া গরি আঁরে শুদরাই দিয়ন
আমি কি শুধু একটা জিনিস বলতে পারি দয়া করে?,আঁই কি দয়া গরি শুদু এক্কান জিনিস হইত ফারি?
আপনার কোনো প্রশ্ন আছে?,অনর কি হনো ফ্রশ্ন আচে নে
একটা কথাও আর বলবে না,আর এক্কান হতাও ন হইবা
আপনারা যারা আমাকে এখনো চিনেন না,অনরা যারা আঁরে এইযো ন চিনন
তিনি আমার সাথে দেখা করলেন,ইবা আঁর ফোয়ারে দেহা গইরগে
আমি পাঁচ বছর চাকরি করেছিলাম,আঁই পাঁচ বচর চ অরি গইরগিলাম
আমার কিন্তু সোভিয়েত দেশ ভালো লাগত,আঁর কিন্তু সোবিয়েত দেশ গম লাগিতো
অনেকগুলো রাশিয়ান শব্দ শিখেছিলাম,বউত রাশিয়ান শব্দ শিক্কিলাম
হঠাৎ শীত করে উঠল আমার,আতিক্কা আত্তুন শিত গরি উইট্টিল
বিছানায় শুয়ে টিভি দেখছিলাম,বিচানাত লুডি টিবি দেইক্কিলাম
"কিছু মনে করবেন না, আপনাকে একটা কথা বলব ?","কিচু মনে ন গইরগন, অনরে এক্কান হতা হয়্যুম নে ?"
আমরাই কিছু বুঝতাম না,আঁরাই কিচু ন বুইজতাম
সে রকম বাজে ছেলের পাল্লায় পড়লে সর্বনাশ হয়ে যেত,ইতার নান বাযে ফোয়ার ফাল্লাত ফইরলে সর্বনাশ অই যাইতো
একটি ছোট্ট গ্রামে একজন মেয়ে ছিল,গুরিচ্চাইন্না এক্কান গেরামত ওজ্ঞা মাইফোয়া আচিল
মেয়েটির একজন ভালো বন্ধু ছিল,মাইফোয়া ইবার ওজ্ঞা বালা বন্দু আচিল
তাঁদের প্রতিদিন একসাথে খেলা করতে পছন্দ ছিল,তারার ফত্তিন এক্কোফোয়ারে কেলা হন ফচন্দ আচিল
আমরা সেখানে অনেক মজা করব,আঁরা এডে বউত মজা গইরগম
তারা একটি দূর পাহাড়ের দিকে যাবার পথে একটি পুকুর দেখল,ইতারা দুরে ওজ্ঞা ফাআরর ইক্কা যাইবার ফতত ওজ্ঞা ফইর দেইক্কে
পুকুরে খুবই সুন্দর একটি পাখি দেখতে পেলো,ফইরত কুব সুন্দর ওজ্ঞা ফাকি দেইক্কে
আমরা তো পাখির মতো উড়তে পারিনা,আঁরা ত ফাকির নান উরিত ন ফারি
আমার দাঁত অনেক ব্যথা  করছে,আঁর দাতে বউত বেতা গরের
আমার মাথা অনেক ব্যথা  করছে,আঁত্তুন বউত মাতা হরার
সোহাগ নামক একটি ছেলে ছিল,সোহাগ নামর ওজ্ঞা ফোয়া আচিল
হাজারো স্মৃতি জড়িয়ে আছে এই গানের মধ্যে,আযার সৃতি বেরাই আচে এ গানর মাযে
এখন আমি কত বড় হয়ে গেছি,এহন আঁই হত্ত বর অই গেইয়্যি গই
এখন আবার একটা মেয়েকে অনেক ভালবাসি,এহম আবার ওজ্ঞা মাইফোয়ারে বউত বালোবাসি
কান্না এসে যায় এই গান শুনলে,হান্দানি আই যা গই গান ইবা ফুনিলে
জীবন থেকে কি করে এত তাড়াতাড়ি দিনগুলো কেঁটে গেল হিসাব মিলাতে পারিনা,যিবনতত্তুন কেন গরি এত তারাতারি দিন্নুন হাডি গেয়্যুই ইসাব মিলাইত ন ফারির
ভালোবাসা মানে তো মানুষের জীবন,বালবাসা মানে ত মানুষর জিবন
এই ভালোবাসা না থাকলে মানুষের জীবনের সুখের আশা করাটাই ভুল,এই বালবাসা ন তাহিলে মানুষর জিবনত সুক অর আশা গরা আন ইই বুল
কোন কিছুই খুব সহজে হারিয়ে যায় না,হনোকিচুই সহজে আযি ন যাগই
গল্পের কথা যখনই আসে তখনই আমাদের শিশুদের কথা মনে পড়ে,গল্ফর হতা যেত্তে আইয়্যে এত্তেই আঁরার গুরা ফোয়াওক্কল অর হতা মনোত ফরে
শিশুরা প্রধানত গল্প শুনতে খুব ভালোবাসে,গুরা ফোয়াওক্কল ফ্রদানত কিচ্চা ফুইন্তো বর বালবাসে
আমার মনে হয় আমাদের এখানে শেষ করা উচিত,আঁর মনো অই আঁরার এডে শেষ গরা উচিত
"যদি সময় পাওয়া যায়, আমরা আরো দেখবো",যদি সময় তাকে আঁরা আরো দেইক্কোম
আপনার সাথে দেখা হয়ে আসলেই খুব ভালো লাগলো,অনর ফোয়ারে দেহা অই আসলেই কুব গম লাইজ্ঞে
আমাকে এখন ঘুমাতে দিন,আঁরে এহন গুম যাইত দন
আমি আপনার সাথে পরে দেখা করব,আঁই অনর লই ফরে দেহা গইরগম
চলো পড়াশুনা করি,চলো ফরাশোনা গরি
চলো একটা বিরতি নেই,চলো এক্কান বিরতি লই
চলো বিশ্রাম নেয়া যাক,চলো বিশ্রাম লই
আমি কি দয়া করে এখানে আসতে পারি?,আঁই কি দয়া গরি এডে আইত ফাইরগম নে?
"যেহেতু সবাই এখানে আছে, আমাদের শুরু করা উচিত এখন",যেহেতু বেজ্ঞুন এডে আচে আঁরার শুরু গরা উচিত
আমরা এখানে আছি আলোচনা করার জন্য,আঁরা এডে আচি আলোচনা গরিবর লাই
আমরা এখানে আজ উপস্থিত আছি কথা বলার জন্য,আঁরা এডে আযিয়া উফস্তিত আচি হতা হইবার লাই
আপনি কি বাংলা সিনেমা দেখতে ভালোবাসেন?,অনে কি বাংলা চিনেমা চাইতো বালবাসন নে?
আমি আপনাকে ধন্যবাদ জানাতে চাই,আঁই অনরে দইন্যবাদ জানাতাম চাই
আপনার জন্মদিন কবে?,অনর জন্মদিন হত্তে?
আপনি কি এখানে থাকতে পারেন?,অনে কি এডে তাকিত ফারিবান নে?
আপনি কি কথা বলতে পারেন ইংরেজিতে?,অনে কি ইংরেজিত হতা হইত ফারোন নে?
আপনি কি এই প্রশ্নের জবাব দিতে পারবেন?,অনে কি ফ্রশ্ন ইবার জবাব দিত ফারিবান নে?
আমি আপনার জন্য অপেক্ষা করছি,আঁই অনর লাই আফেক্কা গরির
আপনি কি বাংলা নাটক দেখতে পারেন?,অনে কি বাংলা নাটক দেইত ফার অন?
আপনি কি কোনো কবিতা লিখতে পারেন?,অনে কি হনো বাংলা কবিতা লেকিত ফার অন?
আপনি কি এই বইটি পড়তে পারেন?,অনে কি এই বইওয়া ফরিত ফার অন?
আপনি কি কোনো গানে নাচতে পারেন?,অনে কি হনো গান অত নাচিত ফার অন?
তুই কি এই বইটি পড়তে পারিস?,তুই কি এই বইওয়া ফরিত ফার অস নে?
তুই আমার সঙ্গে একটি গান গাইতে  পারবি?,তুই আঁর ফোয়ারে ওজ্ঞা গান গাইত ফারিবি নে?
তুই আমার পাশে থাকতে চাস ?,তুই আঁর ডাহদ্দি তাইক্তো চস নেম?
তুই কি এই সিনেমা দেখতে চাস ?,তুই কি চিনেমাইবা চাইত চস নে?
তুই আমার জন্য কী ভালোবাসতে পারবি?,তুই আঁর লাই কি বালবাসিত ফারিবি নে?
তুই কি কখনো বাংলাদেশে ঘুরতে গিয়েছিলি?,তুই কি হনো অত্তে বাংলাদেশ গুইরতো গেইলি নে?
তুই আমার জন্য কোনো সুন্দর উপহার কিনতে পারবি?,তুই আঁর লাই হনো সুন্দর উফার কিনিত ফারিবি নে?
তুই কি এই গানটি শুনতে ভালোবাসবি?,তুই কি গান ইবা ফুইন্তে বালবাসিবি?
তুই কি কখনো কবিতা লিখতে পারিস?,তুই কি হনো অত্তে কবিতা লেকিত ফার অস নে?
তুই আমার সঙ্গে কী ছবি তোলতে পারবি?,তুই আঁর ফোয়ারে এক্কান চবি তুলিত ফারিবি নে?
তুই আমার কাছে এসব কিছু শিখতে চাস ?,তুই আঁর হাচে এগিন শিক্ত চস নে?
তুই কি আমার জন্য কিছু লিখতে পারবি?,তুই কি আঁর লাই কিচু লেকিত ফারিবি নে?
তুই কি আমার সঙ্গে বাংলায় কথা বলতে পারবি?,তুই কি আঁর ফোয়ারে বাংলাত হতা হইত ফারিবি নে?
তুই কি এই স্কুলে পড়তে আসতে চাস ?,তুই কি স্কুল ইয়ানত ফইরতো আইতো চস নে?
রোনালদো ভালোবাসার চেয়েও বেশি কিছু,রোনালদো বালাবাসার চেয়েও বউত বেশি কিচু
আমরা মেসিকে ঘৃণা করি না,আঁরা মেসিরে গৃনা ন গরি
আমি ফুটবলের বিশ্বকাপ দেখতে যাচ্ছি,আঁই ফুটবল বিশ্বকাফ চাইতো যাইর
ফুটবল আমার প্রিয় খেলা,ফুটবল আঁর ফ্রিয় কেলা
আমি ফুটবল খেলতে ভালোবাসি,আঁই ফুটবল কেইলত বালবাসি
কলকাতা মোহনবাগানের ফুটবল দল অনেক জনপ্রিয়,হলহাতার মোহনবাগানঅর ফুটবল দল বউত যনফ্রিয়
আমি ফুটবল খেলতে আমার বন্ধুদের সঙ্গে যাচ্ছি,আঁই ফুটবল কেইলতো আঁর বন্দুওক্কলর ফোয়ারে যাইর
আমার পছন্দের ফুটবল খেলোয়াড় লিওনেল মেসি,আঁর পচন্দর ফুটবল কেলোয়ার লিওনেল মেসি
আমার বন্ধুরা সপ্তাহের মধ্যে দুইটি ফুটবল ম্যাচ খেলতে পারে,আঁর বন্দুওক্কল সপ্তাই দুইয়্যান ফুটবল মেচ কেলিত ফারে
আমি ফুটবল খেলার জন্য প্রস্তুত,আঁই ফুটবল কেলার লাই ফ্রস্তুত
আমার পছন্দের ফুটবল দল আর্জেন্টিনা,আঁর পচন্দর ফুটবল দল আর্জেন্টিনা
ফুটবল ম্যাচে বিশ্বকাপ জয় করেছে ফ্রান্স,ফুটবল মেচঅত বিশ্বকাফ জিয় গইরগে ফ্রান্স
আমি ফুটবলে একটি গোল করেছি,আঁই ফুটবলত ওজ্ঞা গোল গইরগি
ফুটবল খেলা আমার জীবনের অংশ,ফুটবল কেলা আঁর যিবনঅর অংশ
আমি প্রতিদিন ফুটবল খেলতে যাই,আঁই ফত্তিন ফুটবল কেলা হাইতো যাই
বার্সেলোনা  ফুটবল ক্লাব খুব জনপ্রিয়,বার্সেলোনা ফুটবল ক্লাব কুব যনফ্রিয়
আমি ফুটবল ম্যাচ দেখতে খুব ভালোবাসি,আঁই ফুটবল মেচ দেইক্তো কুব বালবাসি
বাংলাদেশের জনপ্রিয় ফুটবলারগুলি অনেক উচ্চ মানের খেলোয়াড়,বাংলাদেশঅর যনফ্রিয় ফুটবলার ওক্কল বউত উচ্চমানর কেলোয়ার
ফুটবল খেলার সময় আমি আনন্দ পাই,ফুটবল কেলারসত আঁই আনন্দ ফাই
আমি ফুটবল ম্যাচগুলি দেখতে ভালোবাসি,আঁই ফুটবল মেচ্চিন দেইক্তো বালবাসি
আমি ফুটবল ম্যাচে উপস্থিত হতে চাই,আঁই ফুটবল মেচত উফস্তিত অইত চাই
ব্রাজিল ফুটবল দল বিশ্বসেরা,ব্রাজিল ফুটবল দল বিশ্ব সেরা
আমি ব্রাজিল ফুটবল দলকে সমর্থন করি,আঁই ব্রাজিল ফুটবল দলরে সমর্তন গরি
ব্রাজিল ফুটবল দল একটি শক্তিশালী দল,ব্রাজিল ফুটবলত একজ্ঞো শক্তিশালী দল 
ব্রাজিল ফুটবল দল বিশ্বকাপ চ্যাম্পিয়ন,ব্রাজিল ফুটবল দল বিশ্বকাফ চ্যাম্পিয়ন
আমি আর্জেন্টিনা ফুটবল দলকে সমর্থন করি,আঁই আর্জেন্টিনা ফুটবল দলরে সমর্তন গরি
আমি বাংলাদেশ ক্রিকেট দলকে সমর্থন করি,আঁই বাংলাদেশ ক্রিকেট দলরে সমর্তন গরি
বাংলাদেশ ক্রিকেট দল শক্তিশালী দলের মধ্যে একটি,বাংলাদেশ ক্রিকেট দল শক্তিশালি দল্লিনঅর মদ্ধে এক্কান
মেঘনা নদী বাংলাদেশের একটি প্রধান নদী,মেগনা বাংলাদেশঅর এক্কান ফ্রদান নদি
নীল নদী আফ্রিকার প্রধান নদীর একটি,নিল নদ আফ্রিকার ফ্রদান নদির এক্কান
নীল আকাশের নিচে তোমার হাত ধরে হেঁটে যেতে  চাই,নিল আসসান অর নিচে তোঁয়ার আত দরি আইটত চায়
তোমার সাথে নীল আকাশের নিচে বসে গল্প করতে চাই,তোঁয়ার ফোয়ারে নিল আসসান অর নিচে বই গল্ফ গইরতো চায়
আমাজন নদী দুনিয়ার সবচেয়ে বড় নদী হিসাবে পরিচিত,আমাযন নদি দুনিয়ার বেজ্ঞুনরতুন বরা ডর নদি
আকাশের নীল রঙটি অসাধারণ,আস্সান অর নিল রং ইবা অসাদারন
আকাশে তারাগুলি আমাদেরকে আশা দেয়,আস্সান অর তারাগুন আঁরারে আশা দে
আকাশে মেঘের কারণে বৃষ্টি পড়ে,আসসানে মিয়ালার লাই যর ফরের
মাছগুলি পানির মধ্যে সুন্দর,মাচ্চুন ফানির মাযে সুন্দর
তুমি এখানে থাকলে আমি খুশি,তুঁই এডে তাকিলে আঁই কুশি
আমি সকালে ঘুমিয়ে উঠি,আঁই বেইন্না গুম যাই উডি
আমার লাল রঙের গাড়িটি গতকাল চুরি হয়ে গেছে,আঁর লাল রং অর গারিয়ান গত হালিয়া চুরি অইয়্যে
আমার বাসায়  গতকাল রাতে চুরি হয়েছে,আঁর গর অত গতহালিয়া রাইত অত চুরি অইয়্যে
আমার গাড়ির রঙ হলো লাল,আঁর গারির রং হালা
সহজ ভাষায় কথা বলা উচিত,সহয বাসাত হতা হওয়া উচিত
আমি আপনার সঙ্গে আছি,আঁই অনর ফোয়ারে আচু
আমার আব্বু বিদেশে থাকে,আঁর আব্বু বিদেশ তাকে
আমার ছোটো ভাই দুই মাস পর বিদেশে পড়ালেখা করতে যাবে,আঁর চোড ভাই দুইমাস ফর বিদেশত ফরালেহা গইরতো যাইবো
আমার বড় বোন আমাকে অনেক ভালবাসে,আঁর বরবইন আঁরে বউত বালবাসে
আমার বড় বোনকে আমি অনেক ভালবাসি,আঁর বর বইনকে আই বউত বালবাসি
আপনার বড় বোনের কি বিয়ে হয়ে গেছে ?,অনর বর বইনর কি বিয়া অই গেইয়্যুয় নে?
তোর বড় ভাইয়ের নাম কি ?,তোর বর বাইয়ের নাম কি
তোর বড় ভাইয়ের সাথে আমার বিয়ে হওয়ার  কথা চলতাসে,তোর বর বাইয়ের ফোয়ারে আঁর বিয়ার হতা চলের
বিদেশে ঘুরতে যাওয়া আমার স্বপ্ন,বিদেশ অত গুইরতো যাওয়া আঁর সপ্ন
আমি কখনই তোমাকে ভুলবো না,আঁই হন অত্তে তোঁয়ারে ন বুইল্লম
তুমি আমার জীবনের আলো,তুঁই আঁর যিবনর আলো
সকালে পড়াশোনা করা ভালো উপায়,বেইন্না ফরাশুনা গরা বালা
পরীক্ষার জন্য সকালে পড়াশোনা করা ভালো হয়,ফরিক্কার লাই বেইন্না ফরাশোনা গরা বালো
সকালে পড়াশোনা করে প্রতিদিন শুরু করা ভালো হয়,বেইন্না ফরাশুনা গরি ফত্তিন শুরু গরা গম
সকালে পড়াশোনা করে আমি আরামে মনোযোগ দিতে পারি,বেইন্না ফরাশুনা গরি আঁই আরাম গরি মনোযোগ দিত ফারি
সকালের শুরুতেই পড়াশোনা শুরু করা ভালো,বেইন্না ফ-য-রত ফরাশোনা শুরা গরা বালো
অনেকদিন আগে এক গ্রামে এক টুপি বিক্রেতা ছিলেন,বউদ্দিন আগে এক গেরামঅত এক টুফিওয়ালা আচিল
তিনি একদিন পাশের গ্রামে গিয়ে টুপি বিক্রি করছিলেন,ইবা একদিন পাশর গেরাম অত যাই টুফি বেচের
তিনি রাস্তা দিয়ে তার গ্রামের দিকে ফিরছিলেন,ইবা রাস্তা দি তার গেরাম অর ইক্কা ফিরের
সেই সময় পাশ দিয়ে এক শিয়াল যাচ্ছিল,এত্তে ডাহদ্দি ওজ্ঞা ইয়াল যার
আমাকে সেখানে নিয়ে চলো,আঁরে এডে লই য
এরপর থেকে তারা দুজনই সবজি বাগানে গিয়ে পেট ভরে খাবার খেতো,এরফর অইতে ইতারা দুইজন সব্জি বাগানত যায় এরে ফেট বরি হানা হাইতো
এখন তুমি গান গাইতে পারবে না,এহন তুঁই গান গাইত ন ফারিবা
আমি গান গাইতে চাই,আঁই গান গাইতো চাই
এখন যদি তুমি গান গাও তবে চাষী শুনতে পাবে,এহন যদি তুঁই গান গ তইলে চাষি ফুনিবো
একদিন নদীর ধারে একটি গাছে কাঠ কাটার সময় তার কুড়ালটি নদীর জলের মধ্যে পড়ে যায়,এদ্দিন নদীর দারোত ওজ্ঞা গাচঅত দারগোয়া হাডিবার সময় তার কুরইল্লান নদির ফানির মাযে ফইরগই
আমার নীল আকাশ দেখতে অনেক ভালো লাগে,আঁত্তুন নিল আসসান চাইতো গম লাগে
তোমার কি নীল আকাশ দেখতে ভালো লাগে ?,তোঁয়ার কি নিল আসসান চাইতো গম লাগে নে?
আমার পরীক্ষা দিতে একদমই ভালো  লাগে না,আঁত্তুন ফরিক্কা দিতো এব্বেরেও গম ন লাগে
আপনার কি পরীক্ষা দিতে ভালো  লাগে ?,অনরতুন কি ফরিক্কা দিতে গম লাগে নে
আপনি কেমন আছেন?,অনে কেন আচন
আমি ভালো আছি,আঁই গম আচি
কী করছেন আপনি এখন?,কি গরন দে অনে এহন
আমি একটি বই পড়ছি,আঁই ওজ্ঞা বই ফরির
আপনি কী অন্যান্য বই পড়েছেন?,অনে কি অন্যান্য বই ফরন নে
তুমি কি সরকারি চাকরি করছো?,তুঁই কি সরকারি চঅরি গরর দে নে
আমি একজন সরকারি কর্মকর্তা,আঁই একযন সরকারি কর্মকর্তা
তুমি কি চাকরি করছো?,তুঁই কি চ অরি গরর দে নে
আমি একজন প্রফেশনাল ব্লগার হয়ে কাজ করছি,আঁই একযন ফ্রফেশনাল ব্লগার হিসাবে হায গরির
তুমি কোথায় চাকরি করছো?,তুঁই হডে চ অরি গরর দে
দূরে কোথাও যেখানে কেউ নেই ,দুরে হনোমিক্কা যেডে হনকিয়াই নেই
আমি কেন সবসময় কষ্ট পাই?,আঁই কা এগাযা হস্ট ফাই?
আমার ভালোবাসায় কম কি ছিলো ?,আঁর বালোবাসায় হম কি আচিল
তারা তিন ভাই ছিল কিন্তু তাদের মদ্ধে মিল ছিলো না,ইতারা তিন বাই আচিল কিন্তু তারার মাযে মিল ন আচিল
আপনি আমার সাথে এভাবে কথা বলতে পারেন না,অনে আঁর লই এন গরি হতা হইত ন ফারঅন
আপনি  অনেক ভালো মানুষ ,অনে বউত বালা মানুষ
আমরা ঢাকায় থাকি ,আঁরা ডাহা তাকি
আমি ঢাকার মিরপুরে  থাকি ,আঁই ডাহার মিরফুর তাকি
আমি তার চোথের মায়ায় পড়েছি ,আঁই ইবার চকোর মায়াত ফইরগি
তার হাসি অনেক সুন্দর,ইবার আসি বউত সুন্দর
সে তার পরিবারকে ভালবাসে ,ইবা ইবার ফরিবার অরে বালবাসে
তার জন্য আমি সব কিছু করতে পারি ,এবার লাই আঁই বেজ্ঞিন গরিত ফারি
আমি তাকে ভালবাসি ,আঁই ইবারে বালবাসি
তার চুলগুলি অনেক লম্বা,ইবার চুল্লিন বউত লম্বা
তাকে কাজল দিলে অনেক ভালো লাগে,ইবারে হাযল দিলে বউত বালা লাগে
তুমি কি আমায় ভালোবাসো না? ,তুঁই কি আঁরে বালা ন বাসো?
তুমি বুঝো না কেন ?,তুঁই ন কা বুযো
সে গান গাইতে পছন্দ করে ,ইবা গান গাইতো ফচন্দ গরে
সে যেই মেয়েটিকে ভালবাসে ওই মেয়েটি ঢাকায় থাকে,ইতে যে মাইফোয়া ওয়ারে বালাবাসে মাইফোয়া এবা ডাহা তাকে
আপনি যেই ছেলেকে ভালবাসেন সেই ছেলেটি কি আপনাকে ভালবাসে ?,অনে যে ফোয়ারে বালবাসোন ফোয়াইবা কি অনোরে বালবাসেনে?
সে একটি গাড়ি চুরি করেছে,ইতে এক্কান গারি চুরি গইরগে
আমি তোমার সাথে পৃথিবী ঘুরে আসতে চাই ,আঁই তোয়াঁর ফোয়ারে পিতিবি গুরি আইতো চাই
কিন্তু আমিতো তোমার সাথে যাবো না ,কিন্তু আঁই ত তোঁয়ার ফোয়ারে ন যাইয়্যুম
তোমার কথা শুনে খুব ভালো লাগলো ,তোঁয়ার হতা ফুনি কুব গম লাইজ্ঞে
তোমার ভালো না লাগলে কিছু করার নাই ,তোঁয়াত্তুন গম ন লাগিলে কিচু গরার নাই
ছবি তোলার পর আমাকে কেমন লাগে? ,চবি তোলার ফর আঁরে কেন লাগে
আমি আজকে অনেকদিন পর তার সাথে কথা বলেছি,আঁই আযিয়া বউদ্দিন ফর ইবার লই হতা হইয়্যি
সে দেখতে অনেক সুন্দর ,ইবা দেইক্তে বউত সুন্দর
কিন্তু সৌন্দর্যই সবকিছু না,কিন্তু সুন্দইর্যই বেজ্ঞিন নই
তার চোখ হরিণের মতো,ইবার চোক অরিনর নান
একটা মেয়ে আর একটা ছেলে একসাথে খেলছে,ওজ্ঞা মাইয়্যা আর ওজ্ঞা ফোয়া এক্কোফোয়ারে কেলা হার
কালো কুকুরটা ঘাসের মধ্যে দিয়ে ছুটছে,হালা কুত্তাইবা কেরঅর মাযে দুরের
একটা কালো কুকুর ঘাসের মধ্যে দৌড়াচ্ছে,ওজ্ঞা হালা কুত্তা কের অর মাযে দুরের
একটি ছোট কালো কুকুর ঘাসে মধ্যে শুয়ে আছে,ওজ্ঞা গুরা কালা কুত্তা কের অর মযে লুডি তাইক্কে
একদল মহিলা রাস্তায় হাঁটছে,একগাট্টি বেডিওক্কল রাস্তাত আডের
দরজার কাছে দুইজন বসে গিটার বাজাচ্ছে,দর্জার হাচে বই দুইজন গিটার বাজার
ফুটপাতে একসঙ্গে হাঁটছেন তিন মহিলা,ফুটফাতোত এক্কোফোয়ারে তিনযন বেডি আডের
আম্মুর জন্য বেশি খারাপ লাগছে,আম্মুর লাই বেশি ফেট ফূরের
আমাদের পরিবারে  আম্মুর অবদানই বেশি বলে আমি মনে করি,আঁরার ফরিবারোত আম্মুর আবদানই বেশি বলিবাঁই মনো গরি
তোমাদের জন্য কিছু করতে তো পারলামই না উল্টো পরিবারকে  শেষ করলাম,তোঁয়ারার লাই তো কিচু গরিত্ ন পারি উল্ডা ফরিবারগানেরে শেষ গইরগি
"সবসময় ভয়ে ভয়ে থাকতাম, গলা দিয়ে খাবার নামতো না","এগাযা ডরে ডরে তাকিতাম, গলাদি হানা ন নামিতো"
শেষ করলাম সবকিছু,শেষ গরি দিইয়্যি বেজ্ঞিন
"যদিও ক্ষমার যোগ্য না আমি, পারলে ক্ষমা করে দিয়েন",যদিও আঁই কমার যোগ্য নই ফাইরলে কমা গরি দি অন
আপনাদের অযোগ্য সন্তান,অঁনোরার অযোগ্য ফোয়া
আল্লাহ রহমতের বৃষ্টি দাও,আল্লা রঅমোতর‍ যর দ
বৃষ্টির জন্য ঢাকায় কোথাও নামাজ পড়া হবে কি ?,যরর লাই ডাহা হনোমিক্কা নোয়ায ফরা অইবো নে
পানির জন্য হাহাকার আর ভালো লাগছে না,ফানির কাই হাহাকার আর বালা ন লার
উত্তরাতে আমাদের ভবনে  কোনোভাবেই পানি পাচ্ছি না আমরা,উত্তরাত আঁরার ববনত হনোবাবেই ফানি ন ফাইর
শুধু এক গাড়ি পানি হলেও ২টা দিন চলা যেতো,শুদু এগ্গারি ফানি অইলেও দুওয়া দিন চলা যাইত
কোনোভাবেই ওয়াসা পানি দিচ্ছে না,হনোবাবেই ওয়াসা ফানি ন দের
কি করতে পারি বলুন এখন?,কি গরিত ফারি হন এহন
বিদ্যুৎ ছাড়া না হয় থাকা যায় কিন্তু পানি ছাড়া কিভাবে থাকে মানুষ,কারোম চারা না অয় তাহা যায় কিন্তু ফানি চারা কেনে তাকে মানুষ
আজকে জুম্মার দিন ,আযিয়া জুমার দিন
আমি শুক্রবার অনেক সকালে উঠি ,আঁই শুক্কুরবার চঅরে চঅরে ঊডি
সে অনেক বেলা করে ঘুমায় ,ইতে বউত বেলা গরি গুমযাই
সে আমাকে একটি উপহার দিয়েছে ,ইতে আঁরে ওজ্ঞা উফার দিয়্যে
আজকে আমার জন্মদিন ,আযিয়া আঁর জন্মদিন
আমার বয়স বেশি না,আঁর বয়স বেশি ন
তার চেয়ে আমি দেখতে সুন্দর ,ইবারতুন বেরা আঁই দেইকতে সুন্দর
এইবার কুরবানিতে লাল গরু কিনবো ,এইবার কুরবানিত লাল গরু কিন্নোম
সবকিছু একসাথে করা সম্ভব না ,বেজ্ঞিন এক্কোফোয়ারে গরা সম্বব নই
তুমি বিয়ে করছো না কেন?,তুঁই বিয়া কা ন গরর
ভালো মেয়ে পাচ্ছি না ,বালা মাইফোয়া ন ফাইর
ঘড়িতে কয়টা বাজে? ,গরিত হটা বাযের
আজকে দুপুরে আমাদের দাওয়াত আছে ,আযিয়া দুইরগা আঁরার দঅত আচে
সবাই কেমন আছো?,বেজ্ঞুন কেন আচো
আজকে কত তারিখ?,আযিয়া হত তারিক
মন ভালো করতে তোমরা কি কর?,মন বালা গরি বিল্লাই তোঁয়ারা কি গরো
আমি মাঝেমধ্যে গান শুনি,আঁই মাযেমদ্যে গান ফুনি
আজকাল পড়াশোনার চাপ অনেক বেশি,আইযহাল ফরাশোনার চাপ বউত বেশি
তোমরা কি গল্পের বই পড়তে পছন্দ কর?,তোঁয়ারা কি গল্ফর বই ফইরতো পচন্দ গরো নে?
তোমাদের প্রিয় লেখক কে ?,তোঁয়ারার ফ্রিয় লেকক হন
আমার প্রিয় লেখক হুমায়ুন আহমেদ,আঁর ফ্রিয় লেকক হুমায়ুন আহমেদ
ফুটবলে তোমাদের প্রিয় দল কোনটি?,ফুটবলত তোঁয়ারার প্রিয় দল হন্নান?
ব্রাজিল ফুটবলের সেরা দল,ব্রাযিল ফূটবুলঅর সেরা দল
শুক্র এবং শনি সাপ্তাহিক ছুটির দিন,শুক্কুর আর শনিবার সাপ্তাহিক চুটির দিন
রবিবার থেকে আমাদের বিশ্ববিদ্যালয় ক্লাস শুরু,রইবার অত্তুন আঁরার বিশ্ববিদ্যালয় ক্লাস শুরু
তুমি ঢাকার কোথায় থাকো?,তুঁই ডাহাত হডে তাকো?
তোমাদের গ্রামের বাড়ি কোথায়?,তোঁয়ারার গ্রামর বারি হডে?
তুমি কি সাঁতার জানো?,তুঁই কি আঁচুরিত যানোনে?
তুমি কোন ক্লাসে পড়ো?,তুঁই হন ক্লাসত ফরো?
বাংলাদেশের প্রধানমন্ত্রীর নাম কি?,বাংলাদেশঅর ফ্রদানমন্ত্রির নাম কি?
বাংলাদেশের বর্তমান প্রধানমন্ত্রী শেখ হাসিনা,বাংলাদেশঅর বর্তমান ফ্রদানমন্ত্রি শেক হাসিনা
অনেক বড়লোক হতে চাই,বউত ডঅরমানুষ অইত চায়
তুমি কোন বিষয় পড়াশোনা করছো?,তুঁই হোন বিষয়ে ফন্না ফরঅর?
বাহিরে প্রচুর গরম পড়েছে,বাইরে ফ্রচুর গরম ফরের
আজকে সারাদিন বৃষ্টি হয়েছে,আযিয়া আরাদিন যর ফরের
ফেসবুক একটি জনপ্রিয় যোগাযোগ মাধ্যম,ফেসবুক এক্কান যনোপ্রিয় যোগাযোগ মাধ্যম
জীবনে উন্নতি করতে গেলে অনেক সময় অনেক বাঁধার সম্মুখীন হতে হয়,যিবনঅত উন্নতি গইর ত গেইলে বউত সময় বউত বাঁদার মুঁকে ফরা ফরে
সকল বাধা পেরিয়ে জীবনে সফল হতে হবে,বেজ্ঞিন বাঁদা ফারঅই যিবনত সফল অওয়া ফরিব
আমি চা খেতে পছন্দ করি,আঁই চা হাইতো পচন্দ গরি
তাের বইটা কি আমাকে দিতে পারিস? ,তাহের বইওয়া কি আঁরে দিত ফারিবি নি?
তােকে ধন্যবাদ এমন ভালাে একটি বইয়ের খোজ দেওয়ার জন্য,তাহেররে দন্যবাদ এন বালা ওজ্ঞা বইওর কোয দিবার লাই
অসাধারণ একটি বই পড়েছি,অসাদারন অজ্ঞা বই ফইরগি
এবারের ছুটিতে কক্সবাজার যাবো,এবারর চুটিত হাস্যবাজার যাইয়্যুম
আমি আমার গ্রামের বাড়ি যাব ঠিক করেছি ,আঁই আঁর গ্রামর বারিত যাইয়্যুম টিক গইরগি
গ্রামের প্রকৃতি অনেক সুন্দর,গ্রামর ফ্রকিতি বউত সুন্দর
নদীর দুপাড়ের মনোরম দৃশ্যে চোখ জুড়িয়ে যায় ,নদির দুই ফারর মনোরম দৃশ্যে চোক যুরায় যায়
তোমার মূল্যবান বক্তব্যের জন্য তোমাকে অনেক ধন্যবাদ ,তোঁয়ার মূল্যবান বক্তব্যর লাই তোঁআরে দন্যবাদ
তোমাদের সকলের দোয়া চাই,তোঁয়ারার বেজ্ঞুনর দোয়া চাই
সময় যেন আজ আর কাটছেই না ,সময় যেন আযিয়া ন অদ্দো হাডের
ছোটোবেলা থেকেই আমার সাইকেল চালানোর অভ্যাস,গুরা তাইক্তে লতি আঁর সাইরকল চালানোর অব্যাস
স্কুলেও সাইকেল চালিয়ে যেতাম মাঝে মাঝে ,স্কুলত ও সাইরকল চালাই যাইতাম মাযে মাযে
ক্লাসে আজ কিছুতেই মন বসছে না ,ক্লাসত আযিয়া কিচুতেই মন ন বইয়্যের
ছয় ঋতুর দেশ বাংলাদেশ,চ রিতুর দেশ বাংলাদেশ
বিদ্যুৎবিহীন ঘরে মােমবাতি জ্বেলে বসে আছি,কাআরন চারা গর অত মোম্বাত্তি যালাই বই আচি
তােমার বাসায় বিদ্যুৎ থাকতে পারে তাই এদিকে চলে এলাম,তোঁয়ার গর অত কাআরন তাকিত ফারে এতেল্লাই ইক্কা আ গেইয়্যি গই
হঠাৎ করে বিদ্যুৎ চলে গেল,আতিক্কা কাআরন গেইয়্যুই
আধুনিক সভ্যতাকে বিজ্ঞান উপহার দিয়েছে অনেক কিছু,আদুনিক সব্যতারে বিজ্ঞান বউত কিচু উফহার দিয়্যে
কম্পিউটার আধুনিক বিজ্ঞান জগৎকে বিশেষভাবে সহজ করেছে,কম্ফিটার আদুনিক বিজ্ঞান যগতরে গমগরি সহয গরি দিয়ে
বাংলাদেশ গ্রামপ্রধান দেশ,বাংলাদেশ গেরাম প্রদান দেশ
আমাদের গ্রামের জনসংখ্যা প্রায় চার হাজার,আঁরার গেরামর যনসংক্যা ফেরায় চের হাযার
বিড়ালের প্রিয় খাদ্য দুধ,বিলাইর ফ্রিয় হানা দুধ
বিড়াল খুব আরামপ্রিয় প্রাণী,বিলাই বউত আরাম ফ্রিয় ফ্রানি
বাংলাদেশের জনসংখ্যার অর্ধেকই নারী,বাংলাদেশর যনসংখ্যার অদ্দকই নারি
পলিথিনের ব্যবহার মারাত্মক রোগের সৃষ্টি করতে পারে,কিচঅর বেবার মারাত্মক রোগর সৃস্টি গরিত ফারে
ইলিশ আমার প্রিয় মাছ,ইলিশ আঁর ফ্রিয় মাচ
পদ্মার ইলিশ খেতে অনেক সুস্বাদু,ফদ্দার ইলিশ হাইতো বউত সাদ
ব্যস্ত একটি দিন কাটালাম,বেস্ত এক্কান দিন হাডাইয়্যি
রাতের খাবারটি সেরেই ঘুমিয়ে পড়লাম,রাইতর হানা হাইয়্যেরেই গুম গেয়্যিগই
এখন পড়তে বসবো,এহন ফইরত বইসসম
সকলের কাছ থেকে বিদায় নিচ্ছি,বেজ্ঞুনর তুন বিদায় লইর
আবার দেখা হবে,আবার দেহা অইব
বাংলাদেশে বিভিন্ন দুর্যোগপ্রবণ অঞ্চল রয়েছে,বাংলাদেশঅত বিবিন্ন দূর্যোগফ্রবন আঞ্চল আচে
বিষয়টি আসলেই দুশ্চিন্তার,বিষয়য়ান আসলে দুচ্চিন্তার
পড়তে ইচ্ছা করতেসে না আজকে,ফইর ত মনে ন হর আযিয়া
তোমার প্রিয় বিষয় কি? ,তোঁয়ার ফ্রিয় বিষয় কি?
গণিত তোমার কেমন লাগে? ,তোঁয়াত্তুন গণিত কেন লাগে?
আমি পড়াশোনায় কাঁচা ,আঁই ফরাশোনাত কেঁচা
আমাকে সবাই এক নামে চিনে ,আঁরে বেজ্ঞুনে এক নামে চিনে
তুমি কি গিয়েছিলে?,তুঁই কি গেইলা নে?
তোমাার প্রিয় সবজি কি?,তুঁয়ার ফ্রিয় সব্জি কি?
আমার প্রিয় সবজি টোমেটো ,আঁর ফ্রিয় সব্জি টমেটো
চলো একসাথে গান গাই ,চলো এক্কোফোয়ারে গান গাই
চলো একসাথে মাছ ধরি ,চলো এক্কোফোয়ারে মাছ দরি
আপনি আপনার পরিবার সহ আমাদের বাসায় আসবেন ,অনে অনর ফরিবারসহ আঁরার বাসাত আইবান
তুমি কি আমাকে আগে দেখেছো ?,তুঁই কি আঁরে আগে দেইক্কো নে?
আমার সাথে নাচবা? ,আঁর ফোয়ারে নাচিবা নে?
তোমার প্রিয় গান কোনটি ?,তোঁয়ার ফ্রিয় গান হনওয়া?
তোমার প্রিয় গায়ক কে?,তোয়ার ফ্রিয় গায়ক হন?
কালকে ঘুড়ি উরাবো ,হালিয়া গুন্ডি উরাইয়ুম
তুমি কি আমায় ভালবাসো ?,তুঁই কি আঁরে বালবাসো নে?
চলো ঘুড়ি উরাই ,আডো গুন্ডি উরাই
আমি ছোটবেলায় অনেক মেধাবী ছিলাম ,আঁই গুরা তাইক্তে বউত মেধাবী আচিলাম
আমার নৌকায় ঘুরতে অনেক ভালো লাগে,আঁর নৌকাত গুইরতো বউত ভালা লাগে
জেলেরা মাছ ধরছে ,জাইল্লা অক্কল মাচ দরের
আমি আম খাবো ,আঁই আম হাইয়্যুম
আম আমার প্রিয় ফল ,আম আঁর ফ্রিয় ফল
আজকে তোমার ভাইকে দেখলাম ,আযিয়া তোঁয়ার বাইর দেইক্কি
তোমার গানের গলা অনেক ভালো ,তোঁয়ার গানওর গলা বউত বালা
আমি তোমার হাসির প্রেমে পড়েছি,আঁই তোঁয়ার আসির ফ্রেমত ফইরগি
তোমার পরিবারে কে কে আছে? ,তোঁয়ার ফরিবারওত হন হন আচে?
আমি তোমার বাদামী চোখ জোড়া ভালোবাসি,আঁই তোয়ার বাদামী চোখ যোরা বালবাসি
তুমি বিয়ে করবে কতো বছর বয়সে ? ,তুঁই বিয়া গরিবা হতো বছর বয়সত?
ক্রিকেট খেলা তোমার কেমন লাগে? ,ক্রিকেট কেলা তোঁয়ারত্তুন কেন লাগে?
আমার একদমই ভালো লাগে না ,আঁর এফফোডাও গম ন লার
আমার অনেক ভালো লাগে ,আঁর বউত বালা লাগে
তোমার বাবা কি করেন? ,তোঁয়ার বাবা কি গরে?
তোমার ভাই কোথায় চাকরি করেন? ,তোঁয়ার বাই চঁঅরি হডে গরে?
আমি মুরগির মাংস বেশি পছন্দ করি ,আঁই কুরার গোস্ত বেশি পচন্দ গরি
তুমি কি খেতে পছন্দ করো ?,তুঁই কি হাইতো পচন্দ গরো
আমি চিংড়ী মাছ খেতে পছন্দ করি ,আঁই ইচা মাচ হাইতো পচন্দ গরি
আমি তোমার সাথে রাতে সাগর পাড়ে দাঁড়ায় থাকতে চাই ,আঁই তোঁয়ার ফোয়ারে রাতিয়া দইরগার চর অত তিয়ায় তাইক্তো চাই
আজকে তোমায় দেখতে আসবে? ,আযিয়া তোঁয়ারে চাইত আইবো?
না করে দিও ছেলে পক্ষকে ,না গরি দিও ফোয়া পক্ক রে
আমি পারবো না না করতে ,আঁই না গরিত ন পাইরগম
তোমার মনে চাইলে গিয়ে না করো ,তোঁয়াত্তুন মনে হইলে না গরি দ গই
আমাকেে একটা গান শুনাবা? ,আঁরে ওজ্ঞা গান ফুনাইবা?
তুমি কি গল্প লেখো ?,তুঁই কি কিচ্চা লিকো?
চা অথবা কফি কোনটা বেশি পছন্দ ?,চা নাকি কপি হন্নান বেশি পচন্দ ?
আমার কফি বেশি পছন্দ ,আঁর কপি বেশি পচন্দ
আমি তোমায় ভালবাসি ,আঁই তোয়ারে বালবাসি
বৃষ্টির দিনে রিক্সাতে ঘুরতে ভালো লাগে ,যরর দিনত রিস্কাত গুইরতো বালা লাগে
বৃষ্টির দিনে গরম গরম খিচুড়ি আর গরু মাংস খেতে ভালো লাগে,যরর দিনঅত গরম গরম কিচুরি আর গরু গোস্ত হাইত গম লাগে
বৃষ্টির দিনে  চা খেতে ভালো লাগে,যরর দিনঅত চা হাইত গম লাগে
আমি ছবি তুলতে পছন্দ করি ,আঁই চবি তুইলত পচন্দ গরি
আমাকে একটি বই উপহার দিও ,আঁরে ওজ্ঞা বই উফাহর দিও
মানুষ আসলে বড়ই অদ্ভুত,মানষ বাস্তবে বরই অদবুত
আজকে আমি ছাতা আনতে ভুলে গেছি ,আযিয়া আঁই চাতি আইনতো বুলি গেইয়্যি ফেলায়্যি
রাস্তায় আজকে অনেক মানুষ ,রাস্তাত আযিয়া বউত মানুষ
আমার কালো জামা নাই ,আঁর হালা যামা নাই
আমার কালো জামা আছে,আঁর হালা যামা আচে
আমি কী বেশি বিরক্ত করি?,আঁই কি বেশি বিরক্ত গরি?
আমাকেতো আর ভালো লাগবে না,আঁরেতো আর গম ন লাগিবো
আমার সাথে তোমার কোনো সম্পর্ক নাই,আঁর ফোয়ারে তোঁয়ার হনো সম্ফর্ক নাই
আমি তোমাকে চিনি না,আঁই তোয়ারেবন চিনি
তুমি আমার প্রথম বন্ধু,তুঁই আঁর ফ্রতম বন্দু
আজকের আবহাওয়টা অনেক সুন্দর,আযিয়ার আবহাওয়াওয়ান বউত সুন্দর
উনি ভালো মনের মানুষ,ইবা বালো মনের মানুষ
আমরা এতটাও ভালো না,আঁরা এতবর বালা নই
আমার টাকা নাই,আঁর টিঁয়া নাই
শীতের সকাল অনেক সুন্দর,শীতর সকাল বউত সুন্দর
আমার মা আমাকে ভালবাসে,আঁর মা আঁরে বউত বালোবাসে
আমার বন্ধুর বিয়ে আজ,আঁর বন্দুর বিয়া আযিয়া
অল্প সময় ছিলো সে তাতেই মায়ায় পরে আছি,অল্ফ সময় আচিলদি ইবা এতেই মায়ায় ফরি গেইয়্যি
বিয়ের পর তুমি বদলে গেছো,বিয়ার ফর তুঁই ফাল্টি গেইয়্যু
কবিতা পড়তে আমার ভালো লাগে,কবিতা ফইত্ত আঁত্তুন গম লাগে
মেয়ে মানুষ বড়ই অদ্ভুত,মাইফোয়া মানুষ বরই অদ্বুত
আমি কী অনেক মোটা ? ,আঁই কি বেশি মোটা ?
হ্যাঁ তুমি অনেক মোটা ,অ তুঁই বউত মোটা
তুমি কি দেখছো ?,তুঁই কি দেহর নে ?
তোমার দিকে তাকিয়ে আছি ,তোঁয়ার ইক্কা চাই তাক্কি
তোমার সৌন্দর্যোতা দেখছি ,তুঁয়ার সুন্দর্যতা চাইদ্দি
পানির অপর নাম জীবন,ফানির আরেক নাম যীবন
আজ অনেক মজা হল,আযিয়া বউত মযা অইয়্যে
আমার বিয়েতে দাওয়াত রইলো ,আঁর বিয়াত দাওয়াত তাকিলো
সবাই হারিয়ে যায় ,বেজ্ঞুন আযি যা গই
আমার কোনো বন্ধু নেই ,আঁর হ ন বন্দু নাই
এই পৃথিবীতে আমি বড্ড একা ,এই ফিতিবিত আঁই খুব একা
তুমি রান্না করতে পারো ?,তুঁই রাঁদিত যানো নে ?
তোমার হাতের লেখা অনেক সুন্দর ,তোঁয়ার আতর লেহা বউত সুন্দর
আমি গল্পের বই কিনবো ,আঁই গল্ফর বই কিন্নম
আমি আজকে ঢাকায় যাবো ,আঁই আযিয়া ডাহা যাইয়্যুম
ঢাকায় আমার চাকরি হয়েছে ,ডাহাত আঁর চঁঅরি অইয়্যে
চাকরি করতে আর ভালো লাগে না,চঁঅরি গইরত আত্তুন আর গম ন লাগের
মা আমার অনেক যত্ন নেয় ,মা আঁর বঊত যত্ন লয়
আমার মায়ের রান্না অনেক মজার,আঁর মার রাঁদা বউত মযা
বিয়েতে আমার মত নাই ,বিয়াত আঁর মত নাই
পাহাড়ের চূড়ায় উঠতে চাই ,ফা আরর আগাত উইটত চায়
এক পাশে সাগর এক পাশে বালি ,এক ফাশে দইরগা এক ফাশে বালু
তোমার ছেলে অনেক দুষ্টু ,তোঁয়ার ফোয়া বঊত যারগো
কালকে থেকে পড়তে বসবো ,হালিয়াত্তুন ফইত্ত বইস্সম
আমার ঘড়ীটা খুজে পাচ্ছি না ,আঁর গরিওয়া তোয়ায় ন ফাইর
মানুুষ অনেক স্বার্থপর হয় ,মানুষ বউত সার্তফর
কিন্তু কিছু মানুষ অনেক ভালো,কিন্তু কিচু মানুষ বউত বালা
আমি তাদেরই একজন হতে চাই ,আঁই তারার একযন অইত চায়
তোমার পরিবারে কি আমায় মেনে নিবে? ,তোঁয়ার ফরিবার কি আঁরে মানি লইব নে?
তুমি অনেক যত্নশীল ,তুঁই বউত যত্নবান
তোমাদের পরীক্ষা কবে ?,তোঁয়ারার ফরিক্কা হত্তে
খেলার মাঠে আজকে অনেক মানুষ ,কেলার মাডত আযিয়া বউত মানুষ
তুমি ভালো আছো?,তুঁই বালা আচে নে
আমি ভালো নেই ,আঁই বালা নেই
তোমাকে ছাড়া আমি ভালো নেই,তোঁআরে চারা আঁই বালা নেই
বিপদ বলে কয়ে আসে না,বিফদ হইয়েরে ন আইয়্যে
ছেলেটির রাগ অনেক বেশী  ,ফোয়াইবার গোস্সা বেশি
আমি একজন খারাপ মানুষ ,আঁই একযন হারাপ মানুষ
তুমি কি চাও? ,তুঁই কি চ?
তুমি কি চাও আমি চলে যাই?,তুঁই কি চ আঁই যাই গই?
আমি চাই তুমি সবসময় আমার সাথে থাকো,আঁই চাই তুঁই এগাযা আঁর ফোঁয়ারে তাকো
কিন্তু এইটা কোনদিনও সম্ভব না ,কিন্তু ইয়ান হনোদিনো সম্বব ন
তুমি কি বিয়েতে রাজি ?,তুঁই বিয়াত রাযি নে ?
আমি রাজি না ,আঁই রাযি ন
পাখিটা দেখতে সুন্দর ,ফাকিউয়া দেকতে সুন্দর
লাল রঙের শাড়িতে তোমায় ভালো মানাবে ,লাল রংর শাড়িত তোঁয়ারে বালো মানাবোব
নীল রঙ আমার অনেক পছন্দ ,নীল রং আঁর বউত পচন্দ
আমি তোমায় ভালবাসি না,আঁই তোয়াঁরে বালো ন বাসি
কেন ভালোবাসো না আমায় ? ,আঁরে বাল না বাসো কিল্লাই ?
আমার মধ্যে সমস্যা আছে ,আঁর মইদ্দে সমস্যা আচে
আমার মাথা গরম থাকে ,আঁর মাতা গরম তাকে
আমি বদমেজাজি লোক ,আঁই টেরা মানুষ
বেশী কথা আমার পছন্দ না ,বেশি হতা আত্তন পচন্দ নয়
তুমি বোকা একজন মানুষ,তুঁই একযন ডিলা মানুষ
তুমি বেশী কথা বলো,তুঁই বেশি হতা হ
তুমি অল্প কথা বলো ,তুঁই অল্ফ মাতো
আমি আজ সকালে চা খাই নাই,আঁই আযিয়া বেইন্না চা না হাই
আমি আজ সকালে আমার বন্ধুদের সাথে ঘুরতে গিয়েছিলাম,আঁই আযিয়া বেইন্না আঁর বন্দুর লই গুইর ত গেইলাম
আমি আজ সকালে আমার বন্ধুর সাথে ঝগড়া করেছি,আঁই আযিয়া বেইন্না আঁর বন্দুর লই হইজ্জা গইরগি
আমার বন্ধু আমার সব কথা খুবই মনোযোগ দিয়ে শুনে,আঁর বন্দু আঁর বেজ্ঞিন হতা কুব মনোযোগ দি ফুঁনে
আমার বন্ধু হয়ত আমাকে অনেক ভালবাসে,আঁর বন্দু আঁরে বউত বালবাসে ফঁল্লাই
আমার একটি বিড়াল আছে,আঁর উজ্ঞা বিলাই আচে
আমার বিড়ালের নাম মিনু,আঁর বিলায়র নাম মিনু
আমি আমার বিড়ালের সাথে খেলতে অনেক ভালবাসি,আঁই আঁর বিলায়র লই খেলা হাইত বঊত বালবাসি
"এই ১৪ টি বছরে আজও কোন কারনে উনি আমাকে ""তুই"" বলে ডাকেনি ","এই ১৪ বছর লতি আইজো হনো হারনে ইবা আঁরে ""তুই"" হই ন ডাকেনে"
কখনো গায়ে হাত তুলে নি,হনত্তে গাআত আত ন তুলে
লোক দেখানো শেষ?,লোক দেহানো অয় গিয়োই নে?
এত তাড়াতাড়ি শেষ,এতো জলদি শেষ অই গিয়োয়?
বুঝতেছিনা কি করবো আমি,নো বুঝির কি গইজ্জুম
আমার দুই বিয়ে হয়েছে,আর দুইয়ান বিয়া অইয়ে
আমি একজন মেয়ে মানুষ,আই এইজ্ঞো বেডি মানুষ
"আমার দ্বিতীয়  বিয়ে নিয়ে আমার নিজের কাকারা, মামারা খোঁচা মেরে কথা বলে",আর মামারা আর কাকারা দ্বিতীয় বিয়া লই গুতা মারি খতা কো
কিন্তু আজ পর্যন্ত আমার স্বামী আমাকে খোঁচা মেরে কথা বলেনি,মাগার আর জামাই আইজো পর্যন্ত খোচা নো মারে
ভাবছি আপন লোক কি এমনই হয়?,ভাবির দ্দে আফন লোক এরিম্মা ওদে নে?
আমার আপন লোক গুলোই এমন,আর আফন লোক ইন এরিম্মা
আমার আর বাঁচতে ইচ্ছে করেনা জানেন,তুই জানো নে আত্তুন আর বাচিবার ইচ্ছে নো গরে
আমার প্রথম বিয়ে আমাকে জোর করে দেয়,আমার ফইলদ্দা বিয়া জোর গরি দিয়ে
সেখানে ছেলে অনেক কিপটা ছিলো আমি দুইবেলা ভাত খেতে পারতাম না,ওইন্দির ফুয়া ইবা বেশি কিপটা আছিল দে আই দুবেলা ভাত খাইতো নো ফাইত্তাম
দ্বিতীয়  বিয়েতে আমি কল্পনার চেয়েও বেশি সুখী,দ্বিতীয় বিয়াত ইবাই আই কল্পনার তুন বেশি সুখি
এইগুলো দেখেও সবাই না দেখার ভান করে,বেজ্ঞুনে  ইন দেহিয়েরেও নো দেখিবার  ভান গরে
খোঁচা মারার মতো কথা আছেই যে আমার দুই বিয়ে,খোচা মারিবার মতো  হতা আছে দে আর দুই বিয়া
আমার সুখ দেখে আবার তাদের সহ্য হয়না,আর সুখ দেহিয়েরে আবার  ইতারোর সহ্য নো অয়
বিয়ে করার পাঁচ বছর পর এখন আমি স্মার্ট হইসি,বিয়া গরিবার  পাঁচ বছর ফর আই স্মার্ট অয়ই
প্রথম প্রথম বউ এর অনেক প্রশ্নের সঠিক উত্তর দিয়ে বিপদে পড়তাম,ফ্রতম ফ্রতম বউ ওর বউত ফ্রশ্নের টিক উত্তর দিয়েরে বিফদত ফইত্তাম
বিশাল ক্যাচাল লেগে যেতো,বউত বউ কইজ্জা লাগি যাইতো
এরপর ঠিক করলাম তেল মারা উত্তর দিবো,ফরদি টিক গইজ্জি দে তেল মারা উত্তর দিয়ুম
এতে ও লাভ হলো না,ইবাতো লাভ নো অয়
ক্যাচাল থামলো না,কইজ্জা নো তামে
হালকা পাতলা লাভ হচ্ছে,এক্কানা এক্কাণা লাভ অর
"বউ খাবার সময় বেশ হাসি মুখে বল্লো, রান্না কেমন হয়েছে?","বউ খাইবার সমত হাসি কুশি মুখত কইয়ে, রান্না কেন অইয়ে"
খাবারে আরেকটু রসুন দিলে বেশী মজা হতো, খাবারত আরেক্কানা রসুন দিলি বেশি মজা অইতো
খাবারে লবণ একটু কম হয়েছে, খাাবারত লবন এক্কানা খম অইয়ে
তোমার খাওয়া লাগবে না,তুয়ার খানা নো লাগিবো
আমি তো আসলে কিছুই পারি না,আই তো আসলে কিছু নো ফারি
বউ এর চোখ ছলছল,বউওর চোখ ইবা ছল ছল গরের
তুমি আমাকে আর কত অবাক করবা,তুই আরে আর কত অবাক গরিবা
এক চামচ খেয়েই এতো কথা বলে দিলা,এক চামচ খাইয়েরে এতো হতা খই দিয়ো দে
চাপাবাজি টা একটু কমাও,চাপাবাজি ইবা এক্কানা খমাও
তুমি রেঁধেছো,তুঁই রাইদ্দো দে
আমি তো ভাবলাম শাশুড়ি আম্মা আমার জন্য রান্না করে পাঠিয়েছেন,আই তো ভাইব্বি দে শাশুড়ি আম্মা আর লাই রাধিয়েরে ফাটাইয়ে
তোমার রান্না তো পুরা আম্মার মতো,তুয়ার রাঁদা তো ফুরা আম্মার নান 
"আরেক টু খাও, এক চামুচ দেই?","আরেক্কানা খো, আরেক চামুচ দিয়ুম নে?"
মেকআপ টা কেমন হইসে?, মেকাপ ইবা কেন অইয়ে?
"একটু বেশী হয়ে গেসে, কম হলে আরো ভালো লাগতো",এক্কাানা বেশী অই গিয়োয় খম হইলে আরেক্কানা গম ওইতো
"বউ মেকআপ তুলতে তুলতে, যাবোই না আজ","বউ মেকাপ তুলিতো তুলিতো ,নো যাইয়ুম আজিয়া"
আমি তো মেকআপই দিতে পারি না,আই তো মেকাপি দির নো ফারি
তুমি যাও একা একা,তুই একা একা যো গয়
পার্টি তে গিয়ে সুন্দরি দের সাথে ঢং করে আসো,ফার্টিত গিয়েরে সুন্দরীর লাই ঢং গরি আইয়ো
কিভাবে এতো জোস মেকআপ করো,কেনে এতো জোস গরি মেকাপ গড়ো
না বুঝে বেশী কথা বলো কেন ,নো  বুঝিয়েরে এদুজ্ঞুন খতা কেনে কইত ফারো
"আমার দিকে তো আর তাকাও না, চোখ থাকে অন্য মেয়েদের দিকে","এহন আর ইন্দি নো ওদ্দো চো,চোখ ইবা  তাকে  অন্য মাইয়াফুয়ার ইক্কা "
আমি বেশ কিছুক্ষন তাঁর মুখের দিকে তাকিয়ে থাকলাম,আই বউতকন ইতার মুহত ইক্কা চাই থাক্কিলাম
তুমি এতো কিছু বুঝো কিভাবে,তুই এদুন কেনে বুঝোস?
শাড়িটা আমাকে কেমন মানিয়েছে,শাড়ি ইবা আরে কেন মানাইয়ে
সবুজ শাড়িটা পড়লে দারুন লাগতো,সবুজ শাড়ী ফরিলে বেশী গম লাগিতো
সবুজ শাড়ি কি তোমার এক্স কোনো গার্লফ্রেন্ডের পছন্দের রঙ,সবু্জ শাড়ি কি তুয়ার আগের হোনো বেডিবন্ধু ফছন্দের রঙ
"এই সব তেল আমাকে দিবা না, বিরক্ত লাগে","এরিম্মা ফাম আরে নো দিস, গম নো লাগে"
"মাথায় রেখো, বিয়ে বাড়িতে যাচ্ছো","মাথাত রাহিস,বিয়াত বাড়ি যর"
বউ এর চেয়ে তোমাকে বেশী সুন্দর লাগলে কিন্তু সমস্যা,বউত তুন তুয়ায়রে বেশী সুন্দর লাগিলে কিন্তু সমস্যা
বিবাহিত জীবনে সুখে থাকুন,বিবাহিত জীবনত সুখোত তাইক্কো
আমার স্বামী মদ খায় রাতের পর রাত বন্ধুদের সাথে আড্ডা দেয়,আর  স্বামী মদ খাইয়েরে ফ্রতি রাতোত আড্ডা দে
আমি এটা স্বাভাবিকভাবে নিয়েছিলাম,আই ইবার এনে লইল্লাম দে
আমার কাছে ধরা পড়ার পরেও স্বীকার না করে উল্টা আমার গায়ে হাত তুলে,আর হাছে দরা ফরিবার ফরেও জবান নো দিয়েরে উল্ডা আর গায়োত আত তুলে
এখন তাকে আর ছাড় দেওয়া যাবে না,এহন ইতারে আর ছাড় দিয়া নো জাইবো
যে মানুষ গায়ে হাত তোলে অন্য মেয়েদের সাথে কথা বলে ঘরে বউ রেখে,যে মানুষ বেডি ওক্কলের গাত হাত দিয়েরে হতা হো গরত বউ রাহিয়েরে
এমন পুরুষদের সাথে সংসার যায় না,এরিিম্মা ফুরুসের লাই গর গরা নো যা
কোন মানুষের প্রতি একবার বিশ্বাস উঠে গেলে অভিনয় করে বেশি দিন সেখানে থাকা যায় না,হোন মানুষের ফ্রতি এব্বার বিশ্বাস উডি গেলে গয় অবিনয় গরি বেশি তাকা নো যায়
আর সহ্য না করতে পেরে আপনাদের কাছে সঠিক পরার্মশ চাচ্ছি,আর সহ্য গরিত নো ফারি ওনরের কাছে সঠিক পরামর্শ চাইর
আমার বাবা পুলিশে আছেন তো মায়ের সাথে বিয়ের পর থেকেই তিনি পরকীয়ায় আসক্ত ছিলেন,আর বাবা ফুলিশত আছে তো মায়র ফুয়াতি বিয়ার ফর তুন ইবা পরকীয়াত আসক্ত আছিল
আম্মু অনেক সহ্য করে এতো বছর সংসার করে গেছেন,আম্মু বত সহ্য গরি এতো সংসয়ার গরি গিয়য়
এর মধ্যে অনেক সময় ভালো হয়ে যেত আবার খারাপ হয়ে যেত,এর মাঝোত বত সময় বালো অইয়েরে যাইতো আব্র খারাপ অইয়ে যাইতো
শেষ বয়সে এসে সে এখন এমন একটা জঘন্য কাজ করলো,শেষ বয়সত আইয়েরে অতে এহন এন এইজ্ঞো জঘন্য হাম গইজ্জে
সে ২য় বিয়ে করছে একটা বিবাহিত মহিলাকে,ইতে দু নাম্বার  বিয়া গইজ্জে এইজ্ঞো বিয়াইত্তা বেডিরে
সে দ্বিতীয় বিয়ে করে শান্তি পায় নি,ইতে দু নাম্বার বিয়া গরি শান্তি নো ফাই
বাবার কাছে আমার মায়ের নামে অনেক উল্টা পল্টা কথা বলে,বাবার হাছে আর মায়োর নামোত বউত উল্ডা ফাল্ডা হতা কইয়্যে
আমি একটা পাবলিক বিশ্ববিদ্যায়ের পড়াশোনা করছি,আই একজ্ঞো ফাবলিক বিশ্ববিদ্যালয়ত ফন্না ফরির
সে এখন আমার পড়াশোনার খরচ দিতে চায় না,ইতে এহন আর ফন্না হরচ দিতোর নো চায়
ঐ মহিলা আর সে মিলে আমাকে গালিগালাজ করতে থাকে,ঐ বেডীর ওদ্দে ইতে মিলি আরে গালাগালি গরার তাকে
আমি তোর পড়াশোনার কোনো খরচ দিবো না,আই তোর ফন্নার হরচ নো দিয়ুম
আমাকে দয়া করে সঠিক পরার্মশ দিয়ে একটু সাহায্য করুন,আরে দয়া গরি টিক ফরামর্শ দিয়েরে এক্কানা সাহায্য গরো
আমি কী করতে পারি?,আই কি গরিত ফারি?
২৮ বছর ধরে আমার মা কষ্ট করে গেছেন,২৮ বছর দরি আর মা কষ্ট গরি গিয়োয়
অন্যদিকে এতো অন্যায় করার পরও আমার বাবা আর ঐ মহিলা অনেক সুখে আছেন,এডে এদুন অন্যায় গরিবার ফরো আর বাবা আর ঐ বেডীর মিলি বউত গম আছে
আপনাদের থেকে কিছু ভালো পরামর্শ নিতে আসলাম,ওররার তুন এক্কানা বালো ফরামর্শ নিতি আইসসে
আমি একজন অবিবাহিতা,আই অবেহিত্তা 
ছোট থেকে নানার বাসায় বড় হয়েছি, ছুডো তুন নানার বাসাত ডর অয়য়ি
এখন নানার বাসায়ই থাকি,এহোতুন নানার বাসাত তাকি
আমাদের যৌথ পরিবার ছিল নানার বাসায়,আরোর যৌত ফরিবারোর আছিল নানার বাসাত
আমার আব্বু আগে নেশায় আসক্ত ছিল,আরোর আব্বু আগোর তুন নেশাত আসক্ত আছিল
আমাদের সাথে আমার আব্বু তেমন সময় কাটাতো না,আরোর লই আরোর আব্বা ঐরিম্মা সময় নো কাটিতো
আব্বু সারাদিন বাহিরে বাহিরে থাকত,আব্বু ফুরাদিন বাহিরোত তাকিতো
আমি তখন অনেক ছোট ছিলাম,আই তহন বউত ছুড আইসসিলাম
আমার ফুফু চাচারাও আমাদের দেখতে পারত না,আর ফুফু চাচারা আরোরে চাইর নো ফাইতো
আম্মুই আমাকে আর ভাইকে বড় করছে অনেক কষ্ট করে,আম্মু আরে আর বাইরে ডর হইজ্জে বোত কষ্টত
আমাকে আগে সবাই আদর করত,আরে আগে বেজ্ঞুনে আদর হরিতো
যত বড় হলাম সবার চোখে এক প্রকার বিশ এর মত হয়ে গেলাম আমি,যত ডর হইয়ি বেজ্ঞুনের চখত এক রিম্মা বিশ এর ডইল্লা অই গিয়ি
আগের তুলনায় আব্বু অনেক ভালো হয়ছেন,আগের তুন আব্বু বওত গম অইয়ে
আমার খালামুনির বিয়ে হইছে ২০১৫তে,আর হাালামুনির বইয়া অইয়ে ২০১৫তে
আমার খালামুনির দুইটা ছেলে আছে,আর হালামুনির দুইয়ান ফুয়া আসে
বিয়ের আগে খালামুনিই আমাকে বড় করছে,বিয়াার আগত হালামুনি আরে ডর হইজ্জে
আম্মু কিছু হলেই আমাকে মার ধর করে,আম্মুর কিছু অইলে আরে মারে
আমার আব্বু যে এত খারাপ কখনো ফুলের টোকাও দেয় নাই,আর আব্বার এরিম্মা হারাপ দে ফুলের টোকাও নো দে
আমি একজন ছেলে বর্তমানে বাংলাদেশ নেভীতে কর্মরত আছি,আই একজ্ঞো ফা্যা এহন বাংলাদেশ নেভীতে হাম গরি
আমি ৪ মাস আগে পরিবারের পছন্দে বিয়ে করেছি,আই ৪ মাস আগোত ফরিবারেরে ফছন্দত বিয়া হইজ্জি
আমি সকাল ৮ টাই ডিউটিতে চলে যাই,আই বেইন্না ৮ টাত ডিউটি'ত চলি যাইগোই
আমার স্ত্রী একদিনও সময়মতো টেবিলে খাবার দিতে পারে না অনেক সময় বাইরে গিয়ে নাস্তা করি,আর বউ একদিনোও সময়মতো টেবিলোত হাবার দিতি নো ফারে বউত টাইম বাইরে নাস্তা গরি
সে এতো সকালে নাকি উঠতে পারে না,ইতে এত ফজরোর উডির নো ফারে
সে তার বাপের বাড়িতে থাকতে নাকি ১০ টার আগে ঘুম থেকে উঠতো নাহ,ইতে ইতার বাফোর বাড়ীত থাকিতো নাকি ১০ টার আগোত ঘুমের তুন নো উঠিত
সে প্রচন্ড অলস একটা কাজ সময়মতো করতে পারে না,ইতে বেশী অলস এইজ্ঞ হাজো সময় মতো নো গরে
"সারাদিন বাসায় বসে ফেইসবুক, টিকটকে সময় কাটে তার",আরাদিন বাসাত বইয়েরে ফেইসবুক টিকটকত সময় হাঠে ইতার
আমাদের মধ্যে প্রায়সময় ঝগড়া হয়,আরোর ফ্রায়সময় কইজ্জা অয়
আমি খুব সমস্যায় আছি,আই বেশি সমস্যাত আছি
দিন দিন হতাশার মধ্যে ডুবে যাচ্ছি এর মুক্তি পাবো কিভাবে?,দিন দিন হতাশার মইদ্দে ডুবি যাইর গই মুক্তি হত্তে ফাইয়ুম
আমি সত্যিই খুব অসহায় বোধ করতেছি,আই সত্যি খুব অসহায় বোদ গরির
পোস্ট ভালো না লাগলে এড়িয়ে যান,ফোস্ট গম না লাগিলে চলি যো গয়
একটা মেয়ে ছয়টা ছেলের সাথে প্রেম করছে,এইজ্ঞো মাইয়ার ছোগান ফুয়ার লয় প্রেম গরের
ভিডিও বানানোর কী দরকার ছিল?,ভিডিও বানাইবার কি দরকার আছিল?
আমার তো মনে হয় মেয়েদের একাধিক ডেট করা উচিত,আর তো মনে হদ্দে বেডি ওক্কলের বউত ডেট গরা উচিত
এমন করতেসে কেন বসে বসে?,এরিম্মা্মা কিল্লাইয় গরের দ্দে বইয়েরে
তিনি হিসেব মেলাতে পারছেন না,ইতে হিসাব মিল্লাইতো নো ফারের
এ কী করে সম্ভব,ইবা কেরিম্মা গরি সম্ভব
তুমি ঘুম থেকে উঠে আমাকে কল দিও,তুই ঘুমোত তুন উঠিয়ের কল  দিতোক
তুমি এত ঘুমায় কেন ?,তুই সুদানির ফুয়া এত ঘুমোদ্দে কিল্লায়
তোমার এত ঘুম আসে কেন ?,তুয়ার এতো ঘুম কিল্লায় আয়েদ্দে
তোমার সাথে আমার জরুরি কথা আছে,তুয়ার লয় আর জরুরি হতা আছে
একটা স্বাভাবিক মানুষ এত ঘুমায় না,এইজ্ঞ স্বাভাবিক মানুষ এত হেনে গুমায়
আমার সকালে উঠেই চা খাওয়ার অভ্যাস,আর সকালোত উঠিয়েরে চা খাইবার অব্যাস
আমার সন্ধায় কফি খাওয়ার অভ্যাস আছে,আর সন্ধায় কফি খাইবার অব্যাস আছে 
তুমি দুপুরে কি দিয়ে ভাত খেয়েছ ?,তুই  দুইজ্জা  ভাত হাইয়ো নে?
তুমি কি রাতের বেলা বাহিরে বের হবে ?,তুই  কি রাতিয়াত বাইর হইবা নে ?
আপনার সব থেকে কাছে মানুষটি কে ?,ওনোর  বেজ্ঞুনের  হাছে মানুষ হোন্না?
আপনার সাথে কথা বলতে অনেক ভালো লাগে আমার,ওনোর লয় হথা খইতো বেশি গম লাগে
আমার অনেক খারাপ লাগছে,য়ার বেশি হারাপ লাগের
আমার মনে হয় যে আমি কিছুই মনে রাখতে পারছি না,আর মনে হদ্দে আর কিছু মনোত নাই
আমার ছোটো বোন নানার বাড়ীতে ঘুরতে গিয়েছে, আর ছুড বইনোর নানার বাড়িত গুইত্তে গিয়ে
সে পরের মাসে বিদেশ চলে যাবে,ইতে ফরের মাসোত বিদেশ যাইবো গয়
মেয়েটি খুবই বেয়াদপ, বেডি ইবা বেশি বিয়াদব
মেয়েটি সারাক্ষন মিথ্যে কথা বলে,মাইয়া ইবা সারাক্ষন মিথ্যা হতা খো
ছেলেটি রাস্তা দিয়ে হেঁটে যাচ্ছে,ফুয়া ইবা রাস্তা দিয়েরে হাঠি যার গয়
একটি বিড়াল দরজার সামনে বসে আছে,এইজ্ঞো বিড়াল দরজাত বোই আছে
একটি কুকুর রাস্তায় বসে আছে,এইজ্ঞো কুত্তা রাস্তাত  বোই আছে
একটি সাদা রঙের পাখি আকাশে উড়ছে,এইজ্ঞো সাদা ফাখি উড়ের'
অল্পবয়সী একটি ছেলে বাইরে ফুটপাতে দৌড়াচ্ছে,অল্পবয়সী এইজ্ঞো ফুয়া ফুটপাতোত দুরার
আমি কাজে যেতে চাই না,আই কাজোত যাইতো নো চাই
আপনি এই কলমটি নিন,কলম ইবা লো
আমাকে সত্যি কথা বলুন,আরে হাছা হতা হইদো
তুমি ঘুম থেকে তাড়াতাড়ি উঠে যাও,তুই গুমের তুন জলদি উঠ
আপনি ঘুম থেকে উঠতে চান না,ওনে ঘুমত তুন উইঠো নো চও
আমি সকালে নাস্তা করে স্কুলে যাই,য়াই সকালোত নাস্তা হরিয়ের স্কুলোত যাই
আমার সকালে কিছু খেতে  ভালো লাগে না,আরে সকালোত হিছু খাইত গম নো লাগে
আমরা হেরে গেছি,আই আরি গিয়ি
আমরা হেরে গেছিলাম,আরা হারি গিয়ি
আমটি কে খেয়েছিল?,আম ইবা হন হাইয়ে
আমি হারিয়ে গেছি,আই হারি গিয়ি
আমি ঠিক আছি,আই টিক আছি
আমাকে বিশ্বাস করো,আরে বিশ্বাস গরো
আমার প্রশ্নের জবাব দিন,আর প্রশ্নত জবাব দো
আমি তাকে দখতে পেলাম,আই ইতাারে দেক্কি
আমাকে ঢুকতে দিন,আরে ডুইক্তে দও
আমাকে যেতে দাও,আরে যাইতে দও
এখানে অপেক্ষা করুন,ইরে অপেক্ষা গরো
আমি অসুস্থ হয়ে পরেছিলাম,আই অসুস্থ অয় ফইজ্জি
আমি ওদের দেখতে পেলাম,আই ইতারোরে দেইক্কি
সময় শেষ হয়ে গেছে,সময় শেষ অই গিয়োয়
আমরা অপেক্ষা করব,আরা অফেক্ষা কইজ্জুম
তিনি উঠে দাঁড়ালেন,এবা উঠি গিয়োয়
আমি বেশি লম্বা,আই বেশিি ডর
আমি ক্ষমা চাইছি,আই মাফ চাই
আমি ফিরে এলাম,আই ফিরি আইসসি
আমি কেক পছন্দ করি,আই কেক ফছন্দ গরি
একটু ঘুমিয়ে নাও,এক্কানাা ঘুমাইইয়েরে লো
আমি একা ছিলাম,আই একা আছিলাম
আমার সঙ্গে আসুন,আর লই আইয়ো
তিনি রেগে গেছিলেন,ইবা রাগি গেল গয়
আমার হাতটা ধরুন,আর হাত ইবা ধইজ্জো
আমি অবাক হয়ে গেছিলাম,আই অবাক অয় গিয়িলাম
আমি আসবো না,আই নো আইসসুম
আমি হারবো না,আই নো হাইজ্জুম
আমার হাত ব্যাথা করছে,আর আত টনটন গরের
আমার পা ব্যাথা করছে,আর ট্যাং টনটন গরের
আপনাকে কে পাঠিয়েছে?,ওনরে হোন ফাডাইয়ে'
তোমাকে দেখে অসুস্থ বলে মনে হচ্ছে,তুয়ারে দেহিয়েরে অসুক্কা বলি মনে ওর
আপনারা আগে যান,ওনোরা আগে জো
আমাকে ডাকবেন না,আরে নো ডাইক্কো
আমার হলুদ রঙ পছন্দ,আর হলুদ রং দেহিত ফারি
আমি আপেল পছন্দ করি,আই আফেল দেহিত ফারি
আমার ঠান্ডা লেগেছে,আর  তুন টান্ডা লাইজ্ঞে
আমার খিদে পাচ্ছে,আর তুন খুদা লাগের
আমি বিদেশে গেছিলাম,আই  বিদেশত গেইলাম
আমি ভেতরে গেলাম,আই বিতরত গেইলাম
সে রেগে গেছিলো,ইতে গুসসা ওয়িল
আমাকে ওখানে নিয়ে চলুন,আরে ঐইন্দি লই জো
সে আমার স্ত্রী,ইবা আর বউ
আপনাকে দেখে অসুস্থ বলে মনে হচ্ছে,আরে দেহিয়েরে অসুখ বলি মনে অর
আমাদের বিয়ের পর থেকেই নানা ছোটখাটো কারনে ঝগড়া লেগে থাকতো,আরোর বিয়ার ফর তুন নানা ছুডো ছুডো খারনোত ঝগড়া লাগি থাকিতো
আমি বুঝতে পারতাম তার অন্য কোথাও সম্পর্কে আছে,আই বুঝিত ফাইত্তাম ইতার অন্য জায়গাত সম্পর্ক আইসসে
সে কোন দিন স্বীকার করে না,ইতে হোনো দিন স্বীকার নো গরে
এভাবে নানা রকম ঝামেলা হতে থাকে,এরিম্মা নানা রহম ঝামেলা হইত থাকে
আমাদের পারিবারিক ভাবে বিয়ে হয়,আরোর ফারিবারিক ভাবে বিয়া ওইল
যখন বাড়ীতে জানাই তখন নানা রকম কথা হয়,যেত্তে বাড়ীত জানাই এত্তে বয়োত ডইল্লা হতা অয়
বেশ কয়েক বার তাকে সু্যোগ দেয়া হয়,বেশ হয়েব্বার ইতারে সুযোগ দিলাম
কিন্তু সে ভালো হয়না,কিন্ত্য ইতে বালা নো অয়
অনেক দিন বাবার বাসায় ছিলাম,বওত দিন বাফোর বাসাত আছিলাম
"তোমাকে ছাড়া বাচবো, তোমার বিয়েতেও নাচবো","তুয়ারে ছাড়া বাইচ্চুম, তুয়ার বিয়াতো নাইচ্চুম"
সে তখন আবারো ফিরে চায় আমাকে,ইতি আবার ফিরি চার আরে
এক পর্যায়ে এমন অবস্থা করে মে আমিও দূবল হয়ে যাই,এক ফর্যায়ে এন অবস্তা গরে যে আইও দুর্বল অয় যাই
কিছু দিন সে ভালো থাকে,কিছু দিন ইতে বালা তাকে
তারপর একের পর এক অশান্তি বাড়তে থাকে,তারফর একের ফর এক অশান্তি বাড়াত তাকে
সে যার সাথে সম্পর্কে জড়িয়ে তাকে বিয়ে করবে না বলে কিন্তু সম্পর্ক রাখবে,ইতে যার লয় সম্পর্ক জড়াইয়ে তারে বিয়া নো গরিভো মাগার সম্পর্ক রাহিবো
সে শুধু আমাকে খাবার টুকু ঠিক মত দেয় যেন কাউকে বলতে না পারি,ইতেে শুধু আরে হাবার টিক মত দে যিবার লাই কেউ হিছু কইত নো ফারে
আমার তো একটা হাত খরচ লাগে তাও সে দেয়না,আর তো অজ্ঞ  হাত হরচ লাগে ইবাও ইতে নো দে
বাবা হিসেবে ছেলেকে ভালবাসে অনেক,বাবা হিসেবে ফুয়ারে বোত বালোবাসে 
চুপ ছিলাম বুঝাইছি অনেক লাভ হয়নি,নো মাতি আছিলাম বুঝাইয়ি অনেক লাভ নো হো 
এক পর্যায়ে আবারো বাড়িতে জানানো হয়,এক ফর্যায়ে আবারো বাড়িত জানানো অইয়ে
তখন সে অনেক খারাপ আচরন করে,তথন ইতে অনেক খারাপ আচরন কইজ্জে
সে আমার পরিবারের কাউকে সম্মান করেনা,ইতে আর ফরিবারোর কাওরে সম্মান নো গরে
"সে কারো কথা বলেনা ,কারো বাসায় যায়না","ইতে হারোর হতা নো খো, হারোর বাসাত নো যা"
এমন কি আমার বাবা মা সামনে আসলে সালাম পর্যন্ত দেয়না,এরিম্মা কি আর বাবা মা সামনে আসলে সালাম পর্যন্ত নো দে
সে তাদের সাথে সম্পর্ক রাখবো না,ইতে তারোর লয়  সম্পর্ক নো রাখিবো
আমি তখন বলি কেন কি হইছে ?,আই তহন বলি কেন কি হইয়ে
তারা আমাকে অনেক অপমান করছে,ইতারা আরে অনেক অফমান কইজ্জে
আপনারা বলেন সে পরকিয়া করবে বউ কে মারবে আর বাবা মা চুপ থাকবে?,ওনওরা হোন ইতে  ফরোকিয়া গরিবো বঊ রে মারিব আর মা বাপ চুপ থাহিবো নে?
আমার কোন ভাই নেই আমি বড় মেয়ে,"আর হোনো বাই নেই ,আই ডোর মাইয়া"
আমাদের মধ্যেবিও পরিবার,আর মদ্যবিত্ত ফরিবার
এসব কিছু কাউকে বলে কোন সমাধান নাই,এসব হিছু কেউরে  হই হোনো সমাদান নাই
তারা বলে আমরা আমাদের বউ কে কত মারি কোন দিন মুখ দিয়ে কথা বের করে না,ইতারাা বলে আরা আরোর বউ রে হত মারি হোনো দিন মুখ দি হতা বের নো গরে
আমার শাশুড়িও নেই মারা গেছে অনেক আগে,আর ওরিও নেই মরি গিয়োয় বউত আগোত 
আমরা বিয়ের পর থেকেই আলাদা থাকি,আরা বিয়ার ফর তুন আলাদা তাহি
শশুরবাড়ি আমার স্বামীর কিছু নেই কারণ তার মা নাই,ওরবাড়িত আর জামাইয়োর হিছু নাই হারন ইতার মা নাই
তার বাবা বিয়ে করেছে সেখানে বছরে একবার যাওয়া হয়,ইবার বাপ বিয়া কইজ্জে এরে বছরোত একবার যাওয়া অয়
আমি তোমাকে খাবার দেই,আই তুয়ারে হানা দিয়ির
আপনারা বলেন যে স্বামী ভালোবেসে কথা বলেনা,ওনেরা হোন যে জামাই বালোবাসিয়েরে হতা নো হো
এসব সমস্যার সমাধান কোথায় পাবো,এসবোর ঝামেলার সমাধান হরে ফাইয়ুম
আমি অনেক চেষ্টা করেছি যে আমার কোন ভুল আছে কিনা,আই বঊত চেষ্টা গইজ্জি যে আর হোনো বুল আছে কিনা
সে সবাই কে বলে আমি তো ওর সাথেই সংসার করি,ইতে বেজ্ঞুনোরে হইয়্যে দে আই তো ইতার লয় সংসার গরি
এমন না যে আমি দেখতে অসুন্দর,এরিম্মা নাো দে আই দেহিতে সুন্দর নো
যে কেউ আমাকে এক দেখা তে পছন্দ করবে,কোনিক্কা কেউ আরে এক দেহাত ফছন্দ করিবো
কোন উপায় পাইনা কি করব,হনো উফায় নো ফাই যে কি কইজ্জুম
শুধু ছেলের মুখের দিকে তাকিয়ে চুপ করে আছি,উদু মাত্র ফুয়ার মুখোত  তাকিয়েরে চুপ গরি আছি
কিন্তু আমি বেঁচে থেকে মরে আছি,কিন্ত আই বাচি থাকিয়েরে মরি গিয়ি
আমি আমার স্বামীর ভালবাসা চাই,আই আরি জামাইয়োর বালোবাসা সাই
আমার পরিবারের সবার সাথে ও কথা বলুক এটা চাই,আর ফরিবার বেগুনের লয় ও হতা খোক ইবা চাই
আমার বাবা মা অনেক বার মাফ চাইছে,আর বাবা মা বোত বার মাফ সাইয়ে
যা হইছে হয়ে গেছে তোমার কথাই মানলাম আমাদের দোষ ,যিবা ওইয়ে ওয় গিয়োয় তুয়ার হতাই নো মানিলে আরোর দোষ
আমি চাইলেই আমার বাবার বাসায় চলে যেতে পারি,আই  সাইলেও আর বাবার বাসায় চলি যাইত ফারি
সমাজের মানুষ নানান কথা বলবে,সমাজোর মানুষ বোত হতা খইবো
আমার বাবা অসুস্থ হয়ে যাবে,আর বাবা বেরাইম্মা অয় যাইবো
সে এখন নিজে মুখেই বলে তোমার সাথে আবার ও সব ঠিক করছি,ইতে এহন নিজোর মুখোত কইয়েরে তুয়ার লাই আবার বেজ্ঞুন টীক কইজ্জে
অন্য কোথাও বিয়ে করে ভালো থাকবা তা কীভাবে হয়,আরেক জায়াগাত বিয়া গরি গম থাহিবা কেনে ওইবো
সে বাহিরে যা ইচ্ছা করবে বউ হিসাবে আমাকে রাখবে,ইতে বাইজ্জা যা ইচ্ছা গরিবো বঊ হিসাবোত আরে রাখিবো
এদিকে আমার পরিবারের সাথে সম্পর্ক রাখবে না ,এরে আর ফরিবারের লয় সম্পর্ক নো রাইক্কম
আমাকে অনেক মারত,আরে বেশি মারিতো
ছেলেটার ভবিষ্যতের কথা ভেবে চুপ করে আছি,ফুয়াার ববিশোতোর হতা বাবিয়েরে চুপ গরি আছি
আমার বাবা মাও এটা নিয়ে অনেক কষ্ট পাচ্ছে,আর বাবা মাও এবা লয় বোত হষ্ট ফার
আমি বড় মেয়ে আমার ছোট বোন আছে শুধু,আর ডোর মাইয়ে  শুধু   ছুডো বোন আছে
আপনার পরামর্শ দেন আমি কি করব,ওনোর  ফরামর্শ দেতোক আই কি কইজ্জুম
দিন দিন মানসিক ভাবে অসুস্থ হয়ে যাচ্ছি,দিন দিন মানসিক অসুস্থ ওয় যাইর গয়
কোন কথা খারাপ লাগলে দয়া করে মাফ করবেন,কুনো হতা খারাপ লাগিলে দয়া করি মাফ গরি দিয়োন
আমি প্রেম করে বিয়ে করেছি,আই ফিরিত গরি বিয়া কইজ্জি
আমি আমার স্বামীকে অনেক ভালোবাসি,আর জামাইরে বেশি বালোবাসি
আমার বয়স উনিশ বছর,আর বয়স উনিশ বছর
একজন মানুষ কি এমনি এমনি খারাপ হয় বলেন,এইজ্ঞ মানুষ কি এনে এনে খারাপ হো
এমন কিছু করবো যাতে তার কাছে আমাকে না যেতে হয়,এরিম্মা কিছু কইজ্জুম যে ইতার হাছে আরে নো যাওয়া লাগে
আমি কার কাছে চাইবো?,আই হা্র কাছে চাইয়ুম
আপনি থানায় গিয়ে একটা মামলা করেন,ওনে থানাত গিয়িরে এইজ্ঞো মামলা কইজ্জোন
পুলিশকে সবকিছু প্রথম থেকে শেষ পর্যন্ত খুলে বলেন আপনার সাথে যা যা হয়েছে,ফুলিশেরো বেয়াক্কুন খুলিয়েরে হন অনের ফোয়ারিত যাযা অইয়ে
পুলিশকে এটাও বলেন যে আমি যদি আমার সমস্যার কোন সমাধান পাইনি,ফুলিশেরো ইয়ানো হন আই যদি হোন সমইস্যার সমাধান নো ফাই
আমি কিন্তু আত্মহত্যা করতে বাধ্য হব,আই কিন্তু আত্মহত্যা গরিবেল্লাই বাধ্য অইয়ুম
এতে পুলিশের উপর চাপ আসবে,ইয়ানত ফুলুশর উওরত চাপ আইবোদে
আপনার মা এবং স্বামী দুজনেই সতর্ক হবে আপনার প্রতি,অনের মা আর জামাই সতর্ক অইবো অনর ফ্রতি
আপনি যদি পুলিশকে সবটা খুলে বলেন তাহলেই দেখবেন সমস্যার সমাধান হয়ে গেছে,অনে যদি ফুলুশেরে বেয়াক্কুন খোওয়াইয়েরে হন তাইলে দেখিবান সমইস্যা সমধান অই গিয়ি
আপনি একটা সাহায্য পাচ্ছেন পুলিশের কাছ থেকে,অনে এক্কান সাহাইয্য ফাইতে লাইজ্ঞন গুলুশর হাসত্তুন
আমি বলব আপনি বিবাহবিচ্ছেদ পথ বেছে নেন,আই হইয়ুম অনে তালাকর ফত বাসি লইয়ন
নিজের মতন করে বাঁচুন,নিজের ডইল্লে গরিয়েরে বাসন
দুই বেলা ডাল ভাত খেয়ে নিজের মত একা থাকা অনেক ভালো,বুই বেলাত দাইল ভাত হাইয়েরে নিজের ডইল্লে তন বহুত ভালা
যাই হোক মায়ের কাছে অনেক কিছু পাওয়ার থাকলেও আপনি তেমন কিছু পান নাই,যাই অক মায়ের হাসে বহুত কিছু ফোনের তাকিলেও তেমন কিছু নো ফান
অন্যদিকে আপনার স্বামীও লোক হিসেবে ভাল না,অন্যসাইডদ্দি অনের জামাই ও ভালা নো
আপনার দুই দিকেই জ্বালা হইছে,অনের দুই মিক্কেই জালা আসেদে
কিছু কিছু বিষয়ের কোন সমাধান থাকে না,কিছু কিছু বিষয়ত হোন সমাধান নো তাহে
অবশ্যই আপনি নিয়মিত নামাজ পড়ে আল্লাহর কাছে শান্তি প্রার্থনা করতে পারেন,আবশ্যই আল্লার হাসে নমাজ ফরিয়েরে দোয়া গরিবান শান্তির লাই
নিজেকে যোগ্য করে গড়ে তুলতে পারেন,নিজেরে যোগ্য গরিয়েরে তুলিত্তারিবান
নিজেই নিজের জীবন পরিচালনা করতে পারেন,নিজে নিজর জীবন ফরিচালনা গরিত্তারিবান 
আপনার জন্য শুভকামনা রইল,অনর লাই শুভকামনা
আপনি নিজে কিছু করার চেষ্টা করেন যেন পরিবারের সাহায্য হয়,অনে নিজে কিছু গরিবার চেস্টা গরিবান যেন ফরিবারর সাহাইয্য  অয়
সবাই একসাথে খারাপ হয় না,বেয়াক্কুন এক ফোয়ারিত হারাফ নো অয়
"ওরা আপনাকে কিভাবে চায়, ওদের মতো হবার চেষ্টা করুন","ওরা অনেরে কেনে চায়, ইতারার ডইল্লে অইবের চেস্টা গরন"
আশা করছি সব কিছু সমাধান হবে,আশা গরির বেয়াক্কিছু সমাধান অই যাইবোদে
আমার বিয়ে হয়েছে ৯ বছর,আর বিয়া অইয়েদে ৯ বছর
প্রেম করে বিয়ে কিন্তু পারিবারিক ভাবেই হয়েছে,ফ্রেম হরিয়েরে বিয়া কিন্তু ফারাবারিক ভাবে অইয়ে
প্রথম থেকেই আমার শাশুড়ি আমাকে অনেক ভালবাসে,ফ্রতমেত্তু আর অউরি আরে ভালোবাসে
ওনারা আমার স্বামীকে অশিক্ষিত মেয়ের সাথে বিয়ে দিতে চেয়েছিল,ইতারা আর জামাইর ফোয়ারি এক্কান অশিক্ষিত মাইয়াফোয়ার বিয়া দিত চাইল
তাদের ঘরের কাজের মানুষ হিসেবে রাখতে চেয়েছিল,তারার গরর হামর লোক রাহিবেল্লাই চাইলো
আমার স্বামী নিজ পছন্দে আমাকে বিয়ে করেছে,আর জামাই আরে ফসন্দ গরিয়েরে বিয়া গইজ্জে
গত ৯ বছরে একটানা ৯ দিনের জন্যও তারা আমার সাথে কথা বলেনি,গত ৯ কান বছর তারা আফোয়ারিত আইজো টানা ৯ দিন হতা নো হয়
কোনো আত্মীয় আমার বাসায় এলে তাদের সাথেও সম্পর্ক নষ্ট করতো,হোন আত্মীয়-স্বজন আর বাসাত আইলে তারার ফোয়ারির সম্পর্ক হারাফ গইত্ত
আমরা পারিবারিক কারনে ১ বছরের জন্য এখন নিজ বাড়ি থেকে অন্য জায়গায় ছিলাম,আরা ফারিবারিকরহারনে ১ বছরর লাই এহন নিজ বাড়িত্তুন আন্য জায়গাত আসি
নিজ বাড়িতে এসে শুনি পুরো এলাকাতে আমাদের নামে খারাপ কথা বলেছে,নিজর বারিত আইয়েরে ফুনি ফুরো এলাহাত আরার নামে হারাফ হতা হর
আমার বিরুদ্ধে বুঝিয়েছে যে আমি আমার স্বামীর কে তাবিজ করে নিজ বাড়ি থেকে সরিয়ে ফেলেছি,আরার বিরুদ্ধে বুঝাইয়ে আর জামাইরে তাবিজ গইজ্জে দে নিজ বাড়িত্তুন সরাই ফেলাই
সমস্ত সম্পত্তি বিক্রি করিয়ে স্বামীকে ছেড়ে চলে যাবো,বেয়াক্কুন সম্পত্তি বেসিয়েরে জামাইরে সারি জাইয়ুম দে।
তোমার বৌ নাকি তোমাকে সম্পত্তি বিক্রি করিয়ে ফেলতেছে,তোওয়ার বউ নাকি তোওয়ার সম্পদ বেসি ফেলাইয়ে
আমার স্বামী সবাইকে বুঝিয়ে বুঝিয়ে ক্লান্ত যে আমি এরকম কিছু করছি না,আর জামাই বেয়াক্কুনর বুঝাই বুঝাই যে আই এইল্লে কিছু নো গরির
মান সন্মানের ভয়ে কেউ কিছু বলে না,মান-সম্মানের ভাই  হনিক্কে কিছু নো হর
আমাদের ৩ বছরের প্রেম,আরার ৩ বছরর ফ্রেম
ছেলেটি বাবা চাচার ভয়ে বাড়িতে কিছু বলতে পারে নাহ,ফওয়া ইবা বাপ চাচার ডরত কিছু নো হর
আমার কাছে আরও সময় চাইতো,আর হাসদ্দি আরো সময় চাইতো
বয়স আমার তখন ১৬ তে পড়লো,আর বয়স তহন ১৬ত ফইজ্জে
তখনকার সময় মেয়েদের জন্যে এটি অনেক বয়স,এসমত মাইয়াফোয়ার লাই ইন বহুত বয়স
বাড়ি থেকে ছেলে দেখা শুরু করলো,নারিত্তুন ফোয়া চার
তোর বড় ভাইয়ের সাথে বিয়ে ঠিক হইল,তোর ডর ভাইর ফোয়ারিত বিয়া ঠিক অইল
আমি এখন তোর ভাইকে বিয়ে করতে চাই না,আই এহন তোর ডর ভাইর ফোয়ারিত বিয়া গইত্তাম নো চাইর
আমি আরও এক বছর পরে বিয়ে করতে চাই,আই আরো এক্কান বছর ফোর বিয়া গইত্তাম চাই
ছেলেটি আমার বাবার সাথে কথা বলে আমাদের বিয়ে ঠিক করেছে,ফওয়া ইবা বাবার লোগে হতা হইয়েরে আর বিয়া ঠিক গরে
এরই মাঝে একটি অঘটন ঘটে গেলো,ইয়ার মাঝদ্দি এক্কান দূর ঘটনা গটি গিল
সে তাঁর বাবার ভয়ে কোন কথাই বলতে পারলো না,সে তার বাবার ডরত হতা হইন্নো ফারে
আমি এখনই বিয়ে করে ফেলতে চাই,আই এহনি বিয়া গইত্তাম চাইর
আমার সব শেষ হয়ে যাবে,আর বেয়াক শেষ অই গিয়ি
দয়া করে তুমি তোমার পরিবারের পছন্দে বিয়ে করে ফেলো,দয়া গরি তুই তোওয়ার ফরিবারর ফসন্দ মতন বিয়া গরি ফেলো
এই সাহস আমার নাই,এই সাহস কান আর নাই
আমাকে ভালোবাসলে এইটুকু উপকার করো পায়ে পড়ি তোমার ,আরে ভালোবাসিলে উফকার ইয়ান গরো তোওয়ার টেংত ফরি
সব কিছু শুনে বুঝলাম যে এখন আর এখানে থেকে কোন লাভ হবে না,বেজ্ঞুন উনিয়েরে  টিক বুইজ্জি দে এহন আর এরের তুন লআব ন অইবো
তোর বড় ভাইকেই বিয়ে করতে হবে এখন,তোর ডর ভাইরে বিয়া গরন ফরিব এহন
বাড়ীতে বললাম আমি এই বিয়েতে রাজি,নাড়িত হইলাম বিয়া ইয়ানত আই রাজি নো
যত তাড়াতাড়ি সম্ভব বিয়ের ব্যবস্থা করো,যত হারাহারি সম্ভব বিয়ার ব্যবস্থা গরো
১৫ দিনের মধ্যেই আমাদের বিয়ে হইলো,১৫ দিনের ভিতরত আর বিয়া অইগিল
এই কাহিনী পুরোটা শুনে আমি অবাক,এই কাহিনি ইয়ান ফুনিয়েরে অভাক অইলাম
আমি একটা খুব বড় সমস্যায় পড়েছি দয়া করে কেউ হাসাহাসি করবেন না,আই এক্কান সমইস্যাত ফরি গেইলামদয়া গরিয়েরে হনিক্কায় আসাআসি নো গইজ্জন
আমার গার্লফ্রেন্ড এর পরিবারের ডিফেন্স এর জব নাকি পছন্দ না,আর ফ্রেমিকার ফরিবার ডিফেন্সর লোক ফসন্দ নো গরে
তবে আমার গার্লফ্রেন্ড আমাকে বলেছে আমি তাকে যেভাবে রাখবো সে সেভাবেই থাকবে,তবে আর ফ্রেমিকা আরে হইয়ে আই তারে যেনে রাইক্কুন এনেই তাকিবো
তাই আমি তাকে লুকিয়ে বিয়ে করতে চাই,তাই আই তারে লুকাইয়েরে বিয়া গইত্তাম চাই
আমার গার্লফ্রেন্ড এর বয়স ১৯ বছর,আর ফ্রেমিকার বয়স ১৯
আমি চাচ্ছি ট্রেনিং থেকে ফিরেই তাকে বিয়ে করতে,আই যাইর ট্রেনিং অত আইয়েরে বিয়া গইজ্জুম।
যদি লুকিয়ে বিয়ে করি পরবর্তীতে কি তার ফ্যামিলি কোনো সমস্যা করতে পারবে?,যদি লুকাইয়েরে বিয়া গরি তারফরে তার ফ্যামিলি কি হোন সমইস্যা গরিবো না?
আমাদের ফ্যামিলি থেকে ওদের ফ্যামিলি অনেক বড়লোক,আরার ফরিবারেত্তুন তার ফরিবার বহুত ডর
আমি গ্রামের ছেলে ঢাকাতে একটা প্রাইভেট বিশ্ববিদ্যালয়ে পড়াশোনা করি,আই ঢাহা তাহি এক্কা ফ্রাইবেট বিশ্ববিদ্যালয়ত ফন্না ফরি
তার সাথে পরিচয় তাকে প্রাইভেট পড়াতে গিয়ে,তার ফোয়ারির ফরিচয় তারে ফরাইতে গেইল।
দয়া করে পরামর্শ দিন বিয়ের পরে কি তার পরিবার কোনো সমস্যা করতে পারবে?,দয়া গরিয়েরে ফরামর্শ দোন বিয়ার ফরদ্দি কি তার ফরিবার হোন সমইস্যা গরিত্তারে না?
আমি আর আমার বয়ফ্রেন্ড একি স্কুলে পড়তাম,আই আর ফ্রেমিত একই স্কুলত ফইত্তাম
ক্লাস নাইনে আমাদের প্রথম কথা হয় ফেসবুকে,ক্লাস নাইনত আরার ফ্রথম হতা অয় আরার ফেসবুকত
এরপর থেকে ক্লাস টেনে রিলেশনে যাই,এয়ার ফরত ক্লাস টেনত রিলেশনত গেইলাম
আমার বন্ধুত্ব ছাড়া অন্য কিছুর ইচ্ছা ছিল না,আর বন্ধুত্ব ছাড়া অন্য কিছুর ইচ্ছা নো আসিল
কিন্তু ছেলেটা অনেক ভালো মানুষ কোনো নেশা নাই,কিন্তু ফোয়া ইবা বহুত ভালা হনো নেশা নো আসিল
আমি সবকিছু বুঝে প্রেম করতে গেলাম,আই বেয়াক্কিছু বুঝিয়েরে ফ্রেমত গেইলাম
প্রথমদিকে অত ভালোবাসতাম না,ফ্রথম দিকত এইল্লে ভালোনোবাসিতাম
আমাদের ম্যাক্সিমাম কথা হয়েছে অনলাইনে,আরার ম্যাক্সিমাম হতা অইয়ে অনলাইনত
ততদিনে আমি অনেক ভালোবেসে ফেলেছি ওকে,ততদিনত আই তারে বহুত ভালোবাসি ফেলাইয়ে
ওর আর আমার স্কুল ফ্রেন্ডরা সব জানত,তার আর আর স্কুলত ফ্রেন্ড তারা জানিত
তারা আমাকে পছন্দ করত চাইত আমাদের সম্পর্ক আবার জোড়া লাগুক,তারা আরে ফসন্দ গইত্ত চাইত আরার সনফরক আবার জোড়া লাগিবেল্লাই
এভাবে গেঞ্জাম হয় আবার মিল এরকম করতে করতে ৫ বছর হয়েছে এখন,এইল্লে গরিয়েরে গেঞ্জাম অয় আবার মিল অয় এইল্লে গইত্তে গইত্তে ৫ বছর ফার অই গিয়ে
আমার অসুস্থতার কারণে আমার ১ বছর গ্যাপ গিয়েছে,আর অসুস্ততার লাই আর ১ বছর  গ্যাপ অই গেইল
আমি এখন সুস্থ অনেক,আই এহন বহুত অসুস্থ
আমি কিভাবে এখন ওকে ভুলে যাই?,আই কেনে এহন তারে ভুলি যাই?
আমার বয়স ২৫ হলেও আমি ৫ বছর কন্সিডার করতাম,আর বয়স ২৫ অইলেও আই ৫ বছর হন্সিডার গইত্তাম
আমিও তাকে ছাড়া কিছু ভাবি নাই ৫ বছরে,আই তারে ছাড়া হোন ভাবেই নাই ৫ বছরত
মজা করে অন্য ছেলের কথা বলে তাকে চেতাইছি অনেক,মজা গরিয়েরে তারে অন্য ফোয়ার হতা হইয়েরে চেতাইয়ি বহুত
তাকেই ভালোবাসি আমি তাকে ছাড়তে চাই না,তারেই বহুত ভালোবাদি তারে ছারিনেল্লাই নো চাই
আমি বুঝে গেছি ওই ছেলেকে ছাড়া আমি থাকতে পারব না,আই বুঝি গেয়ি ফোয়া ইবারে ছাড়া আই তাকিন্নো ফাইজ্জুম
এখন সে আমাকে বলে তার লাইফ থেকে চলে যেতে,এহঅন সে আরে হদ্দে আই যেন তার লাইফ্রত্তুন চলি যাই
আমি অনেক চিন্তার মধ্যে পড়ে গেছি আমি কি করব,আই বহুত চিন্তায় ফরি গিয়ি আই কিত্তাম
এক সময় গিয়ে যদি বলে যে ধরে রাখলেই তো পারতা,এক সমত যাই যদি হয় সে দরি রাকিত্তাইত্তো
আপনারা বলেন এখন আমি আসলে করব কি?,অনেরা হন আই আসলে কিত্তাম?
বাংলাদেশী মেয়েটি পরিবার সহ নিউজিল্যান্ড থাকে,বাংলাদেশী মাইয়াফোয়া ইবা ফরিবার সহ নিউজিল্যান্ডত তাহে
ওখানেই এক বাংলাদেশী ছেলের সাথে পরিচয় তারপর সম্পর্ক,ইয়ানতঐ এক বাংলাদেশী ফোয়ার ফোয়ারিত ফরিচয় অয় ইয়ার ফর সম্পর্ক
বিয়েটা ওই দেশে করতে চেয়েছিল মেয়ে কিন্তু ছেলের ইচ্ছা বাংলাদেশে এসে দুজন বিয়ে করবে,বিয়া ইয়া অই দেশেত গইত্তে চাইলো কিন্তু ফোয়ার ইচ্ছা মতন বাংলাদেশত আইয়েরে দুইজন বিয়া গরিবো।
ছেলে এক মাস আগে বাংলাদেশে আসে এই ঈদে তাদের বিয়ে হওয়ার কথা,ফোয়া এক মাস আগদ্দি বাংলাদেশত আইসসে এই ঈদত তারার বিয়া অইবের হতা
মেয়ে তার পরিবার নিয়ে ঈদের কয়েকদিন আগে দেশে আসার কথা ছিল,মাইয়া ফোয়া ঈদর হয়েকদিন আগদ্দি দেশত আইবের হতা আসি
কিন্তু ছেলে বাংলাদেশে আসার পর ওই মেয়েটি সাথে যোগাযোগ বন্ধ করে দেয়,কিন্তু ফোয়া বাংলাদেশত আইবের ফোরে অই মাইয়া ফোয়া ইবার ফোয়ারিত যোগাযোগ বন্ধ গরি দিয়ি
মেয়েটি বিভিন্নভাবে চেষ্টা করে তার সাথে কোন ধরনের যোগাযোগ করতে পারছিল না,মাইয়া ফোয়া ইবা বিভিন্নভাবে চেস্টা গরিয়েরে যোগাযোগ গরিন্নো ফারের
মেয়েটি সপ্তাহখানেক আগে তার সাথে ঘটে যাওয়া ঘটনা আমাদের সাথে শেয়ার করে,মাইয়া ফোয়া ইবা সপ্তা হানিক আগদ্দি তার ফোয়ারিত ঘটি যন হতা ইন আরারে ফুনাইয়ে
ওই ছেলেকে খুঁজে বের করার ব্যাপারে আমাদের সাহায্য চায়,ফোয়া ইবারে কুঝি বাইর গরিবেল্লাই আরাত্তুন সাহায্য চাইয়ে
মেয়েটির ঘটনার শুনে আমরা উনাকে দেশে আসতে বলি,মাইয়া ফোয়া ইবার ঘটনা ফুনিয়েরে তারে দেশত আইবেল্লেই হইলাম
সে তার পরিবার ছাড়া ঈদের আগের দিন বাংলাদেশে আসে,সে তার ফরিবার ছাড়া ঈদর আগদ্দিন আইসসে
ছেলেকে খুঁজে পাওয়ার মতো শুধু উনার কাছে ছেলের পাসপোর্ট কপি ছিল একটা,ফোয়ারে কুঝি ফাইবেল্লাই শুধু উনার হাসত ফোয়ার পাসপোর্ট  কফি চবি আসিল এক্কান
আমরা মেয়েটিকে নিয়ে ছেলের বাসায় যাই ,আরা মাইয়া ফোয়া ইবারে লইয়েরে ফোয়া ইবার বাসাত গেইয়ি
বাসায় ছেলে ছিল এবং তার পরিবারের সমস্ত সদস্যরা ছিল,বাসাত ফোয়া উদ্দো বেয়াক্কুন আসিল
মেয়েটিকে দেখে ছেলে ভয় পেয়ে যায়,মাইয়াফোয়া ইবারে দেহিয়েরে ডর ফাইয়ে
ছেলে বাংলাদেশে এসে বিয়ে ঠিক করেছে,ফোয়া বাংলাদেশেত আইয়েরে বিয়া ঠিক গইজ্জে দে
এই শুক্রবারে তার বিয়ে তার পরিবারের পছন্দ করে রেখেছে মেয়ে,সামনোর শুক্রবার ফোয়ার বিয়া ইতার ফরিবারর ফসন্দর মাইয়াফোয়ার ফোয়ারিত 
মেয়েটি তার সাথে ঘটে যাওয়া ঘটনা সম্পূর্ণ ছেলেটির পরিবারকে জানায়,মাইয়া ফোয়া ইবা বেয়াক হতা ইয়াতারারে হই দিয়ি
ছেলের পরিবার থেকে মেয়ের পরিবার অনেক ভালো,ফোয়ার ফরিবার ভালা বহুত আসিল
মেয়েটি দেখতে যথেষ্ট সুন্দরী,ফোয়া বাংলাদেশেত আইয়েরে বিয়া ঠিক গইজ্জে
ছেলের মা বাবা বিয়েতে রাজি হয়,ফোয়ার মা বাবা বিয়াত রাজি অয়
মেয়ের পরিবারের সাথে ফোনে কথা বলে ,মাইয়াফোয়া ইবার ফরিবারর ফোয়ারিত হতা হয়
তারা দুজনে আবার নিউজিল্যান্ড ফিরে যাবে,তারা দুইজন নিউজিল্যান্ড ফিরি যাইবো দে
আমি বিবাহিত,আই বিয়েত্তে
দুই বছর আগে নিজের পছন্দেই বিয়ে করেছিলাম,দুই বছর আগদ্দি আই নিজর ফসন্দ মতন বয়া গইজ্জিলাম
আমার স্ত্রী আমার থেকে বয়সে ৮ বছরের ছোট,আর বউয়াত্তুন ৮ বছরর ছোড
আমার স্ত্রী দেখতেও সুন্দরী,আই বউ দেহিতও সুন্দর
আমি বেকার,আই বেহার
টুকটাক টিউশনি করে যেটুকু আয় হয় তা দিয়ে নিজের হাতখরচই ঠিকমতো চলে না,টুকটাক ফন্না ফরাইয়েরে যা আইয়ে তা দিয়েরে হাতহরস নো চলে
তার যাবতীয় খরচ তার বাবা-মা ই বহন করেন,তার বেয়াক হরস তার মা বাবা চালায়দে
সে কখনো আমার কাছে আমার সামর্থ্যের বাইরে কিছুই চায় নাই,সে হন সমত আর আতর বাইরত নো চায়
আমাদের মধ্যে ভালোবাসার কোনো কমতি নেই,আরার ভিতরত ভালোবাসার হোন হমতি নাই
আমাকে সবসময় এগিয়ে চলার অনুপ্রেরণা যোগায়,আরে বেয়াগ সমত আগাই যাইবার অনুফ্রেরনা গরে
ভালোবাসা থাকলে সবকিছুই সুন্দর,ভালোবাসাতাহিলে বেয়াক কিছুই সুন্দর
যেকোনো পরিস্থিতি মোকাবেলা করা সম্ভব,যেকোন সমত মোকাবেলা গরন যাই
আপনারাও আপনাদের জীবনসঙ্গীকে ভালোবাসুন,অনেরাও অনেরার জীবনসঙ্গীরে ভালোভাসন
তাদের চাওয়া না চাওয়ার গুরুত্ব দিন,তারার চন নো চন গুরুত্ব দোন
একে অপরকে পাশে থেকে সাহস যোগান,একে অফোরর ফাসে তাহিবার সাহস্কান দোন
আমি ২০১৬ থেকে তাহুরা কে ভালবাসি,আই ২০১৬ ত্তুন তাহুরারে ভালোবাসি
আজ আমাকে বলে আমি নাকি তার যোগ্য না,আজিয়া আরে হর আই নাকি অযোগ্য
আমি নাকি বেইমান ,আই নাকি বেইমান
আমি নাকি মারা গেলে তার একটি আফসোস থাকবে শুধু আমি নাকি তাকে বুঝিনি কখনো,আই নাকি মরি গেলে তার এক্কান আফসোস তাকিবো ইন অইলদেকি আই নাকি তারে হোন দিন নো বিঝি
আমি বললাম চলো কাজী অফিসে গিয়ে বিয়ে করি ,আই হইলা চলো হাজি অফিসত যাইয়েরে বিয়া গরি ফেলাই
আমাকে আল্লাহর কসম দিয়ে বলে দিলো এসব সে পারবে না,আরে আল্লার হসম দিয়েরে হইলো ইন নো ফারিবো
আমার ফোন নম্বর ব্লক করে দেয় ,আর ফোন নাম্বার ব্লক গরি দিয়ি
আমার পরিবারের অর্থনৈতিক অবস্থা বর্তমানে খুব খারাপ,আরার ফরিবারর অর্থনৈতিক অবস্থা বর্তমানে খুব হারাফ
আমি টুকটাক অনলাইনে কাজ করি ,আই টুকটাক অনলাইনত হাম গরি
আমি অনেক বার তাঁর কাছে ক্ষমা চেয়েছি,আই বহুতবার তার হাসে ক্ষমা চাইলাম
অনেক বলেছি যে এরকম আর ভুলেও হবেনা কখনো,আই বহুবার হইয়ি এল্লা আর নো অইবো
সে রাগ করে আমার সাথে কথা বলে না,সে রাগ গরিয়েরে আর হতা নো হয়
কিন্তু সে তার মন মতোই,কিন্তু সে তার মনর ডইল্লে
আমি অসুস্থ আমাকে একবারও জিগ্গেস করেনা আমি কেমন আছি,আই অসুস্থ আরে একবারও জিজ্ঞেস নো গরে আই কেন আসি
গতকাল রাতে আমাকে বলে দিলো আমি নাকি বেইমান,গতহাল লাতিয়া আরে হই দিয়ে আই নাকি বেইমান
তার জন্য পরিবার মানলে বিয়ে হবে না হলে সে পারবে না,তার লাই ফরিবার মানিকে বিয়া অইবো নো অইলে নো অইবো
আমার ৭ বছরের সব কিছু শেষ,আর ৭ বছরর বেয়াক্কিসু শেষ
আমাদের তিন বছরের সংসার বাচ্চা হয়নি,আরার ৩ বছরর সংসার বাইচ্চা নো অয়
আমি একটা সরকারি চাকরি করি কিন্তু সে কিছু করে না,আই এক্কান সরহারি যরি গরি সে কিছু নো গরে
"বাবার টাকার উপরে বসে খায়, নেশা করে প্রতিদিন ঝগড়া তার নিয়মিত কাজ","বাবার টেয়ার উওরত হায়, নেশা গরন হইজ্জে গরন নিয়মিত হাম।"
আজকে রাতে গায়ে হাত তুলেছে,আজিয়া লাতিয়া গাত আত তুইল্লে
আমার বড় বোনের বিয়ে হয়েছে ১৩ বছর,আর ডর ভোইনর বিয়া অইয়ে ১৩ বছর
বিয়ের ১ বছরের পরপরই ওদের মেয়ে হয়,বিয়ার এক বছর ফর এক্কান মাইয়াফোয়া অয়
কিন্তু কিছুদিন পরেই তাদের মধ্যে ঝামেলা শুরু হয়,কিন্তু কিছু ফরি তারার ভিতরত ঝামেলা শুরু অয়
অনেকবার সবাই কথা বলেছে বোঝাতে চেয়েছে যে কি সমস্যা কিন্তু কোনো সমাধান হয়নি,বহুবার বেয়াকে হতা হইয়ে বোঝাইত চাইয়ে যে কি সমইস্যা সমাধান নো অয়
আমার বোনও চাইতো না কোনো ছাড়াছাড়িতে যেতে,আর ভোইনও নো চাইতো চত তালাকর লাই
মেয়ের মুখের দিকে তাকিয়ে ঝগড়া করেই থাকতো,মাইয়াফোয়ার মুখর মিক্কে সাইয়েরে হইজ্জে গরি যাইতো
মেয়ের পড়ার খরচ দেয়না ঠিকমত,মাইয়াফোয়ার ফড়ার হরন নো দেয় ঠিকগরি
আমার পরিবারের সবাইকে নিয়ে আজেবাজে কথা বলে,আর ফরিবারর বেয়াক্কুনে আজে বাযে হতা হর
সে বোনের গায়ে হাত তোলে এই কথা সবাই জানে,সে ভোইনর গাত আত তুলে ইন বেয়াক্কুন যানে
আমরা তাকে বলেছি একসাথে কথা বল কি সমস্যা,আরা তারে হইলাম মিলিয়েরে হতা হোনা কি সমইস্যা
কিন্তু সে বলেছে যা বলার ডিভোর্স লেটারে বলবে।,কিন্তু সে হইয়ে যা হোনর তালাক নামাত হইবো
এখন আমরা কি করবো?,এহন আরা কিত্তাম?
একজন মা মেয়ের সংসারে এইভাবেই কি অশান্তি করতে পারে,একজন মাইয়াফোয়ার সংসারত এইল্লে অসান্তি অইত্তারে না?
আমার ভাই আমদের পুরো পরিবার দেখাশোনা করে,আর ভাই আরার গডা ফরিবার দেহা শুনা গরে দে
আমার আব্বু রাজি ছিল না তবুও আমি আর আম্মু জোর বিয়ে করাই,আর আব্বু রাজি নো আসিন কিন্তু আই আর আম্মু মিলিয়েরে জোর গরি রাজি গরাইয়ি।
মেয়েকে দেখে ভাইয়ের পছন্দ হয়েছিল,মাইয়া দেহিয়েরে ভাইয়ার ফসন্দ অইয়ে
বিয়ের প্রথম ৩ মাস ভালোই চলছে,বিয়ার ৩ বছর ভালোই চইল্লে
আমার ভাইয়ের অবস্থা ওতো ভালো না,আর ভাইওর অবস্থা এইল্লে ভালা নো
মেয়ের মা এগুলো দেখেই বিয়ে দিছে,মাইয়ার মা ইন দেহিয়্য্যেরে বিয়া দিয়ি
তারপর থেকেই মেয়ের আচরনে পরিবর্তন দেখা যায়,ইয়ার ফরত্তুন মাইয়ার ফরিবরতন দেহা যার
আমার মা সব কাজ একা করছে,আর মা বেয়াক হাম এহ্লা গইজ্জে
মেয়ের মা একদিনও আমাদের বাড়ীতে আসে নাই,মাইয়ার মা একদিনউ আরার বাড়ি নো আইয়ে
আমার আম্মুর সাথে ঝগড়া করে আমার ভাইয়ের বউ,আর আম্মু ফোয়ারিত ঝগড়া গরেদে আর ভাইয়র বউ
এই দুনিয়াতে আম্মু আব্বু ভাই ছাড়া আমার কেও নাই,এই দুনিয়াত আম্মু আব্বু ভাই ছাড়া হনিক্কা নাই আর
এই মেয়ে রীতিমতো আমার ভাই আর মাকে কষ্ট দিচ্ছে,এই মাইয়া রিতিমত আর ভাই আর মারে হস্ট দেদ্দে
আমার ভাই আম্মুকে ধরে শুধু কান্না করে,আর ভাই আম্মুরে দরিয়েরে হালি হাদে
মা কেন আমি এই জাগায় গেলাম,মা কিল্লাই আই এই যায়গাত গেইলাম
মেয়ের মা আমার আম্মুকে বলছিল যে আপনাদের টিনের ঘড় দেখে বিয়ে দিছি,মাইয়ার মা আর আম্মুরে হইলো অনেরার টইনর ঘর সাইয়েরে বিয়া দিয়ি
এখন এটার সমাধান কোথায় পাবো,এহ্ন ইয়ানর সমাধান হিদে ফাইয়ুম
আমার স্বামী হাসপাতাল এসেছে আমার বাবাকে দেখতে নয় আমাকে নিতে,আর জামাই হাসফাতালত আইসসে আর আব্বুরে দেহিতো নয় আরে লইবেল্লাই আইসসে দে
হাসপাতালে এসেই আমাকে বলে চলো বাসায় যাই,হাসফাতালত আইয়েরে হর চলো বাসাত যাই
কালকে আমাদের বাসায় মেহমান আসবে,হালিয়া আরার বাসাত মেহমান আইবো
মানুষের বিবেকবুদ্ধি কতটা খারাপ হতে পারে,মানুষর বিবেকবুদ্ধি হত হারাফ অইত্তারে
আমার বাবা অসুস্থ হাসপাতালে আর সে এসেছে আমাকে নিতে,আর বাবা অসুস্থ আর সে আইসসে আরে লইবেল্লাই
আমি ওকে বলে দিয়েছি আমি আর তোমার সাথে সংসার করবো না,আই ওরে হইদিয়ি আই তোওয়ার ফোয়ারিত সংসার নো গইজ্জুম
তোমার সংসারের প্রয়োজন মেটানোর জন্য আমার জন্ম হয়নি,তোওয়ার সংসারত ফ্রয়োজন মিটাইবেল্লাই আই জন্ম নো লই
আমার বাবার প্রতি আমার কিছু দায়িত্ববোধ আছে,আর বাবার ফ্রতি তোওয়া দায়িত্ব আসে না
অনেক তোমার সংসারে দায়িত্ব পালন করেছি,বহুত তোওয়ার সংসারর দায়িত্ব ফালন গইজ্জি
এখন আমি আমার বাবা দায়িত্ব পালন করব,এহন আই আর বাবার দায়িত্ব ফালন গইজ্জুম
আমার স্বামী আমার কথা শুনে রাগে হাসপাতাল থেকে বের হয়ে গেছে,আর জামাই আর হতা ফুনিয়েরে রাগ অইয়েরে হাসফাতালত্তুন বাইর অই গিয়ি
আমার একটুও কষ্ট হচ্ছে না,আর এক্কানউ হস্ট নো অর
দয়া করে পরিচয় গোপন রাখবেন,দয়া গরি হনিক্কেরে ফরিচয় নো দিওন
অনেক পরিচিত লোকজন আছেন,বহুত ফরিচিত লোকজন আসে
আমি জানি না কীভাবে শুরু করবো,আই নো জানি কেনে শুরু গইজ্জুম
কখনো ভাবিও নাই আমার এখানে পোস্ট করে সাহায্য চাইতে হবে,হনোদিন নো ভাবি এইল্লে গরি পোস্ট গরন ফরিবো
আমি নিজেই অনেক জনকে উপদেশ দিয়েছি,আই নিজেই বহুত মানুষরত উফদেস দিয়ি
এখন নিজেই আর পারছি না,এহন নিজেই আর নো ফারির
যাইহোক আসল কথায় আসি,যাই অক আসল হতাত আই
আমার বিয়ে হয়েছে দেড় বছর,আর বিয়া অইয়েেদে দেড় বছর
বলে রাখা ভালো এইটা আমার এবং আমার স্বামীর ২ জনেরই দ্বিতীয় সংসার,বলি রাহা ভালা আসিল আই আর আর জামাইর দুই বিয়া
"আমার বাবা,ভাই,বোন কেউ নেই",আর বাবা ভাই ভোইন হনিক্কে নাই
আমার বিয়ের ২ মাসের মাথায় আব্বু মারা গেছেন,আর বিয়ার দুই মাসর মাতাত আর বাবা ইন্তেকাল গইজ্জে
আমার শুধু আম্মু আছেন,আর হাাইল্লে আম্মু আসে দে
প্রথমে আমার স্বামীর কথায় আসি,ফ্রথমত আর জামাইর হতাত আই
আলহামদুলিল্লাহ সে খুব ভালো একজন মানুষ,আলহামদুলিল্লাহ সে এক্কান ভালা মানুষ
স্বামী হিসেবে একদম নিখুঁত,জামাই হিসেবে সে খুব নিখুদ
তাকে নিয়ে আমার অভিযোগ এর কোন জায়গা নেই,তারে লই আর হোন অভিজগ নাই
সমস্যা টা হচ্ছে কয়েক মাস আগে থেকে আমার শাশুড়ী মাকে নিয়ে,সমইস্যা কান অইলদে কি আর ওরি মারে লই
আমি খেয়াল করছি উনি আর উনার ছেলের সম্পর্ক খুব খারাপ,আই খেইয়াল গইজ্জি দে তারার মার ফুতর সম্পর্ক খুব হারাফ
"আমার স্বামীর একটা সমস্যা আছে ,ও একটু চিল্লায় কথা বলে",আর জামাইর এক্কা্কান সমইস্যা আসে সে এক্কানা সিল্লাই হতা হয় 
আমি দেখেছি সব সময় এমন কাজ করেন যার জন্য উনার ছেলে অনেক রাগ করেন,আই দেইক্কি সব সমত এনে হাম গরে যার হারনে তার ফোয়া রাগ গরে
কিছু বললে উনি সেইটা অন্যভাবে নিয়ে চিল্লাচিল্লি করেন,কিছু হইলে ইয়ান আন্য ভাবে লইয়েরে চিল্লাচিল্লি গরে
উনি যেইটা বলবে সেইটাই ঠিক আর সেইটাই করবে,উনি যিয়ান হইয়ে ইয়ানই ঠিক আর ইয়ানি হইবো
কারো কথা উনি শুনেন না,হারো হতা উনি নো ফরে
উনার কারো সাথে ভালো সম্পর্ক নেই,উনির ফোয়ারিত হনিক্কের এল্লে সম্পর্ক নাই
আমার স্বামীর সবকিছুতে উনি দোষ দেখেন,আর জামাই বেয়াাক্কিসুত দোস কুজে
সবাইকে বলেন ইদানীং আমার ছেলে বদলে গেছে,বেয়াক্কুনেরে হইদোন আর ফোয়া ইদানিং ফালটি গিয়োই
গতকাল একটা ছোট বিষয় নিয়ে বলেন বিয়ের পর ছেলেরা কেমন বদলে যায়,হালিয়া এক্কান ছোডো বিষয় লইয়েরে হোন বিয়ার ফোর মরত ফওয়াইন হইল্লে ফালটি যায়
উনাদের মা ছেলের সম্পর্ক খারাপ এর প্রভাব আমার উপর আসে,ইতারার মা ফোয়ার সম্পর্ক হারাপ ইয়েনোর প্রভাব আর উওরত আইয়ে
আমি আমার স্বামীর সাথে রাগ করি কেনো তাদের এরকম কথা কাটাকাটি হয়,আই আর যামাইর রাগ কিল্লাই গোরি ইতারার হোতা এইল্লে হাডাহাডি অয়
ও আমাকে কোন কাজে সাহায্য করে,ইতি আরে কোন কামত লাগের দে
"কিছু কিনে দিতে চাইলে,কোথায় ঘুরতে নিয়ে যেতে চাইলে উনি সেইটা ভালোভাবে নেন না","কিছু কিনো দিতু চাইলে,কোনো মিক্কা ঘুরাবাইলার লই যাইত চাইলে ইবার ভালাগরি ন লই"
উনার আমলের উদাহরণ দেন উনি কি করেছেন,"ইবে দে আমলের কতা হর, ইবি নিজে কি গরজ্জী দে"
আমাদের আর উনাদের সময় তো এক না,আরার আর ইবার সময় তো এক্কই নো
আমার বাসার কেউ আসলে উনি বাসায় ঝগড়াঝাটি শুরু করে দেন,আর বাসাত কেউ আইলে ইবে হইজ্জা শুরু গরি দে
আমার স্বামী বাসায় কিছু আনলে সবার জন্য নিয়ে আসেন,আরর জামাই বাড়ীত আইলে বেক্কুনলায় কিছু না কিছু লই আয়ই
তাও মার অভিযোগ ও কিছু আনে না,হাজার হইলেও ইতি মারে লই কিছু নো হই
কিন্তু আমি নিজেই দেখেছি ও মাকে কত ভালোবাসে,কিন্তু আই নিজের চোখত হতোবার দেইখ্খি ইতি ইতার মারে বওত ভালোবাসে
এইটা ওইটা কিনে দিতে চাইলে বলে টাকা নষ্ট করিস না,ইবা ইবা কিনতো গেইলে আরে হওয় দে ট্যায়া নষ্ট ন গরিস
আমার আম্মু আসছে আমাদের বাসায় ৬ মাস পরে,আরর আম্মা আইস্সে দে আরার গরত ৬ মাস পর
আম্মুর সামনে উনারা যা তা ঝগড়া করেন,আম্মার মুঅনে ইতারা হইজ্জা গরে
ভালো ব্যবহার করেন না,ইতার কতা বার্তা ঠিক নাই 
একসাথে বসে খায় ও না,এখত্রে বয়ইনে নো খাই
আম্মু এসব দেখে খুব কষ্ট পাচ্ছেন যেহেতু আমার বাবা নেই,"আম্মা এইন দেখিনে বওত কষ্ট ফার,তার উদ্দি আর আব্বা ও নাই "
আমার স্বামী এসব নিয়ে কিছু বলতে গেলে উনি মনে করেন বউ ছেলের হয়ে গেছে,আর যামাই ইন লইয়েরে কিছু হইতে গেলে মনে গরেদে বউ ফোয়ার অই গিয়োই
উনার আরো একটা ছেলে আছে,ইবার উগ্গো ফোয়া আছে
সে চাকরি করে বিয়ে বিয়ে করে নাই,"ইতে চওরি গরে, বিয়ে বিয়ে নো গরে"
মার কাছে ছোটো ছেলেই সব,"মা ওর কাছত, ছোড পোয়া বেক"
তার ছোটো ছেলের কোন দোষ নেই,ইতার ছোড পোয়ার কোনো দোষ নাই 
আমি নিজে দেখেছি সে কেমন বাজে ব্যবহার করে মায়ের সাথে,"আই নিজোর চোখত দেইখ্খি ,ইতি ইতার আম্মার লাই খারাপ কতা হয়"
সংসার এর সব খরচ আমার জামাই দেয়,গরর বেক ট্যায়া  আর জামাই দে যে
সব কাজ আমি করি উনি একটা কাজ ও করেন না তাও আমরা খারাপ,"বেক খাম আই গরি,ইবে উগ্গোও খাম নো গরে , তওও আরা হারাপ"
আমার চাচা শ্বশুর সবাই আলহামদুলিল্লাহ নিজেদের বাড়ি গাড়ি করে ফেলেছেন,আর চাচা ওওর বেক্কুনে আলহামদুলিল্লাহ নিজেগোর বাড়ি গাড়ি গরি ফেলাইই
উনি নামাজ কালাম ও ঠিক মত পড়েন না,ইতি নামাজ কালাম ও নো পড়ে
আমি এখন এইগুলো মেনে নিতে পারছি না,আই এহন ইউন মানিত নো পারির
আমি চাচ্ছি আলাদা বাসায় চলে যাবো আমরা,"আই চিন্তা গরির দি, আই আলাদা বাসাত চলি যাইয়ুম"
এইটা কি ঠিক সিদ্ধান্ত হবে আমাদের জন্য?,ইবা কি টিক সিদ্ধান্ত ওইবো নে আরোর লায়?
আমার বিয়ে হয়েছে চার বছর,আর বিয়া অইয়ে চাইর বছর।
আমার মা মারা গেছে আট মাস আগে,আর মা ইন্তেকাল গইজ্জে আট মাস আগে
আমি আমার বাবা মার একমাত্র সন্তান,আই আর বাফোর একমাত্র সন্তান
মা মরে যাওয়ার পর বাবা খুব একা হয়ে গিয়েছে,মার ইন্তেকালোর ফোর খুব এহলা অইগিয়ে
তাকে দেখার মত তেমন কেউ নেই,তারে দেহার লাই  এইল্লে হনিক্কে নাই।
আমি আমার সাধ্য অনুযায়ী চেষ্টা করি বাবার খোঁজ খবর নিতে,আই আর সাধ্য মত চেষ্টা গরি বাফোর হোয হোবর লইবেল্লাই
আমার শ্বশুরবাড়ির লোকজন এটা একেবারেই পছন্দ করে না,আর অররবাডির মানুষ তারা আরে এক্কেরে ফোছন্দ নো গরে
বাবার খোঁজখবর রাখার চেষ্টা করি সব সময়,বাফোর হজহবর রাহিবার চেষ্টা গরি সব সমত
আমার স্বামী এবং তার বাড়ির লোকজন কোনভাবেই রাজি না,আর জামাই আর তারার বাড়ির মানুষ তারা হোনভাবেই রাজি নো
একটা মেয়ের বিয়ে যাওয়ার পর তার পরিবারের প্রতি তার কি কোন দায়িত্ব থাকতে পারে না?,এক্কান মাইয়াফোয়া বিয়েরফোর তার ফরিবারর প্রতিতার কি হোন দায়িত্ব তাকিন্ন ফারে?
একটা ছেলে যেমন তার বাবা-মার দায়িত্ব পালন করে,এক্কান মরত ফোয়া তার মা বাফোর দায়িত্ব ফালন গরে 
একটা মেয়েও যদি তার বাবার দায়িত্ব পালন করে সেই ক্ষেত্রে সমস্যাটা কোথায় আমি জানিনা,এক্কান মাইয়াফোয়াও যদি তার বাফোর দায়িত্ব ফালন গরে ইয়েনত সমইস্যা হডে আই নো যানি
ঈদ গেছে দুইদিন পার হয়ে গেল,ঈদ অইয়েদে দুইদিন ফার অই গিয়য়ি
আমি আমার বাবার বাসায় যাওয়ার অনুমতি পাচ্ছি না,আই আর বাফোর বাড়ি যাইবার অনুমতি নো ফাইর
তাদের অনুমতির অপেক্ষা করতে হচ্ছে,তারার অনুমতির অফেক্কা গরন ফরের
আমরা সবাই ঢাকায় থাকি,আরা বেয়াক্কুন ঢাহাত তাকি
আমাদের পুরা বাড়ি জুড়ে বাবা একা দুই তিনজন কাজের লোক আছে সাথে,আরার ফুরা বাড়িত বাবা এহলা দুই তিনজন মাইনসের ফওয়ারিত আসে
বাবা খুব করে চাচ্ছিল যেন আমি বাসায় যাই,বাবা কুব গরি ছার আরা যেন বাসার যাই
আজ রাতে বাবা হঠাৎ করে অসুস্থ হয়ে পড়েছে খবর শুনে হাসপাতালে এলাম,আজিয়া লাতিয়া বাবা হতাৎ অসুস্থ অইগিয়ে ইয়ান ফুনিয়েরে হাসফাতালত আইসসি
রাতের বেলায় হাসপাতালে আসতে চাইলাম সেখানেও বাধা,লাতিয়া হাসফাতালত আইতে সাইলাম ইয়ানতও বাধা
সব বাধাকে পিছনে ফেলে আমি একাই হাসপাতালে এসেছি,সব বাধা ফিচ্চে ফেলি এহলা হাসফাতালত আই গিয়ি
আমার স্বামী আমার সাথে আসেনি,আর জামাই আর ফওয়ারিত আইন্নফারের
তাদের কথাবার্তা শুনে মনে হয়েছিল আমাকে বিয়ে করেছে মানে আমাকে কিনে নিয়েছে,ইতারার হতাবার্তা ফুনি মনত অর আরে বিয়া গইজ্জে মানে আরে কিনি ফেলাইয়ে
বাবাকে হাসপাতালে দেখে খুব খারাপ লাগছে,বাবারে হাসফাতালত সাইয়েরে খুব হারাফ লাইগগে
আমি মনে হচ্ছে ভুল মানুষের সাথে সংসার শুরু করেছি,আত্তুন ভুল মানুষের ফোওয়ারিত সংসার গইজ্জি
নিজের পছন্দ বিয়ে করাটা উচিত হয়নি,নিজের ফসন্দ মতন বিয়া গরন ঠিক নো অয়
আমি এখন থেকে সিদ্ধান্ত নিয়েছি আর কারো কথা আমি শুনবো না,আই এহনেত্তুন সিদ্ধান্ত লইয়ি আর হনিক্কের হতা নো ফুইন্নুম
যতদিন ইচ্ছা বাবার বাসায় থাকবো বাবার সেবা যত্ন করব,যতদিন মনত ছায় বাফোর বাড়িততাইক্কুম বাবার সেবা গইজ্জুম
এতে যদি আমার স্বামীর খুব বেশি সমস্যা হয়,ইয়েনত যদি আর জামাইর খুব বেসি সমইস্যা অয়
তাহলে তার সাথে আলাদা হয়ে যাব,তাইলে আলাদা অই যাইয়ুম
আমার সিদ্ধান্ত ভুল না সঠিক তা জানিনা,আর সিদ্ধান্ত গম না হারাফ তা নো জানি
আমার সম্পর্কের ৪ বছর হতে চলল,আর সম্পর্কর চার বছর অই যার
ছেলে আর কেউ না আমারই খালাতো ভাই ,ফোয়া আর হনিক্কা নয় আর হালতো ভাই
উনি দেশের বাহিরে থাকে খুব ঘন ঘন আসা যাওয়া করত,উনি বিদেশ তাহে বেস বেস আসা যাওয়া আসিল
তাই সম্পর্কটা বেশ ভালই ছিল,এতেল্লাই সম্পর্কগান ভালা আসিল
উনি দেশে আসলে আমাকে এয়ার্পোটে যাইতে হইত,উনি দেশেত আইলে আত্তুন এয়ারফোর্টত যন ফইত্তো
এরপর সে আরেকটা ফ্লাইটে করে বাসায় যাইত,এয়ারফোরত আরেক্কান ফ্লাইটেত গরি বাসাত যন ফইত্তো
আমার সাথে সে আগে দেখা করত,আগে আর ফোয়ারিত দেহা গইত্তো
উনি শুধুমাত্র আমার সাথে দেখা করার জন্য দেশে আসছে,উনি শুধুমাত্র আর ফোয়ারিত দেহা গরিবেল্লাই দেশত আইসসে
সে তাঁর বাসায়ও যায়নি,সে নিজের বাসাতও নো যায়
উনার কাজ বাদে যেইটুকু সময় থাকত আমার সাথে কথা বলতো ,উনার হামকাজর ফরে যদ্দুর সময় তাইতো আর ফোয়ারিত হতা হইত
আমি তাঁর সাথে সারারাত জেগে ফোনে কথা বলতাম,আই তার ফোয়ার গোডা লাইত যাগিয়েরে হতা হইতাম
ডিসেম্বর মাসে সে তার পরিবারকে জানায় আমার কথা,ডিসেম্বর মাসত আর হতা হইয়ে তার বাসাত
তার পরিবার কোনোমতেই এই বিয়েতে রাজি না,তার বাসাত্তুন আরে বিয়াল্লাই হোনভাবেই মানি নো লই
এরপর সে আমার সাথে যোগাযোগ রাখেনি,এয়ার ফরত আর ফোয়ারিত র যোগাযোগ নো রাহে
এইটাই আমার সাথে তার শেষ কথা,ইয়ানি তার ফোরাইত আর শেষ হতা
আমাকে ব্লক করে দেয় সবখান থেকেই,আরে ব্লক গরি দিয়ে বেগ যায়গাত্তুন
আমি নিজে অনেক অসুস্থ,আই বউত অসুস্থ
আমি বিগত ৬ মাস রাতে ঘুমাতে পারি না,গিয়েদে ৬ মাস আই গুম যাইন্নো ফারি
আমি বেশ কিছুদিন আগেই জানতে পারি আমার বড় বোন পরোকিয়ায় লিপ্ত,আই বেস কিছুদিন আগেত্তুন জানি আর ভোইন ডর ইবা ফরোকিয়া গরের
তার অফিসের বিবাহিত এক লোকের সাথে,তার অফিসর এক নিয়াইত্তে বেডার ফোয়ারিত
আমার বোন অবিবাহিত,আর ভোইন আ-বিয়াইত্তে
আমার বোনের কাজ কথা অনেক দিন ধরেই সন্দেহজনক মনে হওয়ায় আমি তাকে নজরে রাখছিলাম,আর ভোইনর হাম গাজ হতা বাত্রা সন্দেহজনক মনে অইয়ে আই এতাল্লাই তারে নজরত রাইক্কিলাম
আমি বিশ্বাস করতে পারছিলাম না আমার বোন এই কাজ করবে,আই বিশ্বাস গরিন্নোফারির আর ভোইন এই হাম্মান গরিবদে
সে নানান বাহানায় বাসায় একা থাকতে চাইতো,সে নানান বাহানা লইয়েরে বাসাত এহলা তাকিবেল্লাই চাইতো
বাসায় আমি ছাড়া কেও কিছু জানে না,বাসাত আই ছাড়া হনিক্কায় হনো কিছু নো যানে
আমার বাবা বেচে নেই,আর বাবা বাসি নাই
সমাজে সবাই আমাদের অনেক সম্মান দিয়ে চলে,সমাজত বেয়াক্কুন আরারে সম্মান দি চলে
আমার বোন কেন এই পথে পা বাড়ালো জানাজানি হলে কিভাবে মুখ দেখাবো সেই চিন্তায় ঘুমাতে পারছি না,আর ভোইন কিল্লাই এই ফোতত ফা বাড়াইয়ে জানাজানি অইলে কেনে মুখ দেহাইয়ুম সেই চিন্তায় গুম যাইন্নফারির
বাসায় কাকে জানাবো কিভাবে জানাবো বুঝতেছিনা,বাসাত হারে হইয়ুম কেনে হইয়ুম নো বুজির
আমি আমার বোনের চেয়ে অনেক বছরের ছোট,আই আর ভোইনত্তুন বউত বছরের ছোড
আমার বোনকে কিভাবে এই পথ থেকে সরিয়ে আনবো কিছুই বুঝতে পারছি না,আর ভোইনেরে কেনে এই ফতেত্তুন সরাই আইন্নুম হনক্কিসু নো বুজির
বাসায় ভয়ে বলতে পারছি না,বাসাত ডরে হইন্নুফারির
যদি আমি জেনে গেছি শুনে আমার ক্ষতি করার চেষ্টা করে,যদি আই জানি গিয়ে ইন ফুনিলে আর ক্ষতি গরিবেল্লাই চেষ্টা গরিব
ঐ লোক যদি আমার বোনের কোনো ক্ষতি করে,বেডা ইবা যদি আর ভোইনর হনো হতি গরে
কি করা উচিত এমন পরিস্থিতিতে,কি গরন উচিত এইল্লে ফরিস্থিতিত
আমার মনে হচ্ছে আমি জেনে গেছি শুনে ওরা আমাকে খুন করতেও দুইবার ভাববে না,আত্তুন মনত অরদে ইতারা জানি গেইলই আরে মারিফেলিবেল্লাই ইতারা দুইবার চিন্তা নো গরিবো
এতো এতো সংসারের ঝামেলা দেখে পোস্ট করা,এতো এতো সংসারর ঝামেলা সাইয়েরে পোস্টান গরন
সন্ধ্যায় আমার মা এসে আমাকে অভিযোগ দিলো আমার বাবার সাথে ঝগড়া হয়েছে আবার,সন্ধ্যায় আয়ার মা আইয়েরে আরে অভিযোগ গরের আর বাফোর ফোওয়ারিত ঝগরা অইয়ে।
আগে পরের হিসাব বাদ আজকে ঝগড়ার বিষয় আব্বু বিদেশে থাকে,আগের হতা বাদ আজিয়া ঝগরার বিষয় আব্বু বিদেশত তাজে
সে সারাদিন কত কষ্ট করে কাজ করে,"সে গোডা দিন হত হস্ট গরের,"
এক বেলা খাওয়ার সময় পায় এসব আম্মু কে বলছে,এক বেলা হানাহাইবার সমত ফায় ইয়েন আম্মুরে হইয়ে
আম্মু তখন উলটে বলছে আমি ও সারাদিন অনেক কাজ করি,আম্মু তহন উল্ডা হইয়ে আইও গোডা দিন বহুত হাম গোরে
গত কাল না খেয়ে রোজা ছিলাম,গত হালিয়া না হাইয়েরে রোজা আসিলাম
এটা শুনে আব্বু রেগে ফোন কেটে দিছে,আব্বু ইয়ান ফুনিয়েরে রাগি ফোন হাডি দিয়ি
আমি আম্মু কে বললাম আব্বু শুনতে চাইছে একটু সান্ত্বনা ,আই আম্মুরে হইলাম আব্বু সান্ত্বনা ফুনিবেল্লাই সাইয়ে
আমিও বুঝি তুমি অনেক কষ্ট করো,আইও বুঝি তুই বহুত হস্ট গর
আম্মুর কথা কয়দিন আগে আমি তাকে একটা কষ্টের কথা বলছি,আম্মুর হতা হয়েকদিন আগোদি আই তারে এক্কান হস্টের হতা হইয়ি
সে আমার সাথে কি করলো আমাকে ও তাই করতে হবে,সে কি হাম গইজ্জে ইন আত্তুনও গরন ফরিবো
এমন মনোভাব নিয়ে সংসারে কখনো সুখ আসে না,এইল্লে মনভাব লইয়েরে হনোদিন সুখ নো আইবো
আমার মার কাছে আমার জামাই খুব ভাল,আর মার হাসে আর জামাই বেস গম
এক কথায় সোনার টুকরো স্বামী আমার,এক হতায় সোনার টুকরা জামাই আর
"আমাকে বোঝে, আমার সব কথা শোনে",আরে বুঝে আর বেয়াগ হতা মানে
আমার হয়ে প্রতিবাদ করে আরো কত গুন,আর অইয়েরে ফ্রতিবাদ গরে আরো হত গুন
আমি তাকে এইগুলো শিখাইছি,আই তারে ইন শিকাইয়ি
আমি রেগে থাকলেও সে বুঝতো না,আই রাগি তাকিলেও সে নো বুজিতো
আমি পাশে বসায়ে বলছি যে এই কাজের জন্য আমার খারাপ লাগছে,আই পাশে বাসাত হইয়ি এই হামোরলাই আর হারাপ লার
এখন তুমি আমার কাছে ক্ষমা চাও,এহন তুই আর হাসে মাফ সদ্দে
আমি তাকে কখনো তার কোনো কাজ নিয়ে খোটা দেই নি,আই তারে তার হামরলাই হডা নো দি!
আমি একটা কষ্টের কথা বললে সে নিজের কষ্টের কথা বলছে,আই এক্কান হষ্টের হতা হইলে সেও নিজের হষ্টের হতা হর
আমি আমার বিষয় সাইডে রেখে তাকে সান্ত্বনা দিছি,আই আর বিষয়কান সাইডে রাহিয়েরে তারে সান্তনা দোন ফোরের
সে যেভাবে আমাকে আশা করছে আমি নিজেকে সেভাবে উপস্থাপন করছি,সে জেইল্লে আত্তুন আসা গরে এইল্লে আই নিজেরে রাহি
আমার কখনো মনে হয় নি আমি কেন ছোট হবো,আর হনো সমত মনত নো অয় আই ছোট অইয়ুম!
ও আমার সাথে এটা করছে আমিও ওর সাথে এটা করবো,ও আর ফোয়ারিত ইয়ান গইজ্জে এতাল্লাই আইও ইয়ান গইজ্জুম
ও বোঝে না আমার ঠেকা নাই বুঝানোর,ইতে নো বুজে আত্তুনও ঠেকা আসে না আইও বুজাইতাম
মানুষ যার যার নিজের মত,মানুষ যার যার নিজের ডইল্লে
আমি বিশ্বাস করি কাউকে যদি আমি নিজের মত চাই তাহলে নিজের মত বানিয়ে নিতে হবে,আই বিশ্বাস গরি হনইক্কে যদি আরে নিজের ডইল্লে চায় তাইলে বানাইত্তারিবো
কাউকে নিজের মত বানানোর জন্য আগে আমাকে তার মত হতে হবে,হনইক্কেরে নিজের ডইল্লে বানাইবের আগদ্দি আরে তার ডইল্লে অন ফরিব
এটা জরুরি না সব সময় সব কিছু অপর জন করবে,ইয়ান জরুরি নো সব সমত বেয়াক্ককিসু অরেকজন গরিবো
আপনি নিজে কিছু একটা করেন,অনে নিজে কিছু এক্কা গরন
আমার স্বামী পর পর ৩ বছর আমার জন্মদিন মনেও রাখে নি, আই জামাই ফর ফর ৩ বছর আর জন্মদিন মনত নো রাহে
আমি পর পর ৩ বছর তাকে সারপ্রাইজ দিয়েছি জন্মদিনে,আই ফর ফর ৩ বছর তারে সারপ্রাইজ দিয়ি জন্মদিন
আমি কিন্তু এটা ভাবি নি যে ও মনে রাখে না আমি কেন করতে যাবো,আই কিন্তু ইয়ান চিন্তা নো গরি যে ও মনত নো রাহে আই কিল্লাই মনত রাহিতাম
আর এবছর সে বিশাল করে সারপ্রাইজ দিয়েছে আমাকে,আর এই বছরত যেই বিশাল গরিয়েরে সারপ্রাইজ দিয়ে আরে
কেক এর উপর লেখা ছিল শুভ জন্মদিন আমার বউ,কেকের উদ্দি লেখা আসিল দে শুভ জন্মদিন আর বউ
সময় লেগেছে কিন্তু আমি যা তার থেকে চাই সেটা কিন্তু ঠিক বের করে এনেছি,সময় লাইজ্ঞে যিন আই তাত্তুন সাইয়ি ঠিক বাইর গরি ফেইল্লি
কাউকে তোমার কথা শুনাতে হতে আগে তুমি তার কথা শোনো,হনিক্কের হতা ফুনার আগদ্দি ইতার হতা ফুনো!
আমরা তিন ভাই বোন আমি সবার বড়,আরা ৩ ভাই ভোইন আই বেয়াক্কুনের ডোর
"আমার মা ,ভাই, বোন বরিশালে থাকে",আর মা ভাই ভোইন বরিশাল তাহে
আমি সিলেট থাকি,আই সিলেট তাহি
ঢাকায় এসেছি এসএসসি পরীক্ষা দিয়ে,ঢাহাত আইয়েরে এসএসসি ফরিক্ষা দিয়ি
"ছোট খালার বাসায়,তার বাসায় থেকেই পড়ালেখা করে এইচএসসি পরীক্ষা দিয়েছি",ছোড হালার বাসাত তাকিয়েরে ফন্না ফরিয়েরে এইচএসসি ফরিক্ষা দিয়ি
আমার খালার বাসাতে ফেরা কি ঠিক হবে,আর হালার বাসাত যন কি ঠিক অইবনা
আম্মু খালা লেখাপড়ার জন্য ঢাকায় ফিরতে বলবে আমি যেতে পারবো না,আম্মু হালা লেহাফড়ার লাই ঢাহাত যাইতে হইলে আই যাইন্ন ফাইজ্জুম
ঐ লোকের সামনে আমি দাঁড়াতে পারবোনা, ঐ লোকর সামনোদি আই দারাইন্নো ফাইজ্জুম
আমার মতো এতো ভুল মনে হয় কেউ করে না,আর ডইল্লে এইল্লে ভুল হনিক্কে নো গরে
আমি তো সত্যি ভেবেই ভুলে জড়ায় পরতাম,আইতো আসলেই ভুল ফোতে জরাই যাইতেম
আমি কিভাবে বুঝতাম যে মানুষগুলো সঠিক না,আই কেনে বুজিত্তাইত্তাম মানুষ তারা সঠিক নো
আমার প্রথম ভালোবাসার মানুষটা ছিলো ভুল,আর প্রথম ভালোবাসা আসিল ভুল
সে পুরো ৬ বছর আমাকে ঠকাইছে,সে গোডা ৬ কান বছর আরে ঠকাইয়ে
প্রতিবারই আশা করতাম যে ভালো হয়ে গেছে,ফ্রতিবারই আসা গইত্তেম ভালা অই গিয়ই
শেষ বার যে মেয়ের জন্য আমায় ছেড়ে গেছিলো শুনছি সে নাকি অনেক সুন্দর,শেষ বার যেই মায়া ফোয়ার লাই আরে ছাড়ি দিয়ি ফুইন্নিদে মাইয়াফোয়া ইবা নাকি বহুত সুন্দর
দুনিয়া তে আসলে চেহারার সুন্দরই সব,দুনিয়াত আসসলে চেহারার সুন্দর এই বেয়াক্কিসু
আমার মনটা কেউ বুঝে নাহ,আর মন নো বুঝে
তারপর আমি আবার ভুল করছিলাম,তারফর আই আবার ভুল গরি বেলাইয়ি
কোনো এক ভাবে আমাদের কথা শুরু হয়,হোন এক ভাবে আরার হতা শুরু অয়
ধিরে ধিরে দুর্বল হয়ে পড়লাম তার প্রতি,ধিরে ধিরে আই দূরবল অই যাইলাম তার ফ্রতি
সেও আমার প্রতি দুর্বল হয়ে গেছিলো,সেও আর ফ্রতি দুরবল অই গিয়ি
একটা সময় পর বুঝলাম যে আমরা একে অপরকে চাই,এক্কান সময় ফর বুঝিলাম যে আই একে অফরকে চাইর
প্রথম দিকে আমি খারাপ ব্যবহার করতাম,ফ্রথম আই হারাফ আসরন গইত্তেম
প্রথমবার ঠকার পর একটা ভয় ঢুকে গেছিলো ভিতরে,ফ্রথম বার থকিবার ফর ডোর আই গিয়ি আর ভিতরত
তাকে আমি বলে নিছিলাম যে আমার তোমাকে বিশ্বাস করতে সময় লাগবে,তারে আই হইলাম যে আত্তুন তোওয়ারে বিশ্বাস গইত্তে সময় লাইবো
সে বলছিলো সমস্যা নাই,সে হইয়েদে সমইস্যা নাই
আমি তোমার পাশে আছি,আই তোওয়ার ডাহদ্দি আসি
তোমার সব কথা মেনে নিবো,তোওয়ার হতা মানি লইউম
ঝে মাঝে ঝগড়া হতো কিন্তু সেইদিনই সব ঠিক হয়ে যাইতো,মাঝদ্দি ঝগড়া অইতো আবার সেই দিনত থিক অই যাইতো
সে আমার ছোট ছোট পছন্দের জিনিসও খেয়াল রাখতো,সে ছোট্ট ছোট্ট পছন্দ হেয়াল রাখিতো
দ্বিতীয় জনকে পেয়ে নিজেকে খুব ভাগ্যবতী মনে হতো,আরেকজন ফাইয়েরে নিজেরে বহুত ভাগ্যবতি মনত অইতো
আমার সাথে বাজে ব্যবহার করতে থাকলো,আর ফোয়ারিত হারাফ ব্যবহার গইরতো
ততোদিনে আমি তার প্রতি অনেকটাই দুর্বল হয়ে গেছি,ততোদিনত আই তার ফ্রতি দুরবল অই গিয়ি
সে আমাকে ঝগড়া হলেই সব সময় অপমান করে,সে আর ফোয়ারিত ঝগড়া অইলেই আরে অফমান গরে
পরিবার তুলে গালি দেয়,ফরিবার তুলিয়েরে গাইল দে
আমি দ্বিতীয় বার ভালোবেসেও ঠকে গেছি,আই আরো একবার ভালোবাসিয়েরে ঠকি গেইলাম
তবে আমি তাকে এখনো ভালোবাসি,তবে তারে আই এহনো ভালোবাসি
তার দেয়া কথা গুলা মাঝে মাঝে মনে পড়লে অনেক হাসি আসে,তার হতা বাত্রা মাঝদ্দি মনত ফরিলে বহুত আসি আইয়ে
তার কি একটুও মনে পড়ে না আগের দিনের কথা?,তার এক্কানো কি মনত নো ফরে আগের হতা?
সে কিভাবে পারলো এতো স্বপ্ন দেখানোর পরে আমাকে ঠকাইতে?,সে কেনে ফাইল্ল এতো সপ্ন দেহাইয়েরে আরে ঠহাইতো?
এখন নিজেকেই আর বিশ্বাস করতে পারি না,এহন আর নিজেরে বিশ্বাস গরিন্নো ফারি
কি ছিলাম আর কি হলাম,কি আসিলাম কি অই গিয়ি
আমার বিয়ের বয়স ২২ মাস,আর বিয়ার বয়স ২২ মাস
আমার ৮ মাসের একটা ছেলে বাবু আছে,আর ৮ মাসর এক্কান মরত ফোয়া আসে
এই করোনায় অনার্স ফাইনাল ইয়ারে থাকাকালীন বিয়ে হয়ে যায় আমার,এই হরনাত অনার্স ফাস ফাইনালত তাকিতেই বিয়া অইয়ে আর
আমি গনিতে অনার্স করতেছিলাম,আই গনিতের উওরত অনার্স গরিত্তাসিলাম
এদিকে যার সাথে বিয়ে হয় সে অশিক্ষিত,এ সাইডদ্দি যার ফোয়ারিত বিয়া অইয়ে সে অসিক্ষিত
সে স্কুলেই যাইনি কখনো,সে স্কুলত নো যায় হোন দিন
"বিয়ের সময় বলছিলো ছেলে শিক্ষিত,ঢাকায় চাকরি করে",বিয়ার সমত অইলো আরারে ফোয়া শিক্ষিত ঢাহাত চরি গরে
আমার বর ছোটবেলায় তার মা হারায়,আর বর ছোটহালত তার মা ইন্তেকাল অই যায়
বিয়ের সময় বলছিলো বরের বাড়ি আছে,বিয়ার হইলো বরর বাড়ি আসে
এসব নিয়ে আমি সমস্যা করি নি,ইয়েন লইয়েরে বেঝাল নো গরি আই
বোনকে বাসায় পাঠিয়ে দিয়েছি,ভোইনেরে বাসাত ফাডাই দিয়ে
আমি এক কাপড়ে বাসা থেকে বের হয়ে এসেছি,আই এক হরত বাসাত্তুন আই গিয়ি
কাল ঘটনাটা শোনার পর থেকে আমার দম বন্ধ লাগছিল,হালিয়া ঘটনাকান ফুনিবার ফরত্তুন আর দম বন্দ লার
আমার স্বামী বাসায় ফিরলেই আমার কোলে মাথা রাখে,আর জামাই বাসাত আইলেইয়ার হোলত মাতা রাহে
আমি একজন মেয়ে বয়স ২৩ বছর,আই একজন ২৩ বছরর মাইয়ে ফোয়া
আমার বিয়ে হয়েছে ১ মাস,আর বিয়া অইয়ে ১ মাস
আমার স্বামী ভালো অনেক,আর জামাই বহুত ভালা
আমি কিছুই জানতাম না,আই হোনো কিছু নো জানিতাম
কি হবে তার জন্য কেঁদে?,কি অইবো তার হাদিয়েরে?
সে তো বুঝবেনা,সে তো নো বুঝে
তুমি বোকার মতো তাকে নিয়ে ভেবে বসে থাকবে কেন,তুই বলদের ডেক্কে ইতেরে লই বই তাহিবি কিল্লাই
আমার ইচ্ছা আমি ভাব্বো ,আর ইচ্ছে আই ভাইব্বুম
আমি তো বোকাই ,আই তো বলদ
আমি কি বোকা? ,আই কি বলদ নে?
তুমি অনেক চালাক,তুই বত বড় সেয়ানা
আমি বার বার ভালোবেসে ঠকে গেছি,আই বারবার মঅব্বত গরি ধরা হাই 
ভালোবাসা অনেক কষ্টের ,মঅববত বত হষ্টের
তোমার এক ফোটা হাসি দেখার জন্য বসে আছি ,তোয়ার এক্কান হাসি দেইবারলাই বই আসি
একটু আগেই ঝাড়ু দেওয়া হয়েছে,এক্কানা আগে ঝাড়ু মারা ওইয়্যে
পানি দিয়ে মুছে দেওয়া হয়েছে,ফানি দিয়েনে দুই দিইয়্যে
শিক্ষার্থী নতুন ভর্তি হয়েছে ,শিক্ষার্থী নতুন ভর্তি অইয়ে
এলাকায় আগুন লেগেছে,এলাকাত অন লাইগ্গে
আমার নানা অসুস্থ ,আর নানা গম নাই
অনেক শিক্ষার্থী নতুন ভর্তি হয়েছে ,বহুত শিক্ষার্থী নতুন ভর্তি অইয়ে
রোগীকে হাসপাতালে থাকতে হবে,রোগিরে হাসপাতালত তাহন ফরিবু
নানাকে দেখতে গিয়েছিলাম ,নানারে চাইতু গেইলাম
আমি আগে দেখিনি,আই আগে নো‌ চাই
নানা আমাকে দেখে খুব খুশি হলো,নানা আরে চাই হুশি অইয়্যে
সেটা একধরনের যোগাযোগ,ইবে একডৈল্লে যোগাযোগ 
আমি গতকাল স্কুলে আসিনি,আই গতকাল স্কুলত নো যাই
তাদেও কেও স্কুলে আসেনি ,ইতারা কেউ স্কুলত নো যাই
তাদের জানার কথা নয়,ইতারা জানিবের হতা নো
বড়ো মামা  বিদেশ থেকে এসেছেন,বড় মো বিদেশুরতুন আইস্যে
ক্লাসে কোন বিষয় নিয়ে কথা বলছিলেন?,ক্লাসত হোন বেফারে হতা হইয়্যে?
কেন পলাশের কথায় বিরক্ত হয়েছিল,পলাশর হতাত বিরক্ত কিললাই অইলে?
ইচ্ছা ছিল কোনো জায়গায় ঘুরতে যাব,ইচ্ছে আসিল হোনো মিক্কে ঘুইরতু যাইয়্যুম
অনেকবার লালবাগ কেল্লার কথা শুনেছি,বোতবার লালবাগ হেল্লার হোতা উইন্নি
ঠিক করা হলো সবাই মিলে সেখানে যাব,ঠিক‌ গোরন‌ অইলে বেকে মিলে এডে যাইউম
আমার মামাতো বোনও যেতে চাইল,আর মতো বইন ও যাইতু আসিল
লিখে শিক্ষকের কাছে জমা দাও,লিহি এনে মাষ্টর অর হাসোত জমা দে
সব অঞ্চলের মানুষের ভাষা এক রকমের নয়,বেক অঞ্চল অর মাইনষের ভাষা‌ এক‌ডইল্লে নই
অনেক শব্দের উচ্চারণ আলাদা হয়,বোত শব্দের উচ্চারণ এক এক রহমর অই
দক্ষিণের জেলা কক্সবাজার,দইন অর জেলা হক্সবাজার
সাড়ে চারটায় সবার মাঠে আসার কথা,সাড়ে চারটার সমত বেকের মাডত আইবের হতা
আজ কোনো খেলা হবে না ,আজিয়ে হোনো খেলা অইতু নো
একটা পোড়োবাড়ি আছে,উগ্গো পোড়াবাড়ি আছে
এখানে কী করছো তোমরা?,এডে কিত্তে লাইগ্গু তোরা
চারপাশে কত বড়ো বড়ো গাছ!,চারিমিক্কে হতর হতর‌ গাছ
দিনের বেলাতেও বাড়ির ভিতরটা অন্ধকার হয়ে থাকে,দিন অর বেলাত অ বাড়ির ভিতুর আন্ধা অই‌ তাহে
রেলগাড়ি চলে রেললাইনের উপর দিয়ে,রেলগাড়ি চলে রেললাইনর উওদ্দিয়েরে
উপহার পেতে প্রত্যেকের ভালো লাগে,উপহার ফাইতু বেগ্গুনুরতুন ভালা লাগে
অচেনা লোকের উপহার গ্রহণ করি না,অচেনা লোকর উফহার গ্রহন নো গরি
উপহার দিতে অনেকের ভালো লাগে,উপহার দিতু বেগ্গুনুরতুন ভালা লাগে
খেলার মাঠে আমরা রোজ খেলতে যাই,হেলার মাডত আরা রোজ কেলিবের লাই যাই
এক চানাচুরওয়ালাকে দেখা যায়,এক্কান চানাচুরবালত দেহা যায়
তিনি চানাচুর বিক্রি করতে আসেন,তিনি চানাচুর বেসিবেল্লাই আইয়ে এডে
তুমি ভালো আছ জেনে খুশি হলাম,তুই গম আসোস জানি এনে খুশি অইলাম
চিঠি সাধারণত খামে ভরে পাঠানো হয়,চিঠি সাধারণত হামত ভরি এনে ফাডায়
"খাওয়া-দাওয়ার কথা বলে লাভ নেই, দুঃখ পাবে","খন-দন অর হতা হই লাভ নাই ,হষ্ট ফাবে"
তবে বেঁচে আছি ও খুব ভালো আছি,বাচি আসি ভালা ও আসি
তোমরা ভালো আছ জেনে খুশি হলাম,তোওয়ারা ভালো আছ জানিয়েরে কুশি অইলাম
আমার জন্য বেশি চিন্তা কোরো না,আর লাই চিন্তা নো গইজ্জ
এখন ঘরে ঘরে টেলিভিশন দেখা যায়,এহন গরত গরত টেলিভিশন দেহা যার
"টেলিভিশনে কথা শোনা যায়, ছবিও দেখা যায়",টেলিভিশনর হতা ফুনা যায় আর ছবিও দেহা যায়
রেডিওতে কেবল কথা শোনা যায়,রেদিওত হাইল্লে হতা ফুনা যায়
হাজার বছর আগে সব পুরুষই পরত ধুতি পরত ,আজার বছর আগদ্দি বেয়াগ ফুরুষই ধুতি ফইত্তো
তখনো মেয়েরা আঁচল টেনে ঘোমটা দিত,তহনো মাইয়াফোয়ারা আচল টানিয়েরে মুখ ডাহিতো
ভাত বাঙালির বহুকালের প্রিয় খাদ্য,ভাত বাঙালি বহুকালোর ফ্রিয় হানা
মেয়েরা বাগান করতে ভালোবাসত,মাইয়া ফোয়ারা বাগান গইত্তে ভালোবাসিত
মেয়েরা সাঁতার কাটতে ভালোবাসত,মাইয়াফোয়ারা সাতার হাডিবেল্লাই ভালোবাসিত
ধনী লোকেরা ঘোড়া আর হাতির খেলা দেখত,ধনী মানুষ তারা ঘোড়া আর হাতির খেলা দেহিত
যাতায়াতের প্রধান উপায় ছিল নৌকা,আসাযাইবার মেইন উফায় আসিল নৌকা 
বড়ো বোনের ঘরে তার জন্যে ছোটো খাট দেওয়া হলো,ডড় ভোইনর ঘরত ছোড এক্কান হাট দিয়ি
তার কাছে সব দেশের টাকা আছে,তার হাসদ্দি বেয়াগ দেসত টেয়া আসে
সে তোকে কিছু উপহার দিলো না?,সে তোরে কিছু ঊফহার দিয়ে না?
আম্মা নানাকে একটা চিঠি লিখছেন,আম্মা নানার হাসে এক্কান চিঠি লিক্কে
আমাদের নামের প্রয়োজন হয় না,আরার নামর ফ্রয়জন নো ফরে
আমরা এমনিতেই পরিচয় রাখতে পারি,আরা এনেই ফরিচয় রাখিত্তারি
 তোমাকে একটা উপহার দিতে চাই,তোওয়ারে এক্কান উফহার দিতাম চাই
সেটি টেবিলের উপরে রাখা ছিল,ইয়ান টেবিলর উওরদ্দি রাহা আসিল
আমার প্রিয় একটা বই হারিয়ে গেছে,আর ফ্রিও এক্কান বই আসিল
ফোন করে জানাল,ফোন গরি জানাল
তার প্রিয় একটা বই হারিয়ে গেছে,তার ফ্রিও এক্কান বই আরাই গিয়ি
কে নিয়েছে ?,হোনে লইয়ে?
সে ব্যাপারে নিশ্চিত নই,সে এই ব্যফারত নিশ্চিত নো
সে হয়তো পড়ার জন্যই নিয়েছে,সে হয়ত ফোড়িবেল্লাই লইয়ে
কোনো ব্যাপারে নিশ্চিত না হয়ে কাউকে দোষ দেওয়া ঠিক নয়,হোনো ব্যফারত নিশ্চিত নো অইয়েরে হনিক্কেরে দোষ দন ঠিক নো
"যে নিয়েছে, সে হয়তো পড়ার জন্যই নিয়েছে",যে লইয়ে সে হয়তো ফইবেল্লাই লইয়ে
বইটা পাওয়া যায় কি না,বই ইয়েন ফোন যাইবো না?
বইটা পাওয়া গেছে,বই ইহেন ফোন গিয়ে
বাবা বইটা বুকশেলফে তুলে রেখেছিলেন,বাবা বই ইবা বুক শেল্ফত তুলি রাইক্কিলো
তিনি বুঝতেও পারেননি,তিনি বুঝিত নো ফারে
আর পারুলও না বুঝে অন্যদের দোষ দিচ্ছিল,আর ফারুলও নো বুঝি আন্যদের দোষ দিয়ি
তুমি আমাকে দোষ দিচ্ছ কেন ?,তুই আরে দোষ দিও দে কিল্লাই?
সে রাতের ট্রেনে রাজশাহী থেকে রওনা দিয়েছিল,সে লাতিয়ার ট্রেনর রাজশাহীত্তুন রওনা দিয়ি
এই প্রথম সে ঢাকায় এসেছে,এই ফ্রম সে ঢাহাত আইসসে
বাসায় যাওয়ার পথে ফ্লাইওভার দেখে হাবিব অবাক হয়ে গেল,বাসায় যোনের ফোথত ফ্লাইওভার সাইয়েরে হাবিব অবাক অই গিল
এটাকে তার মনে হলো দোতলা রাস্তা,ইয়ানোরে দোতালা রাস্তা
রাস্তার পাশে একটি ফুলের দোকান,রাস্তার ডাহদ্দি এক্কান ফুলোর দোহান
নানা রকম ফুল থরে থরে সাজানো রয়েছে,নানা ডইল্লে ফুল ঝাকত ঝাকত সাজাই রাইক্কে
তার ঠিক পাশেই একটা ফলের দোকান,এয়ার টগিক ডাহদ্দি এক্কান ফলের দোহান
সেখান থেকে বড়ো বোন কিছু পেয়ারা কিনল,ইয়ানত্তুন ভোইন ডর ইবা কিছু ফল কিন্নে
সবার সাথে কুশল বিনিময় হলো,বেয়াক্কুনের ফোয়ারিত হতাবাত্রা হইয়ে
টেবিলে নাশতা দেওয়া ছিল,টেবিলত নাস্তা দি রাইক্কে
হাত-মুখ ধুয়ে সে নাশতা করতে বসল,আত মুখ দুইয়েরে হাইবেল্লাই বইসসে
সেদিন ছিল বাংলাদেশ দলের ক্রিকেট খেলা,সেইদিন আসিল বাংলাদেশর ক্রিকেট হেলা
খাওয়া শেষ করেই টেলিভিশনের সামনে গিয়ে বসল,হানা শেষ গরিয়েরে টেলিভিশন এর সামনে গিয়েরে বইসসে
সব মিলিয়ে তার খুব আনন্দ হচ্ছিল,বেয়াক্কুন মিলিয়েরে আনন্দ অর
মেয়ে কী কাণ্ড করেছে জানো?,মাইয়াফোয়া ইবা কি হান্ড গরের জানোনা?
সোনার চুড়িটা ভেঙে দু-টুকরো করেছে,সোনার চুরিয়ান ভাঙিয়েরে দুই ভাগ গরি ফেইল্লে
ইচ্ছা করে ভেঙেছি নাকি?,ইচ্ছা গরিয়েরে ভাইঙেনা?
পা পিছলে পড়ে গেলাম তো কী করব?,ফা ফিচ্ছিল হাইয়েরে ফোরি গেইলাম তো আই কিত্তাম?
আমার যে ব্যথা লাগল সেটা বুঝি কিছু নয়,আর যে ব্যথা লাইজ্ঞে ইয়ান কি বুঝি কিচ্ছু নও
মেয়েকে পরতে দিয়েছিলেন,মাইয়াফোয়ারে ফইত্তে দিয়িলেন
আমার নানা সুস্থ,আর নানা সুস্থ
রোগীকে হাসপাতালে ভর্তি হতে হবে ,রোগীরে হাসফাতালত ভত্তি গরন ফরিব
এত বড়ো হাসপাতাল আমি আগে দেখিনি,এইল্লে ডর হাসফাতাল আই হোন সমত নো দেহি
আমাকে দেখে খুব খুশি হলো,আরে দেহিয়েরে খুব খুশি অইয়ে
আমি অন্যের সাথে কথা বলি ,আই অন্যের ফোয়ারিত হতা হইর
তিনি বিদেশ থেকে এসেছেন,তিনি বিদেশেত্তুন আইসসে
তিনি কোন বিষয় নিয়ে কথা বলছিলেন?,তিনি হোন বিষয় লইয়েরে হথা হন্না?
চলো ঐতিহাসিক জায়গাইয় ঘুরতে যাব,চলো ঐতিহাসিক জায়গাত গুরিবেল্লাই যাইয়ুম
ঠিক করা হলো সবাই মিলে যাব,ঠিক গইজ্জে বেয়াক্কুন মিলিয়েরে যাইয়ুম
আমাদের যাওয়ার কথা শুনে সেও যাইতে চাইল ,আরার যাইবের হতা ফুনিয়েরে সেও যাইবেল্লাই চাইয়ে
সব মানুষের ভাষা এক রকমের নয়,বেয়াক মানুষের ভাষা এক ডইল্লে নো
সে মাঠে আসেনি ,সে মাঠত নো আইয়ে
জরুরি সভা হবে,জরুরি সভা অইব
হাসপাতালে আমি আগে যাইনি,হাসফাতালত আগে আই নো যাই
আমি অন্যের সাথে কথা বলি না,আই অন্যের ফোয়ারিত হতা নো হই
তিনি কি বিদেশ থেকে এসেছেন,তিনি কি বিদেশেত্তুন আইসসে না
সবার ভাষা এক রকমের নয়,বেয়াক ভাষা এক ডইল্লে নো
তার কাছে অনেক টাকা আছে,তার হাসে বহুত টেয়া আসে
কয়েক দিন অপেক্ষা করো ,হয়েক্কান দিন অফেক্ষা গরন
আমার বাসার কাছে রাস্তার পাশে একটি ফুলের দোকান,আর বাসার ডাহরদি এক্কান ফুলোর দোহান
তার কাছে অনেক দেশের টাকা আছে,তাহ হাসত বহুত দেশর টেয়া আসে
আমি তোমাকে একটা উপহার দিতে চাই,আই তোওয়ারে এক্কান উফহার দিতাম চাইর
সব শুনে আমি বললাম,বেয়াক্কুন ফুনিয়েরে আই হইলাম
কয়েক দিন অপেক্ষা করে দেখো,হয়েক্কান দিন অফেক্ষা গরি দেহো
"কিছু দিন পরে পারুল নিজেই জানাল, বইটা পাওয়া গেছে","কিছু দিন ফর পারুল নিজেই জানাইয়ে, বইয়ান ফোন গিয়ে"
এক বই নিয়ে এত ঘটনা ঘটে যাবে,এক্কান বই লইয়েরে এত ঘটনা ঘটি যাইব
সে না বুঝে অন্যদের দোষ দিচ্ছিল,সে নো বিঝুয়েরে অন্যদের দোষ দিয়িল
কমলাপুর রেলস্টেশন থেকে বোনের বাসায় যাচ্ছি ,হমলাফুর রেল স্টেশনত্তুন ভোইনর বাসাত যাইর
বোনের বাসার কাছে রাস্তার পাশে একটি ফুলের দোকান,ভোইনর বাসার হাসদ্দি এক্কান ফুলোর দোহান আসে
"রজনীগন্ধা, গোলাপ, গাঁদা-সহ নানা রকম ফুল আছে দোকানে ",রজনীগন্ধা গোলাপ গাঁদাসহ আরো ফুল আসে দোহানত
 বড়ো বোনের জন্য কিছু পেয়ারা কিনল,ডর ভোইনর লাই কিছু ফেয়ারা কিন্নে
 বড়ো বোন কিছু পেয়ারা কিনল,ডর ভোইন কিছু ফেয়ারা কিন্নে
তো আমি কী করব?,তো আই কিত্তাম?
সমান দুটো টুকরো হয়ে গেছে,সমান দুইয়ান টুকরা অই গিয়ে
দু-টুকরো হলো কী করে?,দুইয়ান অইলো কেনে?
এটা আমাদের বাড়ি,ইয়ান আরার বাড়ি
এই বাড়িটা আমাদের,এই বাড়িয়ান আরার
প্রথমে বালিশের তলাটা হাতড়ালেন,ফ্রথম বালিশর তলা হাতদিয়ি
এত সুন্দর লাগে তার,এত সুন্দর লার তার
শুধু তাকিয়ে থাকতে ইচ্ছে করে,শুধু সাইতাম মনত সার
তাদের বাগান অন্যদের বাগানের মতো নয়,তারার বাগান অন্য মাইনশের বাগানর ডইল্লে
বিশাল বড়ো বড়ো গাছ,বিশাল ডর ডর গাস
পুতুলের এই জন্যেই খুব মন খারাপ,পুতুলর এই হারনেল্লাই মন্নান হারাফ
গাছগুলোর দিকে তাকালেই তার কান্না পেয়ে যায়,গাছ উনের মিক্কে সাইলে তার হান্না আইয়ে
ছোটোরা অনেক কাজ করে যেগুলো বড়োরা পছন্দ করে না,ছোতরা বহুত হাম গরে যিন ডর তারা ফসন্দ নো গরে
তাছাড়া আরেকটা কারণও আছে,ইয়াসাড়া আরেক্কান হারন আসে
ঘরে আলো-হাওয়া তেমন ঢুকতে পারে না,গরত আলো হাওয়া এইল্লে ডুকিন্নো ফারে
আমাদের চলতেই পারে না,আরার নো সলের
হাতে তালি দিয়ে দিয়ে কি পড়া যায়?,আতত তালি মারিয়েরে ফড়া যায় না?
কোথাও যাওয়ার রাস্তা,হডে যাইবের রাস্তা
এখানে নাকি একটা শিশুপার্ক হবে,ইয়ানত কি এক্কান শিশু ফারক আসে না
তোমাদের কথা শুনে হাসছি,তোওয়ারার হতা ফুনিয়েরে আসির
মিথ্যা কথা বোলো না,মিসা হতা নো হইয়ো
যে অত্যাচার করে,যে আত্যসার গরে
মেঠো পথের দুপাশে সবুজ ধানখেত,মেঠো ফতর দুইপাসদ্দি সবুজ ধান কেত
হঠাৎ সামনের মেয়েটি থমকে দাঁড়াল,হঠাৎ সামনের মাইয়াফোয়া ইবা তিয়াই গেইল
ধানখেত পার হতেই একটা বড়ো পুকুর,ধানকেত ফার অইয়েরে এক্কান ডোর ফুকুর
চোখের আড়াল হয়ে গেছে,চোকর আরাল অই গিয়ি
সে আমার চোখের আড়াল হয়ে গেছে ,সে আর চোকর আরাল অই গিয়ি
সেখানকার পানি টলটলে,ইয়ানোর ফানি টলটল
পুকুরের ধারে একটা বড়ো আমগাছ,ফুরুরর ডাহদ্দি এক্কান ডর আমগাছ
"আমার মনে হচ্ছে, এবার অনেক আম ধরবে","আত্তুন মনত অরদে, এবারত বহুত আম দরিব"
আমি আম খেতে ভালোবাসি,আই আম হাইতাম ভালোবাসি
সেই আমগাছের দিকে তাকিয়ে ছিলাম ,সেই আমগাছর মিক্কে সাই তাইক্কে
আমগাছের দিকে তাকিয়ে একটি মেয়ে বলল,আমগাছর মিক্কে এক্কান মাইয়া ফোয়া সাইয়েরে হইলো
আমার দিকে তাকিয়ে একটি মেয়ে বলল,আর মিক্কে সাইয়েরে এক্কান মাইয়াফোয়া হইলো
সবাই তাকিয়ে দেখল,বেয়াক্কুন সাইয়েরে দেইক্কে
আমগাছে প্রচুর মুকুল এসেছে,সাদা মুকুলত আমগাছর সবুজ ফাতা ফাতা ঢাহা ফরিগিয়ে
সাদা মুকুলে আমগাছের সবুজ পাতা ঢাকা পড়েছে,তার বয়স হমবেসি সত্তুর বছর
তাঁর বয়স কম-বেশি সত্তর বছর,ও ঠিকিই হইয়ে
তিনি ওদের কথা শুনে বললেন,তিনি  ইতারার হতা ফুনিয়েরে হইলো
ও ঠিকই বলেছে,ও ঠিকি হইয়ে
"যে বছর ধান ভালো হয়, সে বছর আমের ফলনও ভালো হয়","যেই বছরত ধান ভালো অয়, সেই বছরত আমর ফলত ভালো অয়"
"সবাই যখন পড়তে বসে, রাজীব তখন ঘুমায়","বেয়াক্কুন যেই সমত ফড়তে বইয়ে, বাজীপ তহন ঘুমাদ্দে"
"সবাই যখন পড়তে বসে, আমি তখন ঘুমাই","বেয়াক্কুন যেই সমত ফড়তে বইয়ে, আই তহন ঘুম জাইর"
আমি সকালে দেড়ি করে ঘুম থেকে উঠি ,আই সকালত দেড়ি গড়ি ঘুমেত্তুন উঠি
আমি  ঠিকই বলেছি,আই ঠিকি হইয়ি
ভাই তখন পড়তে বসে,ভাই তহন ফড়তে বইসসে
আমি সকাালে পড়তে বসি ,আই সকালত ফড়তে বইসসি
আজকাল কী যে করছে ছেলেটা,আজহাল ফোওয়া কি যে গরের
বয়স সবে চার বছর পূর্ণ হলো,৪ বয়স অইয়ে মাত্র
সবকিছুতেই তার এলোমেলো আচরণ,বেয়াক্কিসুত তার এলোমেলো আছরন
বাবা একদিন কথায় কথায় মাকে বললেন,বাবা একদিন হতাত হতাত মারে হইলো 
ছেলেটার সব কাজ এমন এলোমেলো হচ্ছে কেন?,ফোওয়া ইবার বেয়াগ হাম হজ এইল্লে এলোমেলো কিল্লাই?
মেয়েটার সব কাজ এমন এলোমেলো হচ্ছে কেন?,মাইয়া ফোোয়া ইবা এইল্লে এলোমেলো কিল্লাই?
সব কাজ তো এলোমেলো হচ্ছে না,বেয়াগ হামতো এলোমেলো তো নো
আমি খাইয়ে দিলে রাজীব সময়মতো খায়,আই রাজিবরে হাইতে দিলে রাজিব সময় মতন হায়
মার কথা শুনে বাবা হাসলেন,মার হতা ফুনিয়েরে বাবা আসের
"আরেকটু বড়ো হলে কী করবে, সেটাই দেখার বিষয়",আরেক্কেনা ডর অই গেইলে কেন গরিবা ইন দেহার বিষয়
আরেকটু বড়ো হলে কী করবে ?,আরেক্কেনা ডর অই গেইলে কেন গরিবা 
"তখন সময়মতো পড়বে, ঘুমাবে, আর খেলবে",তহনো সময় মতন হানা হাইবো ঘুম জাইনো আর খেলিবো
দাদির কাছে একটা পুরাতন সিন্দুক আছে,দাদির হাসত এক্কান ফুরান সিন্দুক আসে
সেই সিন্দুক সবসময়ে তালা দিয়ে আটকানো থাকে,সিন্দুক ইবা সবসমত তালা দোন তাহে
বহুদিন ধরে ওটা খোলা হয় না,বহুু দিন দরিয়েরে ইন নো খুলে
এই সিন্দুকের ভেতরে কী আছে?,এই সিন্দুক ইবার ভিতরত কি আসেদে?
দাদি অবাক চোখে আমার দিকে তাকালেন,দাদিি অভাক অইয়েরে আর মিক্কে সাই তাইক্কে
চাবি দিয়ে তালা খোলার পর সব দেখতে পাবে,তালা দি খুলিবার ফরত সাইত্তারিবা
"আমার, আর তোমার মার অনেক গয়না আছে",আর মা আর তোওয়ার মার বহুত গয়না আসে দে
বাজার থেকে চাবি বানানোর লোক আনালেন,বাজারেত্তুন চাবি বানাইবার লোক আইন্নে
তিশার জন্য সিন্দুক খোলা হলো,তিশার লাও সিন্দুক খুইল্লি
পলাশের নানা ও নানি একইদিনে মারা যান,পলাশর নানা নানি একই দিনত ইন্তেকাল গইজ্জে
নানার কঠিন অসুখ হয়েছিল,নানা বহুত অসুস্থ অইল
অসুখে তিনি কয়েক বছর ভুগেছিলেন,হয়েক বছর অসুখত ভুইগগি
তাঁকে হাসপাতালে নেওয়া হয়েছিল,তারে হাসফাতালত লইল
কিন্তু বাঁচানো যায়নি,কিন্তু বাসানত নো যায়
বেশ কয়েকদিন পলাশের মন খুব খারাপ ছিল, বেশ হয়েকদিন পলাশর মন্নান হারাফ
বেশ কয়েকদিন আমার মন খুব খারাপ ছিল,বেশ হয়েকদিন আর মন্নান হারাফ
তাই তখন সে কারও সাথে কথা বলত না,এতাল্লাই হনিক্কার ফোয়ারিত হতা নো হয়
মানুষের বার্ধক্য আর মৃত্যুকে ঠেকানো যায় না,মাইষের বার্ধক্য আর মৃত্যুরে ঠেকানো নো যায়
তবু প্রতিটি মৃত্যু মানুষকে কষ্ট দেয়,ইয়ার ফোরও রতিকান ইন্তেকাল মাইশেরে হস্ট দে
শেষ বলে ছয় মেরে বাংলাদেশ জিতে গেল,শেষ বলত ছক্কা মারিয়েরে বাংলাদেশ জিতি গেইল
আহ্! কী চমৎকার খেলাই না দেখলাম,আহা! কি সুন্দর খেলাই দেহিলাম
"ছোটো বোন চিৎকার দিয়ে উঠল, দারুণ",ছোোড ভোইন চিৎকার দিয়েরে উডি গিয়ে
"বাহ্, এমন খেলা বহুদিন দেখিনি",বাহ এইল্লে হেলা বহু দিন নো দেহি
"আহা! যারা হেরে গেল, ওদের মনে অনেক কষ্ট",আহা যারা আরি গিয়ি ইতারার মনত হস্ট
খেলায় হারজিত থাকতেই পারে,হেলাাত আর জিত তাকিত্তারে
আরে! এর মধ্যেই দেখি বিজয় মিছিল শুরু হয়ে গেছে,আরে এই সমত বিজয়র মিসিল শুরু অই গিয়ি
বাপরে বাপ! কত বড়ো মিছিল,বাপ্রে বাপ হত্ত ডর মিসিল
একটি শব্দের অনেক রকম অর্থ থাকতে পারে,এক্কান শব্দত বহুত দইল্লে মানে তাকিত্তারে
আম পাকে বৈশাখে কুল পাকে ফাগুনে,আম ফাকে বৈশাখত আর ফল ফাকে ফাগুনত
কাঁচা ইট পাকা হয় পোড়ালে তা আগুনে,হাসা ইট  ফাকা অয় আগুনত
"রোদে জলে টিকে রং, পাকা কই তাহারে",রইদত জলে টিক্কে আর তারে হয় ফানা
ফলারটি পাকা হয় লুচি দই আহারে,ফোলারিন ফানা হয় লুচি দই আহারে
চুল পাকে বয়সে,চুক ফানা অয় বুরা বয়সত
পাকা ছেলে বেশি কথা কয় সে,ফানা ফোওইয়া বেশি হতা হয়
কান পাকে ফোড়া পাকে,হান ফানা অয় ফোড়া ফানা অয়
বুদ্ধি পাকিয়ে তোলে লেখাপড়া গিলিয়ে,বুদ্ধি ফাকাইয়েরে  তইলে ফন্না গিলি
কথা যার পাকা নয় কাজে তার ঠনঠন,হতা যার ফানা নয় তার হাজে ঠনঠন
অনেক দূরের পথ,বহুত সুরর ফত
বাসে করেই তাঁকে রওনা দিতে হলো,বাসাত গরি তারে রউনা দন ফইজ্জে
"বাস থেকে যখন নামলেন, তখন সকাল হয়ে গেছে",বাসত নামিবার ফরেদি সকাল অইগিয়ি
সকাল হয়ে গেছে,সকাল অই গিয়ি
একটা ভালো কাজ করতে পারবেন,এক্কান ভালা হাম গরিত্তারিবান্না
তোমাদের কারো বিশ্বাস হবে না,তোও্য়ারার হনিক্কার বিশ্বাস নো অইবো
কথাটি তোমাদের কারো বিশ্বাস হবে না,হতাইন তোওয়ারার হনিক্কার বিশ্বাস নো অইব
অনেকগুলো নতুন বই দেখে  আমি অবাক হয়ে বললাম,বহুত নোয়া বই সাইয়েরে আই হইলাম
আপনি কি আমাদের বাড়িতে এসেছেন,অনে কি আরার বাড়ি আইসসিলেন্না
তিনি আমার কথার জবাবে কিছু বললেন না,তিনি আর হতার হোনো জবাব নো দেয়
তিনি আমার কথার জবাবে ছোটো করে বললেন হ্যাঁ,তিনি আর হতার জবাব দিয়েরে হইয়েদে অয়ো
বইগুলোর দিকে তাকিয়ে ছিলাম,বইইনর মিক্কে সাই তাকিলাম
শুধু তাঁর হাতের দিকে তাকিয়ে ছিলাম,শুধু তার আতর মিক্কে সাই তাকিলাম
কেন তা কি জানতে পারি? ,কিল্লাই জানিত্তাইজ্জুম না?
পরে আমরা লাইব্রেরি দেখতে যাই,ফরেদি আরা লাইব্রেরি দেহিবেল্লাই যাইলাম
"খুবই বড়ো লাইব্রেরি সন্দেহ নেই, ব্যবস্থাও খুব ভালো","বহুত ডর লাইব্রেরি হোন সন্দেহ নাই, ব্যবস্থা  বহুত ভালা"
রিডিং রুমগুলো ভাগ ভাগ করা রয়েছে,রিডিং রুম ইন ভাগ ভাগ গরা আসে
শিক্ষকরাও তাদের সাথে আছেন,শিক্ষক তারাও তারার ফোয়ারিত আসে
যাওয়ার সাথে সাথে কী একটা শব্দ করল,যাইবার ফোয়ারিত কি যানি এক্কান শব্দ গরিল
আর সকল ছেলেমেয়ে লাইন বেঁধে দাঁড়িয়ে গেল,আর বেয়াক ফোয়া মাইয়া লাইন ধরিয়েরে তিয়াই গিয়ি
আমরা সালাম গ্রহণ করলাম,আরা সালাম গ্রহন গরিলাম
তারা স্লোগান আরম্ভ করল,তারা স্লোগান শুরু গইজ্জে
আমরা বিদায় নিয়ে চলে এলাম,আরা বিদায় লইয়েরে আই গেইলাম
আমি সাগর পাড়ি দেবো,আই সাগর ফার অইয়ুম
সব দিনের মতো সেদিনও ওরা খেলতে গিয়েছিল,বেয়াক দিনের ডইল্লে সেইদিনত ওরা খেলিবেল্লাই গেইলো
কয়েকজন লোক ফিতা নিয়ে মাপজোখ করছে,হয়েকজন ফিতা লইয়েরে মাফজপ গরের
একজনের হাতে আবার মোটা একটা খাতা,একজনোর আতত দোর এক্কান হাতা
সেখানে কলম দিয়ে কীসব টুকে রাখছে,ইয়ানত কিছু এক্কান লেহের
"কী করছে, তা তো জানি না",কি গরে তা তো হইন্নফারির
কয়েকজন একসঙ্গে বলে ওঠে,হয়েকজন মিলিয়েরে হর
বদলে যাচ্ছে আমাদের খেলার মাঠটা তাই না?,বদলাই যার আরার খেলার মাঠ ইন নো?
কোন বিষয় নিয়ে আমার রাগ থাকলে আমি কিছু বললেও উনি চুপ করে থেকে আমাকে বুঝায়,হোন বিষয় লইয়েরে রাগ গরিলে আই কিছু হইলেউনি চুপ তাহে আরে বুঝার
নিজেকে উনি দূর্বল ভেবে এমন করে ,নিহেরে দুর্বল ভাবি এইল্লা গরে
উনি মানুষটাই এমন সবাই বলে অনেক ভাগ্য করে নাকি এমন স্বামী পাইছি,"য়নি মানুষ্কান এইল্লে, বেয়াক্কুন আরে হয় ভাগ্য গরিয়েরে এইল্লে জামাই ফাইয়ি"
আসলেই মানুষটার প্রতি আমি মুগ্ধ,আসলে মানুষ ইয়ানর ফ্রতি মুগ্ধ 
এই মুগ্ধতায় বিভোর থাকতে চাই আমি আজীবন,আই এই মুগ্ধতায় তাকিতাম চাই গডা জীবন
স্বামীর প্রতি আমার বিন্দুমাত্র কোন অভিযোগ নেই,জামাইর ফ্রতি আর হন অভিযোগ নাই
চলো একদিন দেখা করি পুরো শহর রিক্সায় ঘুরবো,চলো একদিন দেহা গরি গডা সহর রিকশা গরিয়েরে ঘুইজ্জুম
এর মাঝখানে চাকরির পড়াশোনায় বেশ খানিকটা ক্ষতি হয়ে যায়,এর মাঝদ্দি চরির ফন্নার হতি অয়
আমি আজকে কফি খাই নাই ,আই আজিয়া কফি নো হাই
আমার মাথায় অনেক ব্যাথা করছে ,আর মাথা বহুত হরার
তোমার সৌন্দর্যে আমি মুগ্ধ,তোওয়ার সৌন্দর্যে আই মুগ্ধ 
আমি আজকে সকালে তার সাথে কথা বলেছি ,আই আজিয়া সকালত তার ফোয়ারিত হতা হইয়ি
তুমি কি আমায় ঘুরতে নিয়ে যাবে? ,তুই কি আরে গুরিবিল্লে লই যাইবা না?
আমার স্বামী ৩ বছর ধরে বিদেশে আছেন,আর জামাই ৩ বছর দরিয়েরে বদেশত আসে
তুমি কি রাতে খেয়েছো ?,তুই কি লাতিয়া হাইয়ো না?
আপনি কি রাতে খেয়েছেন ?,অনে কি লাতিয়া হাইয়োন না?
ছেলেটির নানার বাড়ি বরিশালে,মরত ফোওয়া ইবার নানার বাড়ি বরিশালত
ছেলেটির গ্রামের বাড়ি রাজশাহীতে,মরত ফোওয়া ইবার দেশের বাড়ি রাজশাহী 
আমার ফেসবুক আইডিটা যদি চিড়িয়াখানা হতো,আর ফেসবুক আইডি ইয়ান যদি চিড়িহানা অইতো
ঢাকার মিরপুরে কাল থেকে বিদ্যুৎ যাচ্ছে না কেন,ঢাহার মিরফুরত হালিয়াত্তুন কারেন নো যাদ্দে কিল্লাই
বিদ্যুৎ সমস্যার কি সমাধান হয়ে গেছে  ?,কারোনর সমস্যা কি ঠিক অইয়ে না?
পৃথিবীতে বাবার পরেই দ্বিতীয় বীর যোদ্ধা হলেন বড়ভাই,পৃথিবীত বাবার ফরদ্দি বীর যোদ্ধা অইলদে ডর ভাই
 আমার খিদে পেয়েছে,আর ভোগ লাইগগে
 সামনে কোরবানি ঈদ আসছে,সামনে হোরবানির ঈদ
কোরবানি ঈদ হলো ইসলামিক ধর্মের একটি প্রধান উৎসব,হোরবানির ঈদ অইলো ইস্লামিক ধর্মর এক্কান ফ্রধা উৎসব
রেগে গেলেন তো হেরে গেলেন,রাগি গেইলেন তো আরি গেইলেন
সুস্থ দেহ ও প্রশান্ত মন একজন মানুষের সব থেকে বড় সম্পদ,সুস্থ সরিল ও প্রশান্ত মন এক জন মানুষর বেয়াক্কুনত্তুন ডর সম্পদ
আমার কাজ ও ব্যস্ততা বাড়ছে,আর হাম ও ব্যস্ততার বারি গিয়ি
অন্যের দোষ সহজেই খুঁজে পাওয়া যায়,আন্যের দুষ সহজত খুজি ফন যায়
নিজের দোষ খুঁজে পাওয়া খুব কষ্টকর,নিজের দুশ খুজি ফোন বহুত হস্ট 
প্রতিদিন আমি কিছু না কিছু শিখবো,ফ্রতিকান দিন আই কিছু না কিছু শিক্কুম
সুখী হতে হলে অপ্রয়োজনীয় অনেক কিছু ভুলে যেতে হয়,সুখী অইত সাইলে অপ্রয়োজনীয় বহুত কিছু ভুলি যাইত অয়
সবাই ভালোবাসা পেতে চায়,বেয়াকে ভালবাসা ফাইতো চায়
দৃষ্টিভঙ্গি বদলালে জীবন বদলে যাবে,চুক বদলাই ফেয়াইলে জীবন নান বদলি যাইবদে
আজ ছুটির দিন,আজিয়া ছুটির দিন
 সবার জীবনে একটি লক্ষ্য থাকতে হবে,বেয়াক্কুনর জীবনত এক্কা লক্ষ তাকন ফরতিব
 লক্ষ্য ঠিক করে আমরা জীবনে এগিয়ে যেতে পারি,লক্ষ ঠিক গরিয়েরে আরার জীবন সামনে লন ফরিবো
সবাইকে স্বাগতম,বেয়াক্কুনর স্বাগতম 
কেরোসিন তেলের দাম কমার ফলে অক্টোবরে চাহিদা কিছুটা বেড়েছিল,কেরাসিনর তেলর দাম হমনে অক্টবরত চাহিদা বারি গিয়ে
প্রতিদিন অন্তত একটি পেয়ারা করে খেলে পেতে পারেন অনেক উপকার,ফ্রতিদিন এক্কান গরি ফেয়ারা হাইলে বহুত উফকার 
বিভিন্ন ফলের মধ্যে পেয়ারা অন্যতম জনপ্রিয় ফল,বিভিন্য ফলর ভিতরত ফেয়ারা অন্যতম ফল
ওজন কমানোর জন্য পেয়ারা অত্যন্ত উপকারী,ওজন হমাল্লাই ফেয়ারা বহুত উফকারি
গরমের দিনে তাজা নারিকেল পান করা খুব আনন্দদায়ক,গরমর দিনে নারিকেল ফান গরন আন্দদায়ক
আমার বাড়ীর পিছনে অনেক বড় একটি নারিকেল গাছ আছে,আর বাড়ির ফিসনত এক্কা ডর নারিকেলর গাছ আসিল
রান্নাঘরে কে দাড়িয়ে আছে ?,ফাক গরন হন থিয়াই তাইক্কে?
মাটির পাতিল গুলা অনেক সুন্দর,মাডির ফাতিল ইন বহুত সুন্দর
মোরগের মাংস দিয়ে ভাত খেতে আমার অনেক ভালো লাগে,কুরর মাংস দিয়েরে ভাত হাইতে আই ফসন্দ গরি
শিমের তরকারী ডিয়ে ভাত খেতে আমার ভালো লাগে না,শিমর তরহারি দিয়েরে আই ভাত ভালা নো লাগে
পেঁপে খেতে অনেক সুস্বাদু,ফেফে হাইতে বহুত সুস্বাদু
পেঁপে বাংলাদেশের একটি জনপ্রিয় ফল,ফেফেে বাংলাদেশর এক্কান জনফ্রিও ফল
গ্রাম থেকে শহরে আসার সময় অনেক গুলা জাম্বুরা কিনে আনবা,গ্রামেত্তুন শহরত আইতে সমত বহুত জাম্বুরা কিনি আনিবান
তুমি কি জামরুল খাও?,তুই কি জাম্বুরা হোনা?
সে ছাদে অনেক গুলো কবুতর পালে,সাদত বহুত কবুতর ফালে
আমাদের খামারে ৫০০০টির বেশি মুরগি আছে,আরা হামারত ৫০০০ এত্তুন বেসি কুরো আসে
আমি একটি মুরগির বাচ্চা পালি,আই এক্কান কুরোর ছা ফালি
একটি বিড়াল ছানা পালার খুব ইচ্ছা আমার,এক্কান বিলাইর ফালনের খুব ইচ্ছা আর
আমি সাঁতার কাটবো না,আই সাতার নো হাইট্টুম
তুমি একটা বোকা মেয়ে,তুই এক্কান বোকা মাইয়া ফোয়া
সবাই ড্রয়িংরুমে বসছে,বেয়াাক্কুন ড্রয়িংরুমে বইসসে
স্টোররুমটি নোংরা হয়ে আছে,স্টোররুম ইয়ান বহুত ময়লা অই তাইক্কে
ফ্লোর গুলি মার্বেল পাথর দিয়ে বানানো,ফ্লোর ইন মার্বেল ফাতর দিয়েরে বানান
গ্রামের মানুষরা লাকড়ির চুলা ব্যবহার করে,গ্রাামর মানুষ তারা লাক্রির চুলো দিয়েরে ফাক গরে
আমি দুপুরে শুধু বেগুন তরকারির ঝোল দিয়ে ভাত খেয়েছি,আই দেুওরত শুধু বেগুনর তরহারি ঝোল দিয়েরে ভাত হাইয়ি
লাউ দিয়ে চিংড়ি মাছের ঝোল আমার খুব প্রিয় তরকারি,লাউ দিয়েরে চিংড়ির ঝোল মাছর আর বহুত ফসন্দ তরহারি
গরমের দিনে গোসল করা ছাড়া একটি দিনও  টিকা মুশকিল ,গরমর দিনদত গসল গরন ছাড়া বহুত টিকত মুশকিল
আমি গ্রামের বাড়ীতে গেলে পুকুরে গোসল করি,আই গ্রামর বাড়িত গেইলে ফুকুরত গসল গরি
আপনাকে যদি জিভে পানি এনে দেবে এমন একটি ফলের নাম বলতে বলা হয় তাহলে আপনার মনে তেঁতুলের নাম আসবেই,অনেরে জদি হয় জিব্বাত ফানি আই যাইবদে এইল্লে এক্কান ফোলর নাম হন তাইলে অনেরার মনত তেতুলর হতা আইবো
ছোটবেলায় বাবা মা তেতুল খেতে নিষেধ করে নাই এমন কাওকে মনে হয় না খুঁজে পাওয়া যাবে,ছোট বেলাত তেতুল হাইবেল্লাই মানা নো গরে মা বাবা এইল্লে হনিক্কারে কুজি ফোন নো যাইবো
তেতুল খেলে বুদ্ধি কমে যায়,তেতুল হাইলে বুদ্ধি অয়
তেতুল নিয়ে শুধুমাত্র আমাদের দেশে নয় সারা উপমহাদেশেই প্রচুর ভুল ধারনা আছে,তেতুল লইয়েরে হাইল্লে আরার দেশত নোসারা উফমহাদেশতই ফ্রচুর ভুল ধারনা আসে দে
এটা আমাদের বাড়ির উঠান,ইয়ান আরার বাড়ির উডান
ছোটো বাচ্চারা গ্রামের বাড়ীর উঠানে খেলছে,ছোট বাইচ্ছা তারা গ্রামর বাড়ির ঊডানত হেলের
এই শিশুটি অনেক অসুস্থ,এই বাইচ্ছা ইয়ান অসুস্থ 
প্রায় দেড় মাস হয়ে গেলেও শিশুটির কোনো অভিভাবকের সন্ধান পাওয়া যায়নি,ফ্রায় দেড় মাস অই গিয়িলেও বাইচ্ছা ইবার হোনো অভিবাকর হবর ফন নো যায়
হাসপাতালে কাঁদছে আহত শিশুটি,হাসফাতালত  হাদদ্দি হাদের বাইচ্ছা ইবা
বৃষ্টির দিনে কি বারান্দার গাছে পানি দেওয়ার প্রয়োজন আছে?,বৃষ্টির দিনত কি বারান্দার গাছত ফানি ফরে না?
বৃষ্টি হলেও কি গাছে পানি দিতে হবে?,বৃষ্টি অইলেও কি গাছত ফানি দন ফরে না?
অতিরিক্ত পানি পেয়ে গাছগুলো মরে যাবে না তো?,বেসি ফানি দিয়িলে কি গাছ মরি যাইবো না?
"যেদিন বৃষ্টি হয়েছে, সেদিন বারান্দার গাছে পানি দেওয়ার প্রয়োজন নেই","যেদিন বৃষ্টি অইয়ে, অইদিন বারান্দার গাছত ফানি দিবায়ার দরহার নাই"
শশা এক প্রকারের ফল,শশা এক ধরনর ফল
গরমের সময় শশা বেশি পাওয়া যায়,গরমত শশা বেসি ফন যায়
"টমেটোর বাজারে যে আগুন, সাধারণ মানুষের কাছে তা এখন আর নতুন কোনো খবর নয়","টমাটুর বাজারত যেই অইন, সাধারণ মানুষর হাসত নিওয়া হবর নয়"
এই বাজারেই টমেটো বিক্রি করে কোটিপতি হয়ে গেলেন এক কৃষক,এই বাজারত টমাটু বেসিয়েরে কটিফতি অই গিল এক কৃষক
সরিষার তেল দিয়ে মাছ ভাজা খাবো,সরিসর তইল দিয়েরে মাস বাজিয়েরে হাইয়ুম
"সরিষার তেল রান্নার জন্যে, এবং গায়ে মালিশ করার কাজে ব্যবহার হয়","সরিসর তইল ফাকর লাই, আর গাত দিবল্লাই হাতম ব্যবহার গরে"
সরিষার তেল অকালে চুল সাদা হওয়া রোধ করে ও চুল পড়া কমায়,সরিসর তইল বুড় অইবার আগে চুল সাদা ওয়াত্তু আর ফরাত্তুন বাচায়
কেরোসিন তেলের দিন দিন দাম বাড়ছে,কেরাসিনর দিন দিন দাম বারেদ্দে
আমার দুইদিন ধরে সর্দি কাশি,আর দুইদিন দরিয়েরে ঠান্ডা হাসি
এখানে থুথু ফেলা নিষেধ,ইয়াবত থুথু ফেলন মানা
তেতুল খেলে রক্ত পানি হয়ে যায়,তেতুল হাইলে লক্ত ফানি অই যায়
আমি বাজার থেকে পেয়ারা কিনে আসলাম,আই বাজারত্তু ফেয়ারা কিনি আইসসি
দাদু নারিকেল পানি পছন্দ করে,দাদু নারিকেলর ফানি ফসন্দ গরে
মা রান্নাঘরে তরকারি রান্না করছে,মা রান্না ঘরত তরহারি ফাকের
আমার ছোট ভাইটি মুরগির মাংস খেতে খুব ভালোবাসে,আর ছোড ভাই  উওয়া কুরর মাংস হাইতে খুব ভালোবাসেদে
শিম ভাজি আমার পছন্দের সবজি,শিম ভাজি আর ফসন্দর তরহারি
"জাম্বুরা ঠান্ডা, সর্দি-জ্বর জনিত সমস্যার জন্য খেলে ভাল ফলাফল পাওয়া যায়","জাম্বুরো ঠান্ডা,  সর্দি-জ্বর জনিত সমইস্যার লাই হাইলে ফলাফল ফোন যায়"
জামরুল আমার প্রিয় ফল ,জামরুল আর ফ্রিও ফল
অনেকেই শখের বশে কবুতর পালন করেন,অনেকেই শকরলাই হইতর ফালে
কবুতর পালন করতে বেশি জায়গারও প্রয়োজন হয় না,হইতর ফালিবেল্লাই বেশি জায়গার ফ্রয়জন নাই
 দেশীয় মুরগী বছরে ৫০-৬০টি ডিম দেয়,দেশি কুরো বছরত ৫০-৬০ কান ডিম দেয় দে
"মানুষ দিনের বেলা যতোটা পরিষ্কার দেখে, বিড়ালেরা রাতে তার চেয়েও ভালো দেখতে পায়","মানুষ দিনত যতখান ফরিষ্কার দেহে, বিলাই লাতিয়া তাত্তুন বেসি দেহে"
তুমি কি আমাকে  বোকা মনে করো ?,তুই কি আরে বোকা ফাইয়ো না?
আমি ড্রয়িংরুমে বসে ছবি আঁকতে ভালোবাসি,আই ড্রয়িংরুমত বইয়েরে ছবি আঁকতাম ভালোবাসি
ঘরের আসবাবপত্র রেখে দেওয়ার জন্য স্টোররুম দরকার,ঘরর জিনিশফত্র রাকিবেল্লাই স্টোররুম দরহার
ঘরের ফ্লোর পরিষ্কার করতে হবে,ঘরর ফ্লোর সাফ গরন ফরিবো
 বাংলাদেশের শীতকালটা লাউ চাষের জন্য বেশি উপযোগী,বাংলাদেশর শীতকাল ইবা লাউ চাষের লয় উপযোগী
বেশি শীতও না আবার বেশি গরমও না এমন আবহাওয়া লাউ চাষের জন্য উত্তম,বেশী শীতো নো আবার বেশী গরমো নো এরিম্মা আবহাওয়া লাউ চাষের লয় বালা
উঠান থেকে কথা বলে তিনি চলে গেলেন,উঠানোর তুন হতা কইয়েরে উবা গিয়োয়
মা ঝারু দিয়ে ঘরটি পরিষ্কার করছে,মা ঝারু দিয়েরে ঘর ইবা ফরিষ্কার কইজ্জে
তেতুলের কচি পাতা সিদ্ধ করে পানি সেবন করলে সর্দি-কাশি ভাল হয়,তেতুলের কচি পাতা সিদ্ধ গরিলে পানি হাইলে সর্দি-কাশি বালা হয়
আমি খাবারে টক খুব ভালোবাসি,আই খাবারে টক এব্বারে লোবাসি
সকালে ঘুম থেকে উঠার পর আমি ভালো কাজে পর্যাপ্ত সময় ব্যয় করতে চাই,সকালোত ঘুমোর তুন  উডার ফর আই বালা কাজোত টিক সময় কাজে লাগাইতো চাই
চাষাবাদ করে আমি সময় কাটাই,চাষাবাদ গরিয়েরে আই সময় হাটাই
সর্দি হলে গরম রং  চা খেলে ভালো লাগে,সর্দি ওইকে গরম রং  চা হাইলে বালা লাগে
পেয়ারা একটি মিষ্টি ফল,ফেয়ারা এইজ্ঞো  মিষ্টি ফল
নারিকেল থেকে নারিকেল পানি পাওয়া যায়,নারিকেলের তুন নারিকেল পানি ফাওয়া যায়
রান্নাঘরে আমি রান্না করি,রান্নাঘরোত আই ফাগ গরি্র
ভাত রান্নার পাত্রটি শক্ত করে ঢেকে রাখতে হবে ,ভাত রান্নার বাডি ইবা শক্ত গরি ডাকি রাহা লাগিবো
শিম সব ধরনের মাটিতেই চাষ করা যায়,শিম বেগুন   মাটিত চাষ গরা যায়
পেঁপে একটি সুস্বাদু ফল,পেঁপে  এইজ্ঞো  সুস্বাদু ফল
অনেকগুলো কবুতর আকাশে উড়ছে,বেজ্ঞুন কবুতর  আকাশত  উড়ের
একটি সম্পূর্ণ নতুন স্টোররুম ডিজাইন তৈরি করতে পারেন,এইজ্ঞো  সম্পূর্ণ নতুন স্টোররুম ডিজাইন তৈরি গরিতো ফারিবা? 
সিলেট নগরের শেখঘাট এলাকায় গড়ে উঠেছে বেশ কয়েকটি লাকড়ি তৈরির কারখানা,সিলেট নগরোত শেখঘাট এলাকায় গরি উইট্টে   কয়েকটি লাকড়ি বানাইবার হারখানা
তেতুল এর টক দিয়ে ফুসকা খাবো,তেতুলোর টক দিয়েরে ফুসকা হাইয়ুম
কাঁচা আমের শরবত অনেক টক,কাঁচা আমোর শরবত বোত টক
সরিষার তেল দিয়ে ঝাল মুড়ি বানাও,সরিষার তেল দিয়ে্রে ঝাল মুড়ি বানাইও
এই বোকা কোন বিষয়ে জানে না,ইতে বোকা কোন বিষয়ে নো জানে 
"ঘামে শরীর থেকে যে পানি ও খনিজ লবণ বের হয়ে যায়, তার অনেকটাই পূরণ করতে পারে লাউ","ঘামে শরীররে তুন পানি ও খনিজ লবণ বাইর ওয় যায় গয় , ইবার  অনেক্ষান ফুরোন গরিত ফারে  লাউ"
"বাংলাদেশে জনপ্রিয় সবজির অন্যতম লাউ, যেটি এখন প্রায় সারা বছরই পাওয়া যায়","বাংলাদেশোত জনপ্রিয় সবজির অন্যতম লাউ, যিবা এহন ফ্রায় সারা বছরত ফাওয়া যার"
ওজন কমানোর জন্য শসার সুপ খাওয়া যেতে পারে,ওজন হমানোর লায় শসার সুপ হাওয়া যাইত ফারে
এই তেতুলের নাম শুনলেই জিভে জল আসেনা এমন মানুষ খুজে পাওয়া কঠিন, তেতুলোর নাম উনিলে  জিব্বাত  ফানি নো আয়ে  এরিম্ন মানুষ কুজি ফাওয়া কঠিন
আবেগ প্রবন মানুষ খুব বোকা হয়ে থাকে,আবেগ ফ্রবন মানুষ বোত বোকা ওয় তাকে
প্রথম দেখায় কাউকে খুব সরল মনে বিশ্বাস করতে যাবেন না,ফ্রতম দেহাত খাওরে বোত সরল মনোত বিশ্বাস নো কইজ্জো
"লবন ছাড়া তরকারি যেমন স্বাদহীন, বিশ্বাস ছাড়া সম্পর্কও তেমন মূল্যহীন","লবন ছড়া তরকারি যেরিম্মা স্বাদহীন, বিশ্বাস ছাড়া সম্পর্কও এরিম্মূমা মূল্যহীন"
কাউকে মিথ্যা বলে খুশী করার থেকে সত্যি বলে কাঁদানো ভালো,কোনিক্কারে  মিথ্যা খইয়েরে  কুশী করিবার তুন সত্যি খইয়েরে কাদাইলে  বালা
"একে অপরের প্রতি যতো বেশী বিশ্বাস থাকবে, তাদের ভালোবাসার পাল্লা ততো ভারী হবে","এইজ্ঞো আরেজ্ঞোর   ফ্রতি বোত বিশ্বাস থাইবো, ইতারোর বালোবাসাত ফাল্লা  ভারী ওইবো"
বৃষ্টি বেড়ে তাপমাত্রা কমার সুখবর দিয়েছে আবহাওয়া অফিস,বৃষ্টি বাইরলে তাপমাত্রা কমিবার  সুখবর দিয়ে আবহাওয়া অফিস
পুরো বর্ষা মৌসুমে হাতে গোনা কয়েকদিন মাত্র বৃষ্টি হওয়ার পর আর মেঘের দেখা নেই,ফুরা বর্ষা মৌসুমোত হাতে গুনা হোয়োজ্ঞা দিন মাত্র বৃষ্টি ওইয়ার ফর আর মেঘোর দেহা নাই
খাওয়ার অনেক আগেই যদি ভাত রান্না শেষ হয়ে গিয়ে থাকে তবে ঢাকনা সরিয়ে একটা তোয়ালে দিয়ে ঢেকে রাখুন,খাওয়ার বহুত   আগোত যদি ভাত রান্না শেষ ওয় গি তাহে তইলে ডাকনা ইবা সরাইয়েরে এইজ্ঞো  তোয়ালে দি ডাকি রাকো
বাংলাদেশে ৬৪ টা জেলা,বাংলাদেশত ৬৪ ইয়ান জেলা
আমরা সবাই গতকাল বাহিরে গিয়েছিলাম ,আরা বেয়াক্কুন গতহালিয়া বাইরে গেইলাম
তোমার কথা বলার ধরন অনেক সুন্দর ,তোইয়ার হতা বলার ধরণ বহুত সুন্দর
বরিশালের মানুষ কেমন হয়? ,বরিশালর মানুষ হইল্লে অয় দে?
খুলনা জেলা কি অনেক সুন্দর? , খুলনা জেলা কি বহুত সুন্দর নাকি?
খুলনার মানুষ তেমন সুন্দর হয় না , খুলনার মানুষ এইল্লে সুন্দর ন অয়
কখনো ভেবে দেখেছ আমি না থাকলে তোমার কি হতো? ,হনস্মত ভাবি সাইয়িই আই ন থাকিলে তোয়ান কি অইতো?
এতো ভাবার সময় কই? ,এতো ভাবিবার সময় হডে?
দুপুরের রোদে আমি কালো হয়ে গেছি ,দুফুরত রোদত আই কালো অই গিয়ি
আমি জানি তুমি চিঠিটা এখনি পড়তে শুরু করবে,আই জানি তুই চিঠি ইবা এহনি ফরা শুরু গর
আম দিয়ে বানিয়ে ফেলতে পারেন শরবত,আম দি বানাইত্লেতারিবানা মু দিয়েরে ফারিবানা শরবন
আজকে স্কুলে তোমাদের কি কি পড়িয়েছে? ,আজিয়া স্কুলত তোয়ারারে কি ফরাইয়ে?
আমার আগের কোনো কথা কিছুই মনে নেই  ,আর আগর হোনো হতা কিছুই মনত নাই 
তুমি এত অমনোযোগী হলে পরিক্ষায় ভালো ফলাফল করবে না  ,তুই এইল্লে অমনোযোগী অইলে ফরিক্ষাত ভালো ফলাফল ন গরিবা  
এই বিষয়ে কি করতে পারি আমি? ,এই বিষয়ত কি গইত্তাম আই?
হায়রে মানুষ একজন আরেকজনের প্রতি হিংসা করে,হায়রে মানুষ একজন আরেজনর ফ্রতি ইংসা গরে
আমি আমার বাসার সামনের খেলার মাঠে খেলি ,আই আর বাসার সামনদ্দি খেয়া খেলিবার মাঠ খেলা হাই
আম দিয়ে শরবত বানিয়ে খাও ,আম দিয়েরে শরবত বানাইয়েরে হ
ঠাণ্ডা শরবত খেলে ভালো লাগবে তোমার ,ঠান্ডা শরবত হাইলে গম লাইব দে তোয়ার
এতো চিন্তা করা লাগবে না নিজেরে নিয়ে ভাবো ,এতোো চিন্তা ন লাগের নিজেরে লই চিন্তা গর
আমকে আমাদের দেশে ‘ফলের রাজা’ বলা হয়,আমরে আরার দেশর ফলের রাজা হয় দে
তুমি দেখতে সুন্দর না হলেও আমি তোমাকেই চাই,তুই দেখতে সুন্দর ন অইলেও আই তোওারেই চাই
সেখানে অনেক পুলিশ দেখে বাসার দিকে ফিরছিলাম,সেখানে বহুত পুলিশ দেহিয়েরে বাসার মিক্কা আইর
আমি চলে যাচ্ছি তোমাকে আর কোন দিন ফোন দিয়ে বলবোনা একটু সময় দাও,আই চলি যাইর তোয়ার আর হোন দিন ফোন দিয়েরে ন হইয়ুম এক্কেনা সময় দো
বুঝে উঠতে পারছিলাম না কী করবো,বুঝি উঠিন্ন ফারির কেন গইজ্জুম
তোমার সব কথা  ঠিক আছে,তোঁয়ার বেজ্ঞিন হতা ঠিক আচে
আমি ভালো ছেলে,আঁই বালা ফোঁয়া
বিয়ের জন্য আব্বা আমার জন্য মেয়ে খুজতাসে,বিয়ার লাই আর আব্বা আর লাই মাইয়্যা তুয়ার
আম্মা আমাকে গতকাল একটা ছেলের সাথে দেখা করতে বলেছিলও,আম্মা আঁরে গতহালিয়া উওজ্ঞা ফোয়ার লই দেহা গইর ত হইয়্যে
ছেলেটিকে আমার ভাল লেগেছে,ফোয়াইবারে আত্তুন গম লাইগ্যে
ছেলেটি হয়ত অন্য কোনও মেয়েকে ভালবাসে,ফোয়াইবা অন্য হনো মাইফোয়ারে বালবাসে ফল্লাই
মেয়েটি ছেলেটার অপেক্ষায় থাকে,মাইফোয়া ইবা ফোয়াইবার অফেক্কায় তাহে
ছেলেটি কেন যে মেয়েটার মনের কথা বুঝে না,ফোয়াইবা কিল্লাই যে মাইফোয়া ইবার মনোর হতা ন বুযে
মেয়েটি হয়ত ছেলেটাকে তাঁর মনের কথা ভাল ভাবে বুঝাতে পারেনাই,মাইফোয়া ইবা ফোয়াইবারে তাই মনোর হতা গম গরি বউযাইত ন ফারে ফল্লাই
হয়ত কোন একদিন ছেলেটি মেয়েটাকে ভালবাসবে,হনো একদিন ফোয়াইবা মাইফোয়া ইবারে বালবাসিবো ফল্লাই
তুমি আমাকে দয়া করে আর বিরক্ত করো না,তুঁই আঁরে দয়া গরি বিরক্ত ন গইরগো
সে তাকে অনেক বিরক্ত করে,ইতে তারে বউত বিরক্ত গরে
তাকে নিয়ে আমি আমার গ্রামের বাড়িতে ঘুরতে যেতে চাই,ইতেরে লই আঁই আঁর গেরামর বারিত বেরাইতো যাইত চায়
এইবার ছুটিতে সিলেট ঘুরতে যাব,এবার চুটিত সিলেট বেরাইতো যাইয়্যুম
আমি যাকে ভালবাসি সে সিলেটে থাকে,আঁই যারে বালবাসি ইতে সিলেট তাকে
আমার এখন বইটা লাগবে নাহ,আঁর এহন বইওয়া ন লাগিবো
তুমি কি এই বইটি পড়তে চাও ?,তুঁই কি বইইবা ফইরতো চ নে
সে  কি এই বইটি পড়তে চায়  ?,ইবা কি এই বইইবা ফইরত চায় নে
আপনি  কি এই বইটি পড়তে চান  ?,অনে কি বইইবা ফইরতো চন নে
আমার বই পরতে অনেক ভাল লাগে,আত্তুন বই ফইরতে বউত বালা লাগে
তোমার আমাকে চিনতে হবে না   ,তোঁয়ার আঁরে চিনা ন ফরিবো
অনেক রাত হয়েছে এখন ঘুমিয়ে যাও ,বউত রাইত অইয়্যে এহন গুম য গই
তোমাকে পড়ালেখা করতে হবে,তোঁয়াত্তুন ফরালেহা গরা ফরিবো
তোমার পড়ালেখা করতে ভাল লাগে না?,তোঁয়াত্তুন ফরালেহা গইরতো গম ন লাগে
আমাকে পড়ালেখা করতে হবে,আঁত্তুন ফরালেহা গরা ফরিবো
সে  অনেক ভালো রান্না করে,ইবা বউত বালা রান্না গরে
আমি  একটি বিদ্যালয়  পড়ালেখা করি ,আঁই এক্কান বিদ্যালয় অত ফরালেহা গরি
আমার ছোট বোন একটি বিদ্যালয়ে পড়ে,আঁর চোড বইন এক্কান বিদ্যালয় অত ফরালেহা গরে
আমার ছোট ভাই  একটি বিদ্যালয়ে  পড়ালেখা করে,আঁর ছোড ভাই এক্কান বিদ্যালয় অত ফরালেহা গরে
আমার বিদ্যালয়ে  যেতে ভাল লাগে না,আত্তুন বিদ্যালয় অত যাইত গম ন লাগে
আমার বিয়ের বয়স পার হয়ে যাচ্ছে,আঁর বিয়ার বয়স ফার অই যার গই
আহারে তোমার মনে কতো দুঃখ,আহারে তোঁয়ার মন অত হত দুক্ক
আমি ঘুমাতে যাবো,আঁই গুম যাইতো যাইর
আমি নাচতে পারি,আঁই নাচিত ফারি
আমি সাঁতার কাটতে পছন্দ করি ,আঁই আচুইরতে পচন্দ গরি
আমি তোমার বাসায় ঘুরতে আসবো,আঁই তোয়াঁর বাসাত বেরাইতো আইসসোম
সে তার গ্রামের বাড়িতে ঘুরতে গিয়েছে,ইতে তার গেরামর বারিত বেরাইতো গেয়্যে
আমার বন্ধু মানসিক ভাবে দুর্বল,আঁর বন্দু মানসিক বাবে দুর্বল
এমন অবস্থায় তার কি করা উচিত ?,এন সময় তার কি গরা উচিত
আমার দুইটি বাবু আছে,আঁর দুওয়া বাবু আচে
আমার স্বামীকে আমি খুব ভালোবাসি,আঁর জামাইরে আঁই কুব বালবাসি
অনেক দিন পর আপনার সাথে দেখা,বউতদিন ফর অনর লই দেহা
আপনি কেমন আছেন ?,অনে কেন আচন
আপনার কি আমার কথা মনে আছে এখনও ?,অনর কি আঁর হতা মনোত আচে আইযো
আমার পড়ালেখা করতে ভালো লাগে নাহ,আঁর ফরালেহা গইরতো গম না লাগে
আমার বিদেশে গিয়ে পড়ালেখা করার স্বপ্ন,আঁর বিদেশঅত যাই ফরালেহা গরিবর সফ্ন
আপনার সাথে কথা বলে অনেক ভালো লাগলো,অনর লাই হতা হই বউত গম লাইজ্ঞে
অনেকে বলে প্রেম করলে মানুষ বোকা হয়,বউতকিয়ায় হদে ফ্রেম গইরলে মানুষ ডিলা অই
অনেকে আরো বলে যে বিয়ে করলে মানুষ নাকি গাধা হয়,বউতকিয়ায় আরো হদে যে বিয়া গইরলে মানুষ গাদা অই
একজন লোক মারা গেছেন,ওজ্ঞা লোক মরি গেইয়্যুই
তুমি এত গরীব আগে কেন বলোনি,তুঁই ইল্লা গরিব আগে কা ন হ
আমি আগেই বলেছি তুমি ছাড়া এই পৃথিবীতে আমার আর কিছুই নাই,আঁই আগেই হয়্যি তুঁই চারা এই দুনিয়াত আঁর আর কিচু নাই
মনের ভালোবাসা চিরদিন থেকে যাবে,মনোর বালবাসা চিরদিন তাকি যাইবই
জীবনের কিছুটা পথ একা একা চলা তেমন কঠিন নয়,জিবনর এক্কানা ফত গাআগাই চলা তেমন কটিন ন
জীবন হলো বাঁচার  জন্য,যিবন অইলদি বাচার লাই
মন  হলো দেবার জন্য,মন অইলদি দিবর লাই
ভালবাসা  হলো সারা জীবন পাশে থাকার জন্য,বালবাসা অইলদি আজিবন পাশে তাহিবর লাই
আমি কিছু ভাবতে পারিনা তোমায় ছাড়া,আঁই কিচু বাবিত ন ফারি তোঁয়ারে চারা
আমি কিছু লিখতে পারিনা তোমার নাম ছাড়া,আঁই কিচু লেকিত ন ফারি তোঁয়ার নাম চারা
আমি কিছু বুঝতে চাইনা তোমায় ছাড়া ,আঁই কিচু বুইয ত ন চাই তোঁয়ারে চারা
ভালবাসায় এমন কেন হয়?,বালবাসাত ইল্লা কা অয়
যখন ছেলে বুঝে তখন মেয়ে বুঝেনা ,যেত্তে ফোয়া বুযে এত্তে মাইয়্যা ন বুযে
ভালোবাসি তোমাকে বলা বাকি,তোঁয়ারে বালবাসি হইতেও বাকি
আমার খুব গরম লাগছে,আঁর কুব গরম লাগের
তোমার  কি গরম লাগছে ?,তোঁয়ার কি গরম লাগের নে
আপনার কি গরম লাগছে?,অনর কি গরম লাগের নে
আপনি কি আমাকে ভালবাসেন?,অনে কি আঁরে বালবাসন নে
তোমার জন্য মনে আমার অফুরন্ত আশা,তোঁয়ার লাই মনোত আঁর আফুরন্ত আশা
সারা জীবন পেতে চাই তোমার ভালবাসা ,আরা যিবন ফাইতো চাই তোঁয়ার বালবাসা
হারিয়ে যেতে ইচ্ছে করে অনেক দূরে,আঁযি যাইতো ইচ্ছা গরে বউত দুরে
চলোনা দুজনে মিলে ঘুরে আসি ,আডো না দুইজনে মিলি বেরাই আয়্যি
চলোনা দুজনে মিলে সাঁতার কাটি,আডো না দুজনে মিলি আচুরি
বাস্তব কঠিন হলেও মেনে নিয়ে মানিয়ে চলতে হয়,বাস্তব কটিন অইলেও মানি লয় মানায় চলা ফরে
ফেসবুকে তার একজনের সাথে সম্পর্ক হয়,ফেসবুক অত ইতার একজন অর ফোয়ারে সম্ফর্ক অয়
ছেলেটা ভালো চাকরি করে,ফোয়াইবা বাল চঅরি গরে
এই পাঁচ মাসে ছেলে  তার পরিবার  নিয়ে মেয়ের বাসায় যায় না,এই ফাঁচ মাস ফোয়া তার ফরিবার লয় মাইয়্যার বাসাত ন যাই
মেয়ে বলে প্রয়োজন পড়লে আমার পরিবার তোমার পরিবারের সাথে কথা বলবে,মাইয়্যা হদে ফ্রয়োজন ফরিলে আঁর ফরিবার তোঁয়ার ফরিবার অর ফোয়ারে হতা হইবো
পরিবার বলতে মা বাবা ভাই বোন নিয়ে,ফরিবার বইলতে মা বাফ বাই বইন লয়
আমার স্বামী দুই বছর আগে আমাদেরকে রেখে এসে আলাদা হয়ে যায়,আঁর জামাই দুইবচর আগে আঁরারে রাই আই যুদা অয় গেইয়্যুয়
আমার পছন্দ হয় এমন মেয়ে তাদের পছন্দ হয় না,আঁর ফচন্দ অয় ইল্লা মাইয়্যা তারার ফচন্দ ন ময়
আপনার বাবা মার যেহেতু স্বপ্ন ,অনর বাপ মার যেহেতু সফ্ন
পরে আপনার অনেক আফসোস হবে  ,ফরে অনর বউত আফসোস অইব
তাদের একটি বাচ্চা আছে পাঁচ বছরের,তারার ওজ্ঞা বাইচ্চা আচে ফাঁচ বচরর
দুজনেই তাদেরকে চাকরি নিয়ে ব্যস্ত,দুজনেই তারার চ অরি লই বেস্ত
সংসারে কেউ ঠিকঠাকমতো সময় দিতে পারেনা,সংসার অত হনিকাই টিকটিক মত সময় দিন ন ফারে
স্ত্রীর অভিযোগ স্বামী তার দায়িত্ব ঠিকমতো পালন করছে না,বউওর অবিযোগ জামাই টিক মতো তার দায়িত্ত ফালন ন গরের
আপনার নাম কি ?,অনর নাম কি?
তোর নাম কি ?,তোর নাম কি?
তোর গ্রামের বাড়ি কোঁথায় ?,তোর গেরামর বারি হডে?
তোর বাবার নাম কি ?,তোর বাফর নাম কি?
তোর মার নাম কি ?,তোম্মার নাম কি?
পরে খুঁজে নাও পেতে পারি,ফরে তোয়াই নাও ফাইত ফারি
তাদের সঙ্গে আমি সব সময় আনন্দে ভরে থাকি,তাঁরার ফোয়ারে আঁই এগাজা আনন্দে তাকি
আমার বন্ধুরা আমাকে ভালবাসা দেয়,আঁর বন্দুওক্কল আঁরে বালবাসা দেয়
আমরা সবাই একসাথে হাসি খুশি করে সময় কাটাই,আঁরা বেজ্ঞুন এক্কোফোয়ারে আশি কুশি গরি সময় হডাই
আমাদের মধ্যে কোন রকম ঝগড়া নেই,আঁরার মাযে হনোরহম হইয্যা নেই
আমার বোন আমার সাথে সব সময় থাকতে চায়,আঁর বইন এগাযা আঁর ফোয়ারে তাইতো চাই
আমি আমার ভাইকে অনেক ভালোবাসি,আঁই আঁর বাইরে বউত বালোবাসি
আমি আমার বোনকে  অনেক ভালোবাসি,আঁই আঁর বইনরে বউত বালোবাসি
একটি গ্রামে একজন খারাপ ছেলে থাকতো,ওজ্ঞা গেরামত ওজ্ঞা হারাফ ফোয়া আচিল
সে সবসময় মিথ্যা কথা বলতো,ইতে এগাযা মিচা হতা হইত
সবাই তাকে অনেক ভয় পেতো,বেজ্ঞুনে ইতারে বউত ডরাইতো
কেউ তাকে ভালোবাসতো নাহ,হনোকেয়াই তারে বালো ন বাসিতো
সে খুবই খারাপ ছিল,ইতে বর হারাফ আচিল
গ্রামের মানুষরা ছেলেটির থেকে দূরে থাকতে চেষ্টা করত,গেরামর মানুষ অক্কল ফোয়াইবারতুন দুরে তাইবর চেস্টা গইরতো
আপনি এতো খারাপ হয়ে কেন আছেন?,অনে ইল্লা হারাফ কা অই আচন?
খাওয়ার সময় খুব বেশি ব্যথা করছে দাঁতে,হাইবর সতি বর বেশি দাত ফুকে হরার
এটা কি ধরনের প্রশ্ন?,ইয়ান কি দরনর ফ্রশ্ন?
তুমি থাকো কোথায়?,তুঁই তাকো হডে?
আমরা কেন যাচ্ছি না,আঁরা ন কা যাইর
কাজে ফাঁকি দিও না,হাম অত চুরাই ন মাইরগো
আপনাকে কেমন ভাবে সাহায্য করতে পারি?,অনরে কেন গরি সাহায্য গরিত ফারি?
আমি বাংলা ভাষা বুঝি,আঁই বাংলা বাসা বুজি
আমি আপনার সাথে আছি,আঁই অনর ফোয়ারে আচি
আপনি কি একটি বাংলা গান গাইতে পারেন?,অনে কি ওজ্ঞা বাংলা গান গাইত ফারিবান নে?
আমি আপনাকে কখনো ভুলব না,আঁই অনরে হনো অত্তে ন বুইল্লম
আপনি কি এখানে রাস্তা দেখতে পাচ্ছেন?,অনে কি আইযো রাস্তা দেহিত ফারন নে?
আমি আপনার কাছে আসতে চাই,আঁই অনর হাচে আইত চাই
আপনি কি পড়া লিখা করতে পারেন?,অনে কি ফরা লেহা গরিত ফারন?
আমি আপনার জন্য অপেক্ষা করতে পারি,আঁই অনর লাই আফেক্কা গরিত ফারি
আপনি কি আমার প্রশ্নের জবাব দিতে পারেন?,অনে কি আঁর ফ্রশ্নর জবাব দিত ফারিবান নে
আমি আপনার কাছ থেকে একটি গল্প শুনতে চাই,আঁই অনরতুন ওজ্ঞা কিচ্চা ফুইন্তো চাই
আপনি কি আমাকে একটি ছবি তুলতে পারেন?,অনে কি আঁরে ওজ্ঞা চবি তুলি দিত ফারিবান নে?
আমি আপনার সঙ্গে একটি কথা বলতে চাই,আঁই অনর লই এক্কান হতা হইতো চাই
আপনি কি কোনো ভুল করেছেন?,অনে কি হনো বুল গইরগন নে?
আপনি কি একটি বাংলা বই পড়তে পারেন?,অনে কি ওজ্ঞা বাংলা বই ফরিত ফার অন?
আমি আপনার কাছে পরামর্শ চাই,আঁই অনর হাচে ফরামর্শ চাই
আমি আপনার পাশে থাকতে চাই,আঁই অনর ডাহদ্দি তাইক্তো চাই
আপনি কি এই জায়গায় ঘুরতে পারেন?,অনে কি জাগা ইয়ান অত গুরিত ফার অন?
আপনি কি গান লিখতে পারেন?,অনে কি গান লেকিত ফার অন?
আমি আপনার সাথে প্রেম করি,আঁই অনর লই ফ্রেম গরি
আপনি কি একটি বাংলা নাটক দেখতে পারেন?,অনে কি ওজ্ঞা বাংলা নাটক দেইত ফার অন?
আমি আপনার কাছে শিক্ষা নিতে চাই,আঁই অনর হাচে শিক্কা লইত চাই
আমি আপনার সঙ্গে মজা করতে চাই,আঁই অনর লই মযা গইরতো চাই
আপনি কি কোনো ভুল বুঝতে পারেন?,অনে কি হনো বুল বুজিত ফার অন?
আমি আপনার সঙ্গে সময় কাটাতে চাই,আঁই অনর লই সময় হডাইতো চাই
আপনি কি বাংলা কবিতা লিখতে পারেন?,অনে কি বাংলা কবিতা লেকিত ফার অন
আমার বাংলা বুঝতে অসুবিধা হচ্ছে,আঁর বাংলা বুইযতো অসুবিদা অর
আমি বাংলা কথা বলতে পারি,আঁই বাংলাত হতা হইত ফারি
আমি বুঝতে পারছি না,আঁই ন বুযির
আমার বাচ্চা একটি মেয়ে আছে ,আঁর বাইচ্চা ওজ্ঞা মাইফোয়া আচে
আপনি কি একটি শহরে যাবেন?,অনে কি এক্কান শঅর অত যাইবান নে?
আমি এখানে থাকবো,আঁই এডে তাইক্কম
আমার বাড়ি দূরে আছে,আঁর গর দুর আচে
আমার বাবা একজন ডাক্তার,আঁর আব্বু একযন ডাক্তর
তুমি কি কখনো এখানে আসতে পারবে?,তুঁই কি হনো অত্তে এডে আইত ফারিবা নে?
তুমি কি আমার সাথে যাবে?,তুঁই কি আঁর ফোয়ারে যাইবা নে?
তুমি কি বাংলা গান শুনতে পারো?,তুঁই কি বাংলা গান ফুনিত ফারো?
আমি অনেক খুশি,আঁই বউত কুশি
আমার বইটা কোথায়?,আঁর বই ওয়া হডে?
তুমি কি খেলতে ভালোবাসো?,তুঁই কেলা হাইতো বালবাসো নে
আমার বাড়িতে বড়ই সুন্দর ফুল আছে,আঁর গরোত বর সুন্দর ফুল আচে
তুমি কি আমার বন্ধু হতে চাও?,তুঁই কি আঁর বন্দু অইবা নে?
আমি এখানে প্রতিদিন আসি,আঁই এডে ফত্তিন আইয়্যি
তুমি কি খেলাধুলায় ভালো?,তুঁই কি কেলাদুলাত বালা নে?
তোমার  কি খাওয়ার জন্য সময় আছে?,তোঁয়ার কি হাইবর লাই সময় আচে নে?
আপনি কি গান শুনতে পছন্দ করেন?,অনে কি গান ফুইন্তে পচন্দ গরঅন নে
আমার প্রিয় ফল আম,আঁর ফ্রিয় ফল আম
আমাকে নিয়ে বিদেশে ঘুরতে যাবা ?,আঁরে লই বিদেশত গুইরত যাইবা নে
সে বিদেশে যাবে,ইতে বিদেশত যাইবো
তাঁর এই মাসে বিদেশে যাওয়ার কথা ছিল,ইতার এ মাসঅত বিদেশ যাইবর হতা আচিল
সে বিদেশে যেতে চায় না,ইতে বিদেশ যাইতো ন চায়
আপনি কি বিদেশে যেতে চান?,অনে কি বিদেশ যাইতো চন নে
তারা তিন ভাই ছিল কিন্তু তাদের মা ছিল না,তারা তিন বাই আচিল কিন্তু তারার মা ন আচিল
বনের মধ্যে একটি ছোট্ট জায়গায় তারা তিন ভাই একসঙ্গে থাকতেন,জঁঅলঅর মাযে এক্কান গুরা যায়গায় তারা তিন বাই এক্কোফোয়ারে তাকিত৯
একসময় এক রাজার এক হাতি ছিল,এক্কালে এক রাজার এক আতি আচিল
আমি সকালে পড়াশোনা করে মন সচেতন রাখি,আঁই বেইন্না ফরাশোনা গরি মন সচেতন রাকি
সকালের শুরুতেই পড়াশোনা শুরু করা ভালো হয়,বেইন্না ফযরত ফরাশোনা শুরু গরা বালো
আমি আজকে রাতের খাবার  খাবো না,আঁই আযিয়া রাইতর হানা ন হাইয়্যুম
কেন আজকে রাতে খাবা না? ,আযিয়া রাতিয়া ন কা হাইতা?
আমার ক্ষুধা লাগে নি ,আঁর বুক ন লাগে
চলো সবাই মিলে ঘুরতে যাই ,আডো বেজ্ঞুনে মিলি বেরাইত যাই
অনেক দূরে যেখানে কেউ নেই ,বউত দুরে যেডে হনোকিয়ায় নেই
তুমি কেমন আছো?,তুঁই কেন আচো
তুমি কি চাকরি করছো এখনো?,তুঁই কি চ অরি গরর নিকি এইযো
তুমি কি পড়াশোনা করছো?,তুঁই কি ফরাশোনা গরর দে নে
আমি এখন বিশ্ববিদ্যালয়ে পড়াশোনা করছি,আঁই এহন বিশ্ববিদ্যালয় অত ফরাশোনা গরির
আমি বিজ্ঞানে মাস্টার্স ডিগ্রি অর্জন করেছি,আঁই বিজ্ঞান অত মাস্টার্স ডিগ্রি লইয়িগইরগি
আপনি যেভাবে এগিয়ে যাচ্ছেন তা খুবই গর্বের বিষয়,অনে যেন গরি আগায় যঅন তা কুব গর্বর বিসয়
আমি পরে আপনার দোকানে আসব,আঁই ফরে অনর দোয়ান অত আইস্যুম
আমার বড় মেয়ের বিয়ের আয়োজন চলছে,আঁর বর মাইয়্যার বিয়ার আয়োজন চলের
বিয়ের তারিখ কখন ঠিক করা হয়েছে?,বিয়ার তারিক হত্তে টিক অইয়্যে?
এখন পর্যন্ত সবকিছু ঠিকমতো আয়োজন করছি,এহন ফইরযন্ত বেজ্ঞিন টিকমতো আয়োজন গইরগি
সাহায্যের জন্য আমি এখানে আছি,সাহায্যর লাই আঁই এডে আচি
আমি সাগর অনেক পছন্দ করি ,আঁই সাগর বউত পচন্দ গরি
কেন তুমি সাগর পছন্দ করো?,তুঁই সাগর কিল্লাই পচন্দ গরো
সাগরের পানি অনেক নীল,সাগরর ফানি বউত নিল
তোমার নাম কি?,তোঁয়ার নাম কি?
চলো পালিয়ে যাই ,আডো দাই যাই গই
আমার পকেট মানি লাগবে ,আঁত্তুন ফকেট মানি লাইবো
এতো টাকা কোথায় পাবো ? ,এদুন টিয়া হডে পাইয়্যুম?
টাকা দিয়ে কি করবা? ,টিয়া দি কেন গইরতা?
একটি গাড়ি কিনবো ,এক্কান গারি কিন্নোম
কালো রঙ আমার অনেক প্রিয় ,হালা রং আঁর বউত ফ্রিয়
তোমার প্রিয় রঙ কি? ,তোঁয়ার ফ্রিয় রং কি?
তুমি কি দেখেছো ? ,তুঁই কি দেইক্কো নে ?
আমাকে ছাড়া ভালো থেকো,আঁরে চারা বালা তাইক্কো
আমার বয়স কম ,আঁর বয়স হম
ভুল করে ফেলেছি ,বুল গরি ফেলাইয়্যি
তুমি চাইলে আমি চাঁদ এনে দিবো ,তুঁই চাইলে আঁই চাঁদ আনি দিয়্যুম
সকালে চা খাবা ? ,বেইন্না চা হাইবা নে ?
একটু এইদিকে আসো ,এক্কানা ইক্কা আইয়্য
ছেলেটি অনেক মেধাবী ,ফোয়াইবা বউত মেদাবি
মেয়েটি ছেলেটিকে ভালোবাসতো ,মাইফোয়া ইবা ফোয়াইবারে বালোবাসে
মেয়েটি অনেক বুদ্ধিমতী ,মাইফোয়া ইবা বউত চলাক
মেয়েটি অংকে কাঁচা,মাইফোয়া ইবা অংকত কেচা
আমি ওর নাম জানি,আই ইতার নাম নো জানি
সে আমার গ্রামের বাড়ীতে এসেছিল,ইতে আর গ্রামোত বাড়িত আসসিলো
উনি গ্রাম থেকে ঢাকায় এসেছিলেন,ইতে গ্রামত তুন ডাকাত আইসসে
ও ঢাকা থেকে গ্রামে গিয়েছিল,ইতার ঢাকার তুন গ্রামত গিইয়ে
তিনি রাতে ঘুমতে গিয়েছিলেন,ইতে রাতোত ঘুমাইতো গিয়ে
সে বাগানে দৌড়ায়,ইতে  বাগানোত দুরায়ে
উনি রাস্তার মাঝে দৌড়ায়,ইতে রাস্তাত দুরার
আমি তোমার সাথে একমত হতে পারছি না,আই তুয়ার লাই একমত অইতো নো ফারির
আমি চেষ্টা করেছিলাম,আই চেষ্টা হইজ্জিলাম
আমাকে বইটি দেখান,আরে বই ইবা দেহা
একদম ঠিক কথা বলেছ ,এব্বারে টিক হতা
বাগানের মধ্যে দিয়ে কে দৌড়াল?,বাগানোত মইধো দি হন দুরায়ে
আপনি খেলায় জিতলেন,ওনে হেলায় জিত্তন
তুমি খেলায় জিতলে,তুই খেলাত জিত্তো
তুমি যাও এখান থেকে,তুই যো গয় এরে তুন
আপনি যান এখান থেকে,ওরে যন এরে তুন
তুই যা এখান থেকে,তুই যা গয় এরের তুন
আপনারা পার্কে ঘুরে বেড়ান,ওনোরা ফার্কত গুরি বেড়াতোক
উনি চেষ্টা করেন,ঐইবা চেষ্টা খজ্জিল
তোমার আব্বু কেমন আছে?,তোয়ার আব্বু কেন আসে?
আমার বড় বোনের আজকে মন ভালো নেই,আর বর বইনোর আজিয়া মন ভালা নাই
তুমি কি আমাকে এই কাজটি করে দিতে পারবে?,তুইকি আরে হাম্মান গরি দিত্তারিবানা?
এই গরমে বাহিরে বের হতে ইচ্ছা করে না,এই গরমত বাইর ওইতো মনত নো সার
তোমার সব কথাই ভুল,তোয়ার বেক হোতাই ভুল
তোমার মত খারাপ ছেলে আমি আর একটাও  দেখিনি,তোয়ার ডইল্লে মরতফোয়া আই এক্কান ও নো দেহি
বিয়ের জন্য আম্মা  আমার জন্য ছেলে  খুজতাসে,আর লাই ফোওয়া কুজেরদে
আব্বা আমাকে গতকাল একটা ছেলের সাথে দেখা করতে বলেছিল,গতহালিয়া আব্বু আরে এক্কান ফোয়ার ফোয়ারিত দেহা গরিবেল্লাই হইল
ছেলেটিকে আমার একদমই ভালো লাগেনি,ফোয়া ইবা আর এক্কেরে গম ন লাগে
মেয়েটি গোলাপি রঙের শাড়ি পরে এসেছিল,মাইয়াফোয়া ইবা গোলাফি কালার শাড়ি ফইজ্জেদে
আমার দুইদিন পরে বিয়ে হবে,আর দুইদিন ফোর বিয়া অইবোদে
ছেলেটি এখন আর বিকালে খেলতে বের হয় না,মারতফোয়া ইবা এহন আর বিকালত খেলিবেল্লাই ন আইয়ে
মেয়েটি সকালে ঘুম থেকে উঠেই পরতে বসে,মাঈয়া ফোয়া ইবা বেইন্না ঘুমত্তুন উডি ফন্না ফইওত্তে বইসসে
আমার চাচা বিদেশ থেকে গতকাল বাংলাদেশে এসেছে,আর চাচা গতহালিয়া বিদেশেত্তুন বাংলাদেশত আইসসে
আমার বাসার দারওয়ান অনেক ভালো মানুষ,আর বাসার দারওয়ান বহুত ভালা মানুষ
আমার বন্ধু খুলনা ঘুরতে গিয়েছে,আর বান্ধু খুলনা গুইত্ত গিয়ে
আমার ঘুরতে অনেক ভালো  লাগে,আর গুরতো বহুত ভালা লাগে
আমি বিদেশে গিয়ে অনেক ঘুরতে চাই,আই বিদেশত জাইয়েরে বহুত ঘুইরতাম চাই
তুমি আমাকে বিরক্ত করো না,তুই আরে বিরক্ত ন গইজ
তিনি আমাকে অনেক অপমান করেছে,তুই আরে বহুত অফমান গইজ্জ
আমার সকালে উঠে বই পরতে অনেক ভালো লাগে,আর সকালত উডিয়েরে বই ফইত্তাম বহুত ভালো লাগে 
আমার ছোট ভাই একদমই পড়ালেখা করতে চায় না,আর ভাই ছোড উওা একদমি ফন্না ফরিবেল্লাই ন চায় 
আমার ছোট ভাই  বিদ্যালয়ে  যেতে চায় না,আর ভাই ছোড ইবা স্কুলত জাইতো ন চায় 
আমার ছোট ভাইয়ের বিদ্যালয়ে গিয়ে পড়ালেখা করতে ভাল লাগে না,আর ভাই ছোড ইবা স্কুলত জাইয়েরে ফন্না ফরিবেল্লাই ন চায় 
আমি একদিন  বিদ্যালয়ের মাঠে মাথা ঘুরিয়ে পরে গিয়েছিলাম,আই একদিন স্কুলর মাডত মাথা গুরাইয়েরে ফরি গেইলাম
আপনি কি আমাকে কোনদিনও ভালবাসবেন না ?,অনেকি আরে হোন দিনো ভালোনোবাসিবান?
আমার বন্ধু আজকে সকালে ফুটবল খেলেছে,আর বন্ধু আজিয়া সকালত ফুটবল খেইল্লে
তুমি আমার মনের কথা একদমই বুঝো না ,তুই আর মনত হতা এক্কেরে ন বুঝে 
আমার আম্মু অনেক ভালো রান্না করে,আর আম্মু বহুত ভালা রান্দিত ফারে
আমার বন্ধু এখন ঘুমাতে যাবে,আর বন্ধু এহন ঘুম জাইব দে
আমার ছোট বোন নাচতে পারে,আর বইত ছোড ইবা নাসিত্তারে
আমার বন্ধু এইবার ছুটিতে রাজশাহী ঘুরতে যাবে,আর বন্ধু এইসুডিত রাজশাহী গুইত্ত জাইবদে
আমার বন্ধু  যাকে ভালবাসে  সে রাজশাহী থাকে,আর বন্ধু জিতারে ভালোবাসে ইতে রাজশাহী তাহে দে
মেয়েটি  রাজশাহী থেকে আমার বড় ভাইয়ের সাথে দেখা করতে এসেছিল,মাইয়াা ফয়া ইব আরাজশাহীত্তুন আর ডোর ভাইর ফয়ারিত দেহা গরিবেল্লাই আইসসিল
মেয়েটি এখন সিলেট যাবে,মাইয়া ফয়া ইবা এহন সিলেট জাইবদে
আমার বড় ভাই এখন তাঁর বন্ধুদের সাথে সিগারেট খায় না,আর আই ডোর ইবা তার বন্ধুর ফয়ারিত এহন বিরি ন হায়দে
আপনি কি আমাকে আগে কোনদিন দেখেছেন ?, অনেকি আরে আগে হন দিন দেইক্কুন্না?
আপনি কি আমাকে চিনতে পেরেছেন?,অনেকি আরে চিনিত্তাইজ্জুন্না?
ছেলেটি আমাকে চিনতে পারল না,ফোয়াইবা আরে ন চিনে
মেয়েটি তোমাকে  চিনতে পারল না,মাইয়াফোয়াা ইবা আরে ন চিনে
আমার এখন পড়ালেখা করা উচিত,আর এহন ফন্না ফরা উচিত
অনেক রাত হয়েছে এখন আমার ছোট বোন ঘুমাতে যাবে,বহুত রাত অইয়ে এহন আর ভই ছোডউওা ঘুমাইবেল্লাই জাইব দে
আমাকে পরিক্ষার আগে সব কিছু নিয়ে পড়ালেখা করতে হবে,আত্তুন ফরিক্ষার আগদ্দি বেয়াক কিছু লইয়েরে ফন্না ফরন ফরিব
আমার ছোট ভাই বিদ্যালয়ে  গিয়ে বন্ধুদের সাথে গল্প করে,আর ভআই ছোড ইবা স্কুলত জাইয়েরে বন্দুর ফোয়ারিত গলফ মারে দে
আমার বন্ধু বিদ্যালয়ের  মাঠে প্রতিদিন ক্রিকেট খেলে,আর বন্ধু স্কুলর মাডত ফ্রতিদিন ক্রিকেত হেলা হায় দে
একটি ছোট শিশু ফুটপাতে লাফাচ্ছে,এক্কান ছোড ফুটফাতত লাফাদ্দে
আমার বান্ধুবি তার স্বামীকে খুব ভালবাসে,আর বান্ধবির তার জামাইরে বহুত ভালবাসেদে
আমার স্ত্রী আমাকে  ভালোবাসে না,আর বউ আরে ভালনোবাসেদে
স্কুল জীবন থেকে আমার ভাইয়ের সাথে তোমার বোনের  প্রেম ছিলো,স্কুল জীবনেত্তুন আর ভআই ফয়ারিত তোয়ার ভইনর ফ্রেম আসিল
আমার গতকাল প্রচণ্ড মাথা ব্যথা করছিলো,আর গুতহালিয়া বহুত মাতা হরাইয়ে 
আমি তোমার কোন কথা কিছুই বুঝতে পারলাম না,আই তোয়ার হোন হতা কিছুই বঝিত নোফাইল্লাম
তোমার  হাশির কাছে আমার সব কিছু হার মেনে যায়,তোয়ারর হাশির হাসে আর বেয়াক্কিসু আর মানে দে
তোমার  চোখ দুটো অনেক সুন্দর,তোয়ার চখ দুইয়ান বহুত সুন্দর
তোমার সাথে অনেক দিন পর  দেখা,তোওয়ার ফোয়ারিত বহুত দিন ফর দেহা অইয়েদে
ছেলেটি  বিদেশে গিয়ে পড়ালেখা করার স্বপ্ন দেখে,ফয়া ইবা বদেশত জাইয়েরে ফন্নাফরিবার স্বপ্ন দেহে
তোমার  সাথে কথা বলে আমার অনেক ভালো লাগলো,তোয়ার ফোয়ারিত হতা হইয়েরে আত্তুন বহুত গম লাগেদে
তোমার বন্ধুর সাথে পরিচিত হয়ে  ভালো লাগলো,তোওয়ার বন্দুর ফোয়ারিত ফরিচয় অইয়েরে ভালো লাইজ্ঞে
আমার আব্বু আর চাচার মধ্যে জায়গা জমি নিয়ে ঝগড়া হয়,আর আব্বু আর চাচা জায়গা জবি লইয়েরে হইজ্জে অইদে
লোকটি কিছু দিন আগে  বিয়ে করেন,লোক ইবা কিছু আগদ্দি বিয়া গইজ্জেদে
প্রথমে তোমাকে একটি বইয়ের দোকানে যেতে হবে,ফ্রতমে তোয়াত্তুন এক্কান বইয়র দোয়ানত জন ফরিবদে
বেশি কিছু বলার আগেই  আবেগে চোখে পানি চলে আসছে,বেশি হইবার আগে আবেগে ছখত ফানি চলি আইসসে
আপনার বন্ধুদের গালি দেওয়ার সুযোগ করে দিন,অনের বন্ধুতারার গালি দিবেল্লাই সুযোগ গরি দন
অনেক মানুষ এখনো পেছনে লাইনে দাঁড়িয়ে আছে,বহুুত মানুষ এহনো ফিছনে লাইনত তিয়াই আসে
একজন মহিলা  মারা গেছেন,এক্কাজন মহিলা ইন্তেকাল গইজ্জে 
আপনি  এত গরীব আগে কেন বলেননি,অনে এইল্লে গরিব আগে কিল্লাই ন হন
তুমি ছাড়া এই পৃথিবীতে আমার আর কেউ নেই,তুই ছাড়া এই দুনিয়াত আর হনিক্কা নাই
আমি আগেই বলেছি তোমাকে নিয়ে বিদেশ ঘুরতে চাই,আই আগেই হইয়ি আই তোয়ারে লই বিদেশত ঘুইত্তাম চাই
আমার আম্মু আমাকে সবার  সামনে মারতে মারতে বাসায় নিয়ে আসে,আর আম্মু আরে বেয়াক্কুনর সাম্নদ্দি মাইত্তে মাইত্তে বাসাত লই গিয়ি
আপনি কি জানেন  এখানে অনেক ছেলে কমেন্ট পড়তে আসবে,অনে কি জানন্না এডে বহুত মরত ফোয়া কমেন্ট ফরিবেল্লাই আইবদে
আবেগের ভালোবাসা কাউকে দেওয়া উচিত না,আবেগর ভালোবাসা হনিক্কারে দন উছিত নয়
একদিন বিবেকের কাছে আবেগের ভালোবাসা হেরে যাবে,একদিন বিবেগর ভালোবাসার হাসে আবেগর ভালোবাসা হারি জাইব দে
আমার মনের ভালোবাসা চিরদিন তোমার জন্য থেকে যাবে,আর মনর ভালোবাসা চিরদিন তোয়ার লাই তাকি জাইব দে
জীবনে একা একা পথ চলা অনেক কঠিন,জীবনে এহলা এহলা ফথ চলন বহুত কঠিন
আমার জীবন আমি তোমাকে নিয়ে বাঁচার জন্য দিব,আর জীবন আই তোয়ারেলই বাইচতাম দিউম
আমার ভালবাসা  দিয়ে  সারাজীবন তোমার পাশে থাকতে চাই,আর ভালোবাসা দিয়েরে সারাজীবন তোয়ার ফাশে তাইক্তাম চাই 
তোমাকে কি করে বুঝাবো তোমাকে কতটা ভালবাসি?,তোয়ারে কেনে বুঝাইতাম আই তোয়ারে হতকান ভালোবাসি?
আপনাকে দেখে আমি দেখে থমকে দারিয়ে ছিলাম,অনেরে দেহিয়েরে আই থমকি দারাই আসিলাম 
আপনি  খুব কষ্টে নিজেকে সামলে নিয়েছেন,অনে কিখুব হষ্ট গরিয়েরে নিজেরে মেনেজ গইজ্জেন
আমার বান্ধুবি কিছু ভাবতে পারেনা আপনাকে  ছাড়া,আর বান্ধুবি আরে ছাড়া কিছু ভাবিত ন ফারের 
আমার বন্ধু কিছু লিখতে পারেনা  আপনার নাম ছাড়া,আর বন্ধু কিছু লিখিন্নোফারে অনের নাম্মান ছাড়া
আপনাকে ভালোবাসি  এই কথাটি বলা বাকি,অনেরে ভালোদবাসি হতা ইবা হন বাকি
আমার আব্বুর খুব গরম লাগছে,আর আব্বু্তুন খুব গরম লাইজ্ঞেদে
আমার ছোট বোনের গরম লাগছে,আর ভইন ছোড ইবার গরম লাইজ্ঞে
এই শিশুটির অনেক ঠাণ্ডা লাগছে,এই শিশু ইবার বহুত ঠান্ডা লাইজ্ঞে
আমার বন্ধুর খুব মন খারাপ,আর বন্ধুর মন্নান হারাফ
আম্মু আমার জন্য নীল শাড়ি কিনে এনেছে,আর আম্মু আর লাই নীল শাড়ি কিনি আইন্নে 
আমি আমার বন্ধুকে  একটি লাল গোলাপ কিনে উপহার দিয়েছি,আই আম্র বন্ধুরে এক্কান লাল গোলাফ কিনি উফহার দিয়ি
আমি আমার স্বামীর সাথে বিকালে পার্কে ঘুরতে যাব,আই আর জামাইর ফোয়ারিত বিকালত গুইত্তাম জাইয়ুম দে
কাউকে ভালোবাসা দেওয়াতেই বেশি আনন্দ লাগে আমার,হনিক্কারে ভালোবাসা দিতাম বেশি আনন্দ লাগে দে
"যদি তুমি আমার কাছে ফিরে আস ,তবে তাকে ছেড়ে দাও","যদি তুই আর হাসে ফিরি আইয়, তইলে তারে ছাড়ি দো"
সে তোমার জন্য সব কিছু করতে পারে,সে তোয়ার লাই বেক কিছু গরিত্তারে
আপনি যে মানুষটিকে ভালবাসবেন  তাকে যদি না বুঝতে পারেন  তাহলে আপনার এই প্রেমের কোনো অর্থ নেই,অনে যে মানুষোরে ভালোবাসিবান তারে যদি নো বুঝিত্তারন তাইলে অনে এই ফ্রেমর হোনো মানে নাই
আপনি নিজে অসুখী হয়ে কিভাবে অন্যকে ভালোবেসে সুখী করবেন,অনে নিজে অসুখী অইয়েরে কেনে অন্যরে ভালোবাসিয়েরে খুসি গরিবান
তুমি কারো জীবনে সুখ এনে দেবে এই ভেবে তোমার প্রেম করা উচিত,তুই হার জীবনত সুখ আনি দিবা এইল্লে গরি ফ্রেম গরন উচিত
আপনার  মনের কথা গুলো আমাকে আজ খুলে বলুন,অনের মনর হতা ইন আরে আজিয়া খুলি হন
তুমি  কখনই পারবে না অন্য কারও ভালোবাসাকে ছিনিয়ে নিতে,তুই হোনো সমত নো ফারিবা হনিক্কার ভালোবাসা ছিনিইয়েরে লইতা
তুমি  জোর করে অন্যের ভালো লাগার মানুষ হতে পারবে না,তুই জোর গরিয়েরে আন্য আরেকজনর ভালোলাগার মানুষ অইন্নো ফারিবা
আগামিকাল সকালবেলা  তাদেরকে দেখতে পাবেন,আগামি হালিয়া সকালত তারারে দেখিত্তারিবান
তোমার কোন কথাতেই কোনও নিশ্চয়তা নেই,তোয়ার হোন হতাত হোনও কিশ্চয়তা নাই
আমার অনেক ভালো লাগে কালো  ওই চোখ দুটো তোমার,আত্তু্তুন বহুত ভালো লাগেদে অই হালা চখ দুইয়ান
তোমাকে একটি গোলাপ ফুল কিনে দিবো,তোয়ারে এক্কান গোলাপ ফুল কিনি দিয়ুম
আমার এই মন তোমাকে দিলাম,আর এই মন্নান তোয়ারে দিলাম
তোমার হাজার কথার মাঝে তোমার  মনের কথা লুকিয়ে ছিল,তোমার হাজার হথার মঝত তোয়ার মনর হতা লুয়াই তাইক্কে
একটা মানুষের সব কথা একদিনে মুখে বলে দেওয়া যায়না,এক্কান মানুষর সব হতার এক্কান দিনত মুখত হই দন ন যায়
আমার হাজার কথার মাঝে ওই একটা কথা তোমাকে বুঝে নিতে হবে,আর হাজার হতার মাঝত অই এক্কান হতা তোয়ার বুঝিয়েরে লন ফরিব
আমি যতদিন বেঁছে থাকি আপনাকে মনে রাখবো,আই জতদিন বাসি তাহি অনেরে মনত রাইক্কুম
আমার যত কষ্ট হোক তোমাকে নিয়ে আমি জীবন সাজাবোই,আর জীতই হষ্ট উক আই তয়ারে লই জীবন সাজাইয়ুম
তোমার পড়াশোনা করে  কি হবে যদি তুমি যাকে ভালোবাসো তাকেই  না পাও,তোয়ার ফোন্না ফরিয়েরে লাবহান কি যদি তুই যারে ভালোবাসো তারেই ন ফো
চাঁদের মিষ্টি আলো দেখতে আমার খুব ভালো লাগে,চাদর মিষ্টি আলো দেখিতাম আর বহুত ভালো লাগে দে
আমাদের ঘরের প্রতিটি রুম ফুল দিয়ে সাজিয়ে রেখেছি,আরার গরর বেয়াক্কুন রুম ফুল দিয়েরে সাজাই রাইক্কি
মাছের বাজারে  সবাই এসে বড় মাছটি দেখার জন্য ভিড় জমালো,মাসর বাজারত বেয়াক্কুন আইয়েরে ডর মাস দেহিবেরলাই ভির জমাইয়ে
আমার বিয়ে করার জন্য আরেকটা দিন এগিয়েছে,আর বিয়ার আরেক্কান দিন আগাইয়ে
দুজনে মিলে দুরে কোথাও ঘুরে আসতে পারি,দুইজন মিলিয়েরে হোনমিক্কা ঘুরি আইত্তাম ফারি
আকাশের নীলে হারিয়ে যেতে  চাই তোমায় নিয়ে,আকাশর নিলত হারাই যাইতাম চাই তোয়ারে লই
আপনার জন্য মনে আমার অফুরন্ত ভালবাসা,অনের লাই মনত আর অফুরন্ত ভালোবাসা
আমি সারা জীবন আপনার ভালবাসা পেতে চাই,আই সারাজীবন অনের ভালোবাসা ফাইতাম চাই
আমি এবং আমার ছোট বোন একসাথে সাঁতার কাটি,আই এবং আর ভইন ছোড ইবা সাতার হাডি
তোমাকে নিয়ে সুখের পৃথিবী সাজাতে চাই,তোয়ারে লই শুখর দুনিয়া সাজাইতাম চাই
আজ সিলেটে বৃষ্টি হবে,আজিয়া সিলেটত বিষ্টি ফরিব দে
তোমার মিথ্যা ভালবাসা একদিন হেরে যাবে,তোয়ার মিসা ভালোবাসা একদিন হারি জাইব দে
আমার সত্যের ভালবাসা কোনদিনও হারবে না,আর হাসা ভালোবাসা হোন দিন ন হারিবো
এই গানটি আমার খুব ভালো লাগে,গান ইবা আর খুব ভালো লাগে দে
তোমাকে অসম্ভব সুন্দরী লাগে,তোয়ারে অসম্ভব সুন্দর লাগেদে 
আপনার কি এখনও আপনার  ভালোবাসার মানুষটার কথা মনে পড়ে,অনের কি এহোন অনের ভালোবাসার মানুষ ইবার হতা মনত ফরে না
তোমার সাথে দেখা হলেই পুরাতন ইতিহাস মনে পড়ে যায়,তোয়ার ফোয়ারিত দেহা অইলেই ফুরান ইতিহাস মনত ফরে দে
এই ছবির নীল আকাশ অনেক সুন্দর,এই ছবি ইয়ানর নিল আকাশ বহুত সুন্দর
তুমি  এক সন্ধ্যায় অফিস থেকে বাসায় ফিরে দেখবে আমি আর নেই,তুই এক সন্ধাত আফিসেত্তুন বাসায় আইয়েরে দেখিবা আই আর নাই
তোমার কন্যা তোমাকে অনেক ভালবাসে,তোওয়ার মাইয়া ফোইয়া তোয়ারের বহুত ভালোবাসে দে
আমার মাঝে মাঝে চিৎকার করে কাঁদতে ইচ্ছে করে,আর মাঝে মাঝে চিল্লাইয়েরে হাইন্তাম মনত চায় দে
তুমি চলে যাওয়ার পর আমার জীবন থেমে গেছে,তুই চোলি জাইবার ফরদ্দি আর আর জীবন থামি গিয়ি
আমার ছোট বোন কেমন যেন শান্ত হয়ে গেছে,আর ভইন ছোড ইবা হইল্লে জানি শান্ত অই গিয়ি
বাবা মার আদর ভালোবাসা ছাড়া আমি বড় হয়েছি,বাবা মার আদর ভালোবাসা ছাড়া আই ডর অই গিয়ি
তুমি সত্যিই খুব কঠিন সময় পার করছ,তুই হাসা খুব কঠিন সময় ফার গরর
বাবা হয়ে মায়ের দায়িত্ব পালন করা করা খুব কঠিন,বাবা অইয়েরে মার দায়িত্ত ফালন গরা খুব হঠিন হাম
একটি শিশুকে একমাত্র তার মায়ের কোলেই মানায়,এক্কান শিশুরে একমাত্র তার মার হলত মানায়
আমার কোলে এসে শিশুটি তার মাকে খোঁজে মনে হয়,শিশু ইবা আর হোলত আইয়েরে তার মারে খুজের ফাল্লার
আমি যে মা তাই আমি আমার বাচ্চার  মুখের দিকে তাকিয়ে অনেক কিছু বুঝতে পারি,আই যে মা তাই আই আর বাইচ্চার মুখর মিক্কে সাইয়েরে বহুত কিছু মুঝিত্তারি
এই কঠিন বাস্তবের সাথে তোমাকে মানিয়ে নিয়ে চলতে হবে,এই কঠিন বাস্তবের ফোয়ারিত মানাই চলন ফরিব
মেয়েটি একটি  ভালো চাকরি করে,মাইয়া ফোয়া ইবা ভালো চরি গরে
এই  মাসে ছেলে তার পরিবার  নিয়ে ঘুরতে যাওয়ার কথা,এই আমসত ফোয়া তার ফরিবার লইয়েরে ঘুরিবার যাইবার হতা
আমার পরিবার আজকে বিকালে তোমার পরিবারের সাথে কথা বলবে,আর ফরিবারা আজিয়া বিকালত তোয়ার ফরিবারর ফোয়ারিত ফতা হইব
আমাদের দুজনের বিয়ে হওয়ার কথা চলছে,আরা দুইজনর বিয়া অইবার হতা চলের
মেয়েটি  এই ছেলেকে  বিয়ে করতে রাজি হচ্ছে না,মাইয়া ফোয়া এই মরতফোয়া ইবারে বিয়া গইত্ত রাজি ন অর
আমার স্বামী  আমাদেরকে নিয়ে রাতের বেলা ঘুরতে বের হবে,আর জামাই আরারে লইয়েরে লাতিয়া ঘুইরতে বাইর অইবদে
আমার পছন্দ হয় এমন ছেলে  আমার বাবা মায়ের পছন্দ হয় না,আর ফসন্দ অয় এইল্লে ফোয়া আর বাবা মায়ের ফসন্দ ন অয়
তোমার মত মানুষেরা কখনো ঠিক হবে না,তোয়ার মত মানুষরা হন সমত ঠিক ন অইব
ছেলেটি তার পরিবারের পছন্দে বিয়ে করে ফেলে,ফোয়াা ইবার তার ফরিবারর ফসন্দ মতন বিয়া গরি ফেলায়
আমার ভাই  মেয়েটির সাথে গতকাল যোগাযোগ করে,আর ভাই মাইয়া ফোয়ারফোয়ারিত যোগাযগ গরে দে
ছেলে কোন ধরনের মামলা চায় না,ফোয়া হোন ধরনর মামলা ন চায়
সে বিবাহিত তাই মামলা করতে চাচ্ছে না,সে বিবাহিত এতেল্লাই মামলা গরিত ন সার
এই বিষয়টা জানাজানি হলে মহিলাটির সংসার টিকবে না,এই বিষয়ান জানাজানি অই গেইলে মহিলা ইবার সংসার ন টিকিব
আমার বন্ধু মেয়েদের  সাথে সারা রাত জেগে কথা বলে,আর ফুরা লাত জাগিয়েরে মাইয়াফোয়ার ফোয়ারিত হতা হয় দে
আমার কাবিনের টাকা তোমাকে প্রতি মাসে মাসে দিতে হবে,আর হাবিনর টেয়া তোয়ার ফ্রতি মাসত মাসত দন ফরিব
আমার বড় ভাই সাত মাস প্রেম করে একজনকে বিয়ে করেছে,আর ভআই ডোর ইবা সাত মাস ফ্রেম গরিয়েরে একজনেরে বিয়া গইজ্জে
আমি ক্লাসের সব ছেলেদের  সাথেই মিশতাম,আই ক্লাসর বেয়াক ফোয়ারিত মিশ্তাম
তোমার অনেক ভুল ছিল,তোয়ার বহুত ভুল আসিল
এই তিন বছরের শিশুটির দোষ কোথায় ?,এই তিন বছরর শিশু ইবার দোষ হন্ডে?
তোমাকে বলেছিলাম বিয়েটা করে ফেলো,তোয়ারে হইয়ি বিয়া গরি ফেলো
শুধু তোমার ভালোর জন্য বিয়েটা করে ফেলতে বললাম, শুধু তোয়ার ভালোর লাই বিয়া ইবা গরিবেল্লাই হইলাম
তোমার ভালোর জন্যই আমি তোমাকে ছেড়ে দূরে চলে আসছি ,তোয়ার ভালোর লাই আই তোয়ারে ছাড়ি দুরত চলি গিয়ি
আমি আর তুমি একসাথে নেই আমি এটা মানতে পারছি না,আই আর তুই একফোয়ারিত নাই ইয়ান আই মানিন্নোফারির
আমার আর আমার স্বপ্নটা যে কবে পূরণ হবে,আর স্বপ্ন যে হত্তে ফুরন অইব
তোমার পরিবার আমার বাবার সাথে কথা বলতে চায়,তোয়ার ফরিবার আর বাবার ফোয়ারিত হতা হত চাইয়ে
তোমার বিয়ে হবে শুনে আমরা খুব খুশি,তোয়ার বিয়া হইব ফুনিয়েরে আর খুব খুশি
আমার বোন তার বন্ধুর সাথে ঘুরতে যেতে চায়,আর ভইন তার বন্ধুর ফোয়ারিত ঘুইরত জাইত চার
আমার বন্ধুরা সত্যিই ভালো হৃদয়ের মানুষ,আর বন্ধু তারা হাসা ভালা মনর মানুষ
আমার বন্ধুরা  সবাই খুব মেধাবী,আর বন্ধু তারা খুব মেধাবি
আমার বন্ধুদের সাথে ঘুরতে খুব ভালো লাগে,আর বন্ধুরার ফোয়ারিত ঘুইরত বহুত গম লাগে
তাদের পরিবারে কোন ঝগড়া হয় না,তারার ফরিবার হোন ঝগরা ন অয়
আমার ভাই বোনের খুব ভালো ছবি আঁকে,আর ভাই ভইনর বহুত খুব ভালো ছবি আহে
আমার গ্রামের মানুষদের মধ্যে কোন রকম ঝগড়া নেই,আর গ্রামর মানুষর মধ্য হোন রহম ঝগ্রা নাই
আপনি খুব সুন্দর করে  কথা বলেন,অনে খুব সুন্দর গরি হতা হন
তোমার  সুন্দর সুন্দর ছবিগুলো দেখে খুব আনন্দ পেয়েছি,তোয়ার খুব সুন্দর সুন্দর শবি সাইয়েরে আর খুব আনন্দ ফাইয়ি
বিয়ের পর অনেক পাতলা মেয়ে মোটা হয়ে যায়,বিয়ার ফর ফাতলা মাইয়াফোয়া মোদা অই যায়
মেয়েরা বিয়ে করার জন্য  ভদ্র ছেলে খুঁজে,মাইয়াফোয়া বিয়া গরার লাই ভদ্র ফোয়া খুজের
আমার খুব ভয় লাগছে কোনো দিন আমি কিডন্যাপ হয়ে না যাই,আর খুব ডর লাগের হোনো দিন আই কিডন্যাপ অই ন যায়
আজ সিঙ্গেল বলে ঘুরতে যেতে পারি না,আজিয়া সিঙ্গেল বলি ঘুইরতাম যাইন্নো ফারি
বাস্তব জীবনে বিয়ের পরই ঝগড়া শুরু  হয়,বাস্তব জীবনত বিয়ার ফরদ্দি ঝগরা শুরু অয় দে
আজ গরিব বলে কেউ আমাকে ভালবাসে না,আজিয়া গ্রিব বলি হনিক্কা আরে ভালোনোবাসে
"যতদিন এই পৃথিবীতে থাকব , তোমাকে মনে রাখব","যতদিন এই দুনিয়াত থাইক্কুম, তোয়ারে মনত রাইক্ষুম"
একমাত্র মেয়েরাই পারে সংসার গুছিয়ে রাখতে,একমাত্র মাইয়াফোয়ারাই ফারে সংসার ঘুছায় রাহে
ছেলেদের সহজ সরল মনটা নিয়ে মেয়েরা ফুটবল খেলে,মরতফোয়া তারা সহজ সরল মন্নান লইয়েরে মাইয়াফোয়াতারা ফুটবল কেলা হায়দে
ছেলেটি গাড়ির নিচে পরে মারা যায়,ফোয়া ইবা গারির তলত ফরিয়েরে মারা গিয়ি
একবার তোমার হাঁট ধরলে আর কোনদিনও ছাড়বনা,একবার তোয়ার হাত্তান দরিলে হোনদিন নোছাইজ্জুম
তুমি ছাড়া আমার জীবনটা অন্ধকার,তুই  ছাড়া আর জীবন্নান অন্ধকার
তোমার চুল পরার এই সমস্যা  নিয়ে ডাক্তারের কাছে যেতে হবে,তোয়ার চুল ফড়ার সমইস্যা ইবা লইয়েরে ডাক্তারর হাসে জন ফরিব
ভালো মানুষ এই পৃথিবীতে  বেশি দিন বাঁচে না,ভালা মানুষ এই দুনিয়াত বেহসি দিন ন বাসে
গ্রামের বাড়ির এই মেয়েটাকে খুব ভালো লেগেছিল,গ্রামর বাড়ির এই মাইয়াফোয়া ইবা খুব ভালো লাগে
ছেলেটি  ছুটির দিনেও কলেজে যায়,মরতফোয়া ইব ছুটির দিনত হলেজত যায়
আমার বাংলা সিনেমা দেখতে ভালো লাগে,আড় বাংলা সিনেমা দেহিইতে গম লাগেদে
তোমাকে আমি ধন্যবাদ জানাতে চাই,তোয়ারে আই ধন্যবাদ জানাইতাম চাই 
তোমার ছোট ভাইয়ের জন্মদিন কবে?,তোয়ার ভাই ছোড ইবার জন্মদিন হত্তে?
তুমি কি আমাকে একটি ছবি তুলে দিতে পারবে,তুই কি আরে এক্কান ছবি তুলি দিত্তারিবানা
তোমার সাথে আমার আম্মু কথা বলতে চায়,তোয়ার ফোয়ারিত আর আম্মু হতা হইত চাই 
তোমার কাছে আমি একটি পরামর্শ চাই,তোয়ার  হাসে আই এক্কান ফরামরশ চাই 
আপনি কি আমাকে একটি গান গেয়ে শুনাতে পারবেন ?,অনে কি আরে এক্কান গান গাই ফুনাইত্তারিবান?
তুমি কি তোমার ভুল বুঝতে পেরেছ ?,তুই কি তোয়ার ভুল বুঝিত্তাইজ্জ না?
তুমি কি আমার জন্য একটি গান লিখে দিতে পারবে?,তুই কি আর লাই এক্কান গান লিখিত্তারিবানা?
আমার প্রতিদিন খেলাধুলা করতে ভালো লাগে,আর ফ্রতিদিন খেলা হাইতে ভালো লাগে
আমার বন্ধুরা সকাল বেলা  ফুটবল খেলতে মাঠে যায়,আর বন্ধু তারা সকালত ফুটবল খেলা হাইত যায়
তোমার বয়স কত?,তোয়ার বয়স হত?
আমি অনেক বড় ভুল করে ফেলেছি,আই বহুত ভুল গরি ফেলাই
চাঁদের আলো দেখতে আমার খুব ভালো লাগে, চাদর আলো দেখিতে আর খুব ভাল লাগে দে
তুমি কি সকালে উঠে চা খাবে ?,তুই কি সকালত উদিয়েররে চা হাইবা না?
আপনি একটু এইদিকে আসতে পারবেন ?,অনে এক্কানা ইক্কা আইত্তারিবান না?
তোর পরিক্ষা কবে ?,তোয়ার ফরিক্ষা হত্তে?
আমাকে বিকালে খেলার মাঠে যেতে হবে,আরে বিকালত খেলাই হাইবের লাই মাঠোত যন ফরিব
কিছু মানুষ অনেক স্বার্থপর হয়,কিছু মানুষ বহুত সারত ফত অয়দে
আমি একজন ভালো মানুষ হতে চাই,আই একজন ভালা মানুষ অইতাম চাই
আমার পরিবার তোমাকে কোনদিনও মেনে নেবে না,আর ফরিিবার হন দিন তোওারে মানি ন লইব
আপনাকে  ছাড়া আমার বান্ধুবি ভালো নেই,অনেরে ছাড়া আর বান্ধুবি ভালো নাই দে
মেয়েটির রাগ অনেক বেশী,মাইয়াফোয়া ইবার রাগ বহুত বেশি
আপনি কি চান আমি এখান থেকে চলে যাই ?,অনে কি চন্না আই এডেত্তুন চলি জাই?
আপনি  কি এই বিয়েতে রাজি হয়েছেন ?,অনে কি এই বিয়াত রাজি অইয়ন?
আমার আব্বুর মাথা গরম থাকে,আর আব্বুর মাথা গরম তাহে দে
আমার বড় ভাই একজন বদমেজাজি লোক,আর ডর ভাই ইবা একজন বদমেজাজি লোক
যেই মেয়ে বেশী কথা বলে তাকে আমার পছন্দ না,যেই মাইয়া ফোয়া বেশি হতা হয় তারে আই ফসন্দ ন গরি
ছেলেটি অনেক  বেশী কথা বলো,ফোয়া ইবাা বহুত হতা হয়
আপনি আজ সকালে চা খান  নাই,অনে আজিয়া সকালত চা ন হাই
আজ সকালে আমি এবং আমার বন্ধুরা ফুটবল খেলতে মাঠে গিয়েছি,আজিয়া সকালত আই এবং আর বন্ধু তারা ফুটবল খেলিতাম মাথত গিয়ি
আমি আমার আম্মুর  সব কথা খুবই মনোযোগ দিয়ে শুনি,আই আর বন্ধুর সব হতা খুবই মনজগ দিয়েরে হুনি
আমার বান্ধুবির একটি ছোট বিড়াল আছে,আর বান্ধুবির এক্কান ছোড বিড়াল আসে দে
লোকটি তার বউয়ের গায়ে  হাত তুলে,লোক ইবা তার বউওর গাত আত তুলে
তোমার কি লোক দেখানো শেষ?,তোয়ার কি লোক দেখানো শেষ অইয়েনা?
আমার বউ  আমাকে কোনদিনও খোঁচা মেরে কথা বলেনি,আর বউ আরেে হোন দিনও গুতো মারি হতা ন হয়
তুমি একজন  ভালো মেয়ে মানুষ,তুই একজন ভালো মাইয়াফোয়া
তোমাকে জোর  করে বিয়ে দেয়া হয়েছিল,তোয়ারে জর গরি বিয়া দিয়ি
তিনি  দুইবেলা ভাত খেতে পারেন না,তিনি দুই বেলা ভাত হাইতো ন ফারে
তোমার পাশে  থাকলে আমি কল্পনার চেয়েও বেশি সুখী থাকি,তোয়ার ফাশত থাকিলে আই হলফনার চাইতেও বেশি সুখী
আম্মু আজকে খাবারে লবণ কম দিয়েছে,আম্মু আজিয়া  খাবারত  লবণ হম দিয়ি
আমার আম্মু সব সময় বেশ হাসি খুশি থাকে,আর আম্মু  সব সমত বেশ হাশি খুশি তাহে দে
তোমার জন্য এত কিছু করেও কোন লাভ হলো না,তোয়ার লাই এক কিছু গরিও হোন লাভ ন অয়
আপনি আমাকে আর কত অবাক করবেন,অনে আরে আর হত অবাক গরিবান
আপনি একটু কম চাপাবাজি করেন,অনে এক্কেনা হম গাল মারন
আজকে আমার ছোট বোন রান্না করেছে,আজিয়া আর বইন  ছোড ইবা ফাক গইজ্জে
খাবারে লবণ একটু বেশী হয়ে গেসে,হানাত লবণ এক্কা বেসি অই গিয়ি
খাবারে লবণ কম হলে আরো ভালো লাগতো,হানাাত লবণ হম অইলে আরো গম লাগিত 
আজকে আমি বাহিরে যাবোই,আজিয়া আই বাইরত যাইয়ুম
আপনি একা একা বাহিরে ঘুরতে যান,ইনে এহলা এহলা বাইরত ঘুরিত যান
আমি খুব  জোস মেকআপ করি,আই কুব জস মেকআপ গইজ্জি
তুমি একদমই না বুঝে বেশী কথা বলো,তুই একদম ন বুঝি ইয়েরে বেসি হতা হদে
"আপনাকে কিছু বলা লাগে না , আপনি এমনিতেই আমার মনের কথা বুঝে যান","অন্বেও কিছু হন ন লাগে, অনে এনেই আর মনর হতা বুঝি ফেলান"
তোমার চোখ থাকে অন্য মেয়েদের দিকে,তোয়ার চুখ তাহে অন্ন মাইয়াফোয়ার মিক্কে
তোমার বিবাহিত জীবন সুখের হোক,তোয়ার বিবাহিত জীবন সুন্দর ওক
আমাদের বাসার দারওয়ান রাতে মদ খায়,আররার বাসাত দারওয়ান লাতিয়া মদ হাদে
আমার স্বামী রাতে বন্ধুদের সাথে আড্ডা দেয়,আর জামাাই লাতিয়া বন্ধু তারা ফোয়ারিত আড্ডা মারে দে
আমি আর আমার আব্বু বিয়ে বাড়িতে যাচ্ছি,আই আর আর আব্বু বিয়া বারিত জাইরদি
তুমি আমার  কাছে ধরা পড়ার পরেও পরকীয়া করার কথা স্বীকার করছ না,তুই আর কাসত ধরা ফরিবার ফর ফরকিয়া গরিবার হতা স্বীকার ন গরর
একটা বিবাহিত মহিলা রাস্তা দিয়ে হেতে যাচ্ছে,এক্কান বিবাহিত মহিলা রাস্তাত দিয়েরে হাডি যার
আমার আম্মু আমার পড়াশোনার খরচ দিতে চায় না,আর আম্মু আর ফন্নাফরার হরছ নিত ন চায়
আমার মা অনেক কষ্ট করে আমাদের বড় করেছেন,আর মা অনেক হষ্ট গরি আরার বড় গইজ্জে
তোমার ছোট ভাই  আগে নেশায় আসক্ত ছিল,তোয়ার ছোড ভআই ইবা আগত নেশাত আসক্ত আসিল
ছেলেটি সারাদিন বাহিরে বাহিরে থাকে,ফোয়া ইবা ফুর দিন বারত বাইরত তাহে
আমার ফুফু চাচারাও আমাকে অনেক ভালবাসে,তোয়ার ফুফুর চাচা তারাও আরে বহুত ভালোবাসে দে
আমার আম্মু আগের তুলনায় এখন অনেক ভালো আছেন,আর আম্মু আগর তুলনায় এহন বহুত ভালো আসে দে
আমি আর আমার ছোট বোন আজকে  খালামুনির বাসায় ঘুরতে যাবো,আই আর আর ছোড বইন  ইবা আজিয়া হালামনির বাসাত ঘুইরত জাইব দে
আমার বড় বোন এতো সকালে ঘুম থেকে উঠতে পারে না,আর ডর বইন ইবা এতো সকালত ঘুমত্তুন উডিন্ন ফারে
আমার বড় বোন প্রচন্ড অলস একটা কাজ সময়মতো করতে পারে না,আর ডর বইন ইবা ফ্রচন্ড আলস  এক্কান হাম সময়মতন গরিত ন ফারে
আপনার সাথে আমার একটা জরুরি কথা আছে,অনর হাসে আরার এক্কান জরুরি হতা আসে
সকালে তাড়াতাড়ি উঠে বাহিরে একটু হেঁটে আসা খুব উপকারী,সকালত হারাহারি উঠে বাহিরত এক্কান হাটি আইয়ন খুব উফকারি
তুমি কি আমটি খেয়েছিলে ?,তুইকি নাম্মান হাইয়না?
বাগানের মধ্যে গিয়ে আমার ছোট ভাই দৌড়াল,বাগানর মধ্যত আর ছোড ভাই  ইবা দৈর
আপনি ফুটবল খেলায় হেরে গেলেন,অনে ফুটবল হেলা হারি গেইলেন
তুমি ক্রিকেট খেলায় জিতলে,তুই ক্রিকেট হেলাত জিতিলা
তুই এখান থেকে যা,তুই এদে তাহি যো
আপনি আমাকে দয়া করে  বিশ্বাস করেন,অনে আরেে দয়া গরি বিশ্বাস গরন
ছোট শিশুটি  অসুস্থ হয়ে পরেছে, ছোড শিশু ইবা অসুস্ত অই ফইজ্জে
তুমি কি আমার জন্য অপেক্ষা করতে পারবে ?,তুই কি আরলাই অফেক্ষা গরিত্তারি বানা?
তুমি আমার কাছে  ক্ষমা চাও,তুই আর হাসত ক্ষমা চো
আমি বিকালে একটু ঘুমিয়ে নিলাম,আই বিহালত এক্কেনা ঘুমাই গেইলাম
আমার আব্বু বড় ভাইয়ের উপর রেগে গেছিলেন,আর আব্বু ডর ভাই ইবার উফরত রাগি গেইয়ে
তোমার কথা শুনে আমি খুব অবাক হয়ে গেছিলাম,তোয়ার হোতা ফুনিয়েরে আই খুব অবাক অই গিয়ি
তোমার কি মাথা ব্যাথা করছে ?,তোয়ার মাথা ব্যাথা গইজ্জ?
আমার হাত  খরচের টাকা আমার আব্বু দেয়,আর আত হরচর টেয়া আর আব্বু দেয়
আমার বোন ইদানীং অনেক খারাপ আচরন করে,আর বইন  ইদানিং বহুত হারাফ আচরন গরে
আমি যেই ছেলেকে পছন্দ করি সে আমার পরিবারের কাউকে সম্মান করেনা,আই যেই ফোয়ারে ফসন্দ গরি সে আর ফরিবারর অনিক্কারে সম্মান ন গরে
মেয়েটি তাকে বিয়ে করবে না বলে দিয়েছে ,মাইয়াফোয়া তারে বিয়া ন গরিব হই দিয়ি
বাড়ি থেকে বিয়ের জন্য আমার জন্য মেয়ে  দেখা শুরু করলো,বাড়িত্তুন বিয়ার লাই আর লাই মাইয়াফোয়া দেহা শুরু গইজ্জে
আমার বিয়ে তোমার ছোট বোনের সাথে ঠিক হয়েছে,আর বিয়াাত তোয়ার ছোড বইনর ফোয়ারিত ঠিক অইয়ে
ছেলেটি আরও দুই  বছর পরে বিয়ে করতে চায় ,ফোয়া ইবা আরও দুই বছর ফরও বয়া গরিবেল্লাই চায়
বাবা আমাদের সমস্ত সম্পত্তি বিক্রি করে আমাদের নিয়ে গ্রামের বাড়িতে চলে আসছে,বাবা আরার সমস্ত সম্পত্তি বেচিয়েরে  গ্রামর বাড়িত চলি আইসসে
আমি  সবাইকে বুঝিয়ে বুঝিয়ে ক্লান্ত যে আমার আম্মু  এরকম কিছু করে  নাই,আই বেয়াক্কুনর বুঝাইয়েরে ক্লান্ত যে আর আম্মু এইল্লে কিছু গরি নাই
তাদের পারিবারিক ভাবেই বিয়ে হয়েছে,তারাার ফারিবারিক ভাবেই বিয়া অইয়ে
তাদের প্রেম করে বিয়ে হয়েছিল,তারার ফ্রেম গরিয়েরে বিয়া অইয়ে
আমার শাশুড়ি অনেক ভালো রান্না করে,আর শাশুড়ি বহুত ভালো ফাক গইজ্জে
বাবা অশিক্ষিত একটা ছেলের সাথে আমার বিয়ে  দিতে চেয়েছিল,বাবা অশিক্ষিত এক্কান ফোয়ার ফোয়ারিত আর বিয়া দিতে চাইল
আব্বু মান সন্মানের ভয়ে মামলা করেননি,আব্বু মান সম্মানর ভয়ে মামলা ন গরে
ছেলেটি চাচার ভয়ে তার বাবাকে সত্যি কথা বলতে পারেনি,ফোয়াইবার চাচার ভয়োত তার বাবারত সত্যি হতা হইন্নোফারে
আমি তখন খুব ছোট যখন আমার মা মারা গিয়েছিল,আই তহন খুব ছোডযহন আর মা মারা গিয়ি
গ্রামের থেকে আসা ছেলেটি এখন ঢাকায় পড়াশুনা করছে,গ্রারামত্তুন আইয়োন ফোয়া ইবা এহন ঢাহাত ফন্না ফরের
আমার সাথে তার পরিচয় হয়েছে স্কুলে গিয়ে,আর ফোয়ারিত তার ফরিচয় অইয়ে স্কুলত গিয়ি
আমাকে দয়া করে পরামর্শ দিন আমি এখন কি করতে পারি,আরে দয়া গরি ফরামরশ দন আই এহন কি গরিত্তারি
আমার বাহিরে ঘুরতে যাওয়ার কোন  ইচ্ছা ছিল না,আর বাইরত ঘুইরতাম যাইবার হোন ইচ্ছা ন আসিল
ছেলেটা সিগারেট পর্যন্ত খায় না,ফোয়া ইবা সিগারেট ফসন্দ ন হায়
প্রথমদিকে আপনাকে আমি এত  ভালোবাসতাম না,ফ্রতম মিক্কে অনেরে আই এত ভালোনোবাসিতাম 
ছেলেটি সপ্তাহখানেক আগে  আমাদের সাথে দেখা করেছে,ফোয়া ইবা সপ্তাত আগদ্দি আরার ফয়ারিত দেহা গইজ্জে
ওই মেয়েকে যেভাবেই হোক  খুঁজে বের করতে হবে,অই মাইয়াফোয়া যেনেইওক খুজি বাইর গরন ফরিব
ছেলেটির ঘটনা শুনে আমরা তাকে সাহায্য করি,ফোয়াইবার ঘটনা ফুনি আরা তারে সাহায্য গইজ্জি 
ছেলেটি তার পরিবারসহ  ঈদের আগের দিন আমাদের সাথে দেখা করতে আসে,ফোয়াইবা তার ফরিবারসহ ঈদুর আগরদিন আরার ফোয়ারিত দেহা গইরতে আইসসে
মেয়েটি বাংলাদেশে এসে তার পছন্দের ছেলের সাথে  বিয়ে ঠিক করেছে,মাইয়াফোয়া ইবা বাংলাদেশত আইয়েরে  তার ফসন্দর ফোয়ারিত বিয়া ঠিক গইজ্জি
আমাদের এলাকায় কেরোসিন তেলের দাম বেড়ে গেছে,আরার এলাকাত কেরাসিনর দাম বারি গিয়ি
আমার প্রতিদিন পেয়ারা খেতে খুব ভালো লাগে,আর ফ্রতিদিন ফেয়ারা হাইতে বহুত গম লাগে দে
পেয়ারা আমার প্রিয় ফল,ফেয়ারা আর ফ্রিও ফল
আমার আব্বু প্রতিদিন নারিকেল পানি পান করে,আর আব্বু ফ্রতিদিন নাইরকেলর ফানি হা দে
আমার দাদার বাড়ীর পিছনে একটি পেয়ারা গাছ আছে,আর দাদার বারির ফিসনদ্দি এক্কা ফেয়ারা হাছ আসে দে
আম্মু রান্নাঘরে বসে মোরগের মাংস রান্না করছে,আম্মু ফাকঘরত বইয়েরে কুরর মাংস ফাকের
গ্রামের মানুষরা মাটির পাতিলে রান্না করে,গ্রামর মানুষ তারা মাটির ফাতিলত ফাকে
আমার ছোট ভাই শিমের তরকারী দিয়ে ভাত খেতে খুব ভালবাসে,আর ছোড ভাই ইবা শিমর তরহারি দিয়েরে ভাত হাইতে খুব গম লাগেদে
এই শিশুটি পাকা পেঁপে খাচ্ছে,এই শিশু ইবা ফানা ফেফে হার
আব্বু গ্রাম থেকে আসার সময় অনেক বড় বড় জাম্বুরা কিনে এনেছে,আব্বুর গ্রামত্তুন আইবার সমত বহুত ডর ডর জাম্বুরো কিনি আইন্নে
আমার আম্মু জামরুল খাচ্ছে,আর আম্মু জামরুল হাদ্দে
আমার ছোট ভাই বিকালে ছাদে উঠে পাশের বাসার ছাদের কবুতর দেখে,আর ছোড ভাই বিকালত বহুত গুরর সা আসে দে
আমাদের গ্রামের বাড়িতে অনেক গুলা  মুরগির বাচ্চা আছে,আরার গ্রামর বারির বহুত কুরর সা আসে দে
শিশুটি একটি মুরগির বাচ্চা কলে নিয়েছে,শিশু ইবা কুরর সা হুলত লইয়ে
আমার ছোট বোন খুবই  বোকা,আর ছোড বইন ছোড ইবা বহুত বকা
গ্রামের বারি গিয়ে আমি একা একা  সাঁতার  কেটেছি,গ্রামর বারি জাইয়েরে আই এহলা এহলা সাতার হাইট্টি
"আমার আব্বু , আম্মু , ভাই, বোন ড্রয়িংরুমে বসে আছে","আর আব্বু, আম্মু, ভাই, বোন ড্রইংরুমত বই আসি দে"
আমাদের ঘরের স্টোররুমটি অনেক বড়,আরার ঘরর স্টররুম ইবা বহুত ডর
শিশুটি একটি বিড়াল ছানাকে আদর করছে,শিশু ইবা এক্কান বিড়ালর সারে আদর গরের দে
লাকড়ির চুলায় রান্না করা খাবার খুব মজা,লাহ্রির চুলাত ফাক গরা হানা বহিত মজা
আমার বড় ভাই বেগুন তরকারির দিয়ে ঝোল দুপুরে ভাত খেয়েছে,আর ডর ভাই ইবা বেগুনর তরহারির ঝোল  দুইজ্জা ভাত হাইয়ে
আমার আব্বু লাউ দিয়ে চিংড়ি মাছের ঝোল খুব পছন্দ করে,আর আব্বু লাউ দিয়েরে চিংড়ি মাছর ঝোল আর হুব ফসন্দ
আমার শীতের দিনে গোসল করতে ভালো লাগে না,আর শীতর দিনত গোসল গরিতে গম ন লাগে
আমার বোন গ্রামের বাড়ীতে গিয়ে পুকুরে গোসল করে,আর বইন গ্রামর বাড়ীত জাইয়েরে ফুকুরত গোসল গরে দে
আমার আম্মু বলে যে তেঁতুল  খেলে  আমার বুদ্ধি কমে যাবে,আর আম্মু হদে তেতই হাইলে মাথার বুদ্ধি হমি জাইব দে
আমার আব্বু বাজার থেকে আমাদের জন্য তেঁতুল কিনে এনেছে,আর আব্বু বাজারত্তুন আরার লাই তেতই কিনি আইন্নে দে
আমার গ্রামের বাড়ীর উঠান অনেক বড়,আর গ্রা্রামর বাড়ীর উডানত বহুত ডর
এই শিশুটি গ্রামের বাড়ীর উঠানে খেলছে,এই শিিশু ইবা গ্রামর বাড়ীর  হেলের
ছোট বাচ্চাটি অনেক অসুস্থ,ছোড বাইচ্চা ইবা বহুত অসুস্ত
একটি আহত শিশুটি রাস্তায় দাঁড়িয়ে কাঁদছে,এক্কান আহত শিশু রাস্তাত তিয়াই হান্দের
আমার ছোট বোনকে আজকে সকালে হাসপাতালে নেয়া হয়েছে,আর ছোড বইন ইবারে আজিয়া সকালত হাস্পাতালত লই গিয়ি
আব্বু বলেছে বৃষ্টি হলে বারান্দার গাছে পানি দেওয়ার প্রয়োজন নাই,আব্বু হইয়ে বিষ্টি অইলেও বেলকনির গাসত ফানি দিবার ফ্রয়জন নাই
আমার আম্মু বৃষ্টি হলেও বারান্দার গাছে পানি দেয়,আর আম্মু বিষ্টি অইলেও গাসত ফানি দে
আব্বু বলেছে গাছে অতিরিক্ত পানি দিলে গাছ মারা যায়,আব্বু হইয়ে গাছ অতিরিক্ত ফানি দিলে মরি যায়  
গতকাল বিকালে আমাদের এখানে অনেক বৃষ্টি হয়েছে,গতহালিয়া বিকালত আরার এনডে বহুত বৃষ্টি অইয়ে
আমার আম্মু আজক শশার তরকারি রান্না করেছে,আর আম্মু আজিয়া শশার তরহারি ফাক গইজ্জে দে
গরমের দিনে লবণ দিয়ে  শশা খেতে খুব ভালো লাগে,গরমর দিনে লবণ দিয়েরে শশা হাইতে খুব গম লাগেদে
শশা খেতে অনেক সুস্বাদু,শশা হাইতে বহুত গম
আব্বু আজকে সকালে বাজার থেকে টমেটো কিনে এনেছে,আজিয়া আব্বু সকালত বাজারত্তুন টমাটু কিনি আইন্নে দে
দিন দিন টমেটোর দাম বেড়ে চলছে,দিন দিন টমাটুর দাম বারের দে
আমার সরিষার তেল দিয়ে মাছ ভাজা খেতে খুব ভালো লাগে,আর সরিষার তেলর মাছ ভাজা হাইতে বহুত গম লাগে দে
আমার দাদা চুলে সরিষার তেল দেয়,আর দাদার চুলত সরিষার তেল মাতাত দে 
আমার নানা বলেছে সরিষার তেল চুল পড়া কমায়,আর নানা হইয়ে সরিষার তেল চুল ফরন হমায় দে
এক কৃষক বাজারে টমেটো বিক্রি করে,এক কৃষক বাজারত টমাটু বিক্রি গরের
আমার আব্বু গায়ে সরিষার তেল মালিশ  করে,আর আব্বু গাত সরিষার তেল দে
দিন দিন আমি খুব অসুস্থ হয়ে যাচ্ছি ,দিন দিন আই খুব অসুক্কা অই জাইর
যেখানে সেখানে থুথু ফেলা একদম নিষেধ,যেন্ডে এন্ডে সেপ দেলন এব্বারে মানা
আমার আম্মু বলেছে প্রতিদিন তেতুল খেলে আমার শরীরের রক্ত পানি হয়ে যাবে,আর আম্মু হইয়ে ফ্রতিদিন তেতুল হাইলে আর শরীরর রক্ত ফানি অই জাইবদে
আমার ছোট ভাইয়ের প্রিয় ফল হলো জামরুল,আর ছোড ভাই ইবার ফ্রিও ফল অইল জামরুল
শিশুটির কিছু দিন ধরে সর্দি কাশি,শিশু ইবার কিছু দিন দরিয়েরে সরদি হাসি
আমাদের গ্রামের বাজারে অনেক বড় একটি  দেশী মুরগীর দোকান আছে,আরার গ্রামর বাজারত বহুত ডর এক্কা দেশী কুরোর দোহান আসে দে
সকালে ঘুম থেকে উঠে নারিকেল পানি খেতে আমার খুব ভালো লাগে,সকালত ঘুমত্তুন উঠিয়েরে নাইরকেলর ফানি হাইতে আর খুব গম লাগে দে
আমি আজকে শিম ভাজি  দিয়ে দুপুরে ভাত খেয়েছি,আই আইয়া শিম ভাজি দিয়েরে দুফুরত ভাত হাইয়ি
মা আমার জন্য শিম ভাজি রান্না করছে,মা আর লাই শিম ভাজিফাক গইজ্জে দে
আম্মু রান্নাঘরে বসে মাটির পাতিলে মুরগির মাংস রান্না করছে,আম্মু ফাকঘরত বসি মাটির ফাতিলত কুরর মাংস ফাক গরের
অনেক মানুষই শখের বশে ছাদের উপর কবুতর পালন করে,বহুত মানুষ শখেরলাই ছাদর উওরত হইতর ফালেদে
দুইদিন ধরে আমার অনেক সর্দি-জ্বর,দুইদিন ধরি আর বহুত সরদি জর
সকালে ঘুম থেকে উঠেই ঘরের স্টোররুমটি পরিষ্কার করতে হবে,সকালত ঘুমত্তুন উঠিই ঘরর স্টোররুম ইবা ফরিষ্কার গরন ফরিব
লবণ দিয়ে পেয়ারা খেতে আমার ছোট বোন খুব পছন্দ করে,লবণ দিয়েরে ফেয়ারা হাইতে আর ভইন ছোড ইবার বহুত ফসন্দ গরে
মা রান্নাঘরে বসে আমার বাবার জন্য শিমের তরকারি রান্না করছে,মা ফাকঘরত বইয়েরে আর বাবার লাই শিমর তরহারি ফাক গরের দে
আমি আর আব্বু গতকাল সিলেট থেকে ঢাকায় এসেছি,আই আর আব্বু গতহালিয়া সিলেটত্তুন ঢাহা আইসসি
আম্মু লাকড়ির চুলায় রান্না করছে,আম্মু লাকড়ির চুলত ফাক গরেদে
আমার বড় বোনটি কাঁচা আমের শরবত খেতে খুব ভালবাসে,আর ডর বইন ইবা  হাচা আমর শরবত হাইতে বহুত ভালোবাসে দে
এই বকা ছেলেটি দুইদিন ধরে পড়ালেখা করছে না,এই বকা ফয়া ইবা দুইদিন ধরি ফন্না ন ফরের
বিকালে আম্মু আমার জন্য শসার সুপ রান্না করেছে,বিকালত আম্মু আর লাই সসার সুপ ফাক গইজ্জে
আমার স্কুলে কোনো খেলার মাঠ নেই ,আর স্কুলত হোনো খেলা হাইবার মঠ নাই দে
আমারা সবাই একসাথে খেলা দেখছিলাম ,আরা সবাই এক ফোয়ারিত খেলাহাইতাম 
বিশ্বকাপ ক্রিকেট খেলা আজকে থেকে শুরু , বিশ্বকাপ ক্রিকেট হেলা আজিয়াত্তুন শুরু
আজকে ইংল্যান্ড বিশ্বকাপ ক্রিকেট খেলায়  জিতে গেছে ,আজিয়া  ইংল্যান্ডর বিশ্বকাপ ক্রিকেট হেলাত জিতি গিয়ি
চল আমরা সবাই গান গাই ,চল আরা বেয়াক্কুন গান গাই
তুমি কি আমাকে এক গ্লাস পানি এনে দিতে পারবে ?,তুই কি আরে এক্কা্কান গ্লাস ফানি আনি দিত্তারিবা না?
আমি পারবো না পানি দিতে ,আই ন ফাইজ্জুম ফানি দিতাম
তোমার ভাই পড়ালেখাতে অনেক মেধাবি ,তোয়ার ভাই ফন্নাফরনত বহুত মেধাবি 
আচ্ছা বলো দেখি বাংলাদেশে কয়টি জেলা? ,আচ্ছা হো সাই বাংলাদেশর জেলা হইয়ান?
সামনের দিকে যেয়ে মেয়েটি অনেক হাসবে,সামনর মিক্কা যাইয়েরে মাইয়াফোয়া ইবা বহুত হাসিব দে
নতুন কোন জায়গায় ঘুরতে যাও?,নতুন হন জাগাত ঘুইত্তু যন দে?
পটুয়াখালির দ্বীপে কি আছে?,পটুয়াহালির দ্বীপুত কি আছে দে?
"খালু, গ্রামের বাড়ি যাবেন কবে?","অহালু, গ্রামর বাড়িত হত্তে যাইবেন?"
কোন সময় বাজার ভালো?,হন সমত বাজার ঠিক থাকে দে?
লোহার পাটভাঙ্গা,লোআর পাটভাইঙ্গে
কোন ট্রেনে যাবেন?,হন ট্রেইনুত যাইবেন?
মা পিঠা বানাচ্ছেন।,মা পিডে বানার ।
কিভাবে সবজি কুচি করেন?,তরহারি কেন গরি কুডন দে?
গাছের ডালে কি?,গাছর টেইলুত কি ?
"মায়ের পাশে দাঁড়িয়ে, প্রতিটা স্টেপ নোট করে","মার ডাগদি তিয়েইয়েরে, পইত্তেক স্টেপ নোট গরি"
চিংড়ি মাছ পেলে কি হবে?,ইছে মাছ পাইলি কি গরিবেন দে?
"নতুন কনটেন্ট প্ল্যান করছি, শীগ্গিরই আসবো","নোয়া কনটেন্ট অর প্ল্যান গরির,শরে আইর"
আপনি কি নিয়মিত জল খান?,অনে কি পইত্তেন পানি হন না?
কচুর লতি কাটছেন?,হচুর লতি হাইট্টি না ?
গোল মরিচ আছে?,গোল মরিচ আছে না ?
ছাদের কোণায়,ছাদর হোনাত
আপনি কি নিয়মিত পাবলিশ করেন?,অনে কি পইত্তেন পাবলিশ গরন না?
জুম্মার পর যাব।,জুমর পর যাইয়ুম।
সোনার হরিণ দেখেছি।,সোনার হরিণ দেক্ষি ।
আপনি কি নিয়মিত মাথায় তেল দেন?,অনে কি পইত্তেন তেল দিয়ে না?
কোথায় পিকনিক করবেন?,পিন্নিক হডে গরিবে দে?
ক্লাস এইটে,কেলাস এইডুত
সূর্যাস্তের দৃশ্য,সূর্য ডুবি যাইবের দৃশ্য
পালং শাক খুব পছন্দ,পালংশাক বেশি গম লাগে দে
বারান্দায় কি করছস আজকাল?,আইজকেল বারান্দাত কি ঘরছ দে?
"হ্যাঁ, পুরো রমজান","অয়অ,পুর রোজার মাস"
ওয়েবসাইটে দেখুন।,ওয়েবসাইটুত চন।
"জাম, লিচু, আম পাকলে গাছ থেকে পেড়ে খাই","জাম লেচু,আম পাগিলি গাছত্তুন পাড়ি হাইর"
বাঙালি নানা-নানীরা কি করেন?,বাআলর নানানানী অলে কি গরে দে?
"হ্যাঁ, দানা খায়","অয়অ,দানা হাইর"
"হ্যাঁ, রাতে করি","অয়অ,রাতিয়ে গরি দি"
কোথায় ইনভেস্টিগেট করবেন?,ইনভেস্টিগেট হডে গরিবেন দে?
কোথায় লুঙ্গি রাখেন?,লঙ্গি হনডে রাহন দে?
মায়ের পাশে দাঁড়িয়ে,মার ডাগদি তিয়েইয়েরে
চীনা আপেল।,চীনের আপেল ।
"হ্যাঁ, সকালে করি","অয়অ, বেয়িন্নে গরি দি"
"মাসে দশ-বারো অর্ডার হয়, বাড়াতে হবে","মাসে দশ-বারো অর্ডার অয়, বাড়াম পড়িবু"
আজকে রাতে কি রান্না?,আজিয়ে রাতিয়ে কি রান্না?
"বউদি, নববর্ষের প্ল্যান কি?","বউদি, নববর্ষর প্লেন কি?"
দেশি মুরগি আর টাটকা সবজি,দেশি মুরগি ইয়ের তাজা সবজি
"দারুণ রান্না করে, সবাইকে খাওয়ায়","সুন্দর রান্না গরে, বেজ্ঞুনেরে হাবায়"
হাঁসগুলো কোথায়?,আঁস ইয়িন হনডে যার ?
আপনি কি নিয়মিত উচ্ছে খান?,অনে কি পইত্তেন হরলা হন না?
"হ্যাঁ, গ্যাস ওভেন আছে","অয়অ,গ্যাসর ওভেন আছে"
কার হাতের রান্না ভালো?,হার আথর রান্না বেশি পোয়াদ দে?
নতুন কোন জায়গায় সারপ্রাইজ পার্টি দেই,নোয়া হন জাগাত সারপ্রাইজ পার্টি দির
গাজর কত নেবেন?,গাজর হত লইবেন ?
মৎস্য মহল কোথায়?,মাছর গোট্টা হনডে?
কোন ফ্লোরে যাবেন?,হন ফ্লোরত যাইবেন?
কোন সময় লেখালেখি করেন?,হন সমত মাইজ্জি লেহালেহি গরন দে?
পরোটা আর ডিম ভাজি খাই,পরটা ইয়ের ডিম ভাজি হাইর
বড় আপুর হাতের,বড় বইনুর আথর
"ওয়ার্ক ফ্রম হোম আর ফ্রি লাঞ্চ, আর কি চাই","ওয়ার্ক ফ্রম হোম ইয়ের ফ্রি লাঞ্চ, আর কি চাই"
কোন ধরনের শরবত পছন্দ?,অনত্তে কিরহম গম লাগে?
আজ কি রান্না হয়েছে?,আজিয়ে কি রাইন্দুন দে ?
পাড়ার মোড় থেকে বাজারে যাই,পাড়ার মোড়ত্তুন বাজারত যাইদি
আপনি কি নিয়মিত তাহাজ্জুদ পড়েন?,অনে কি পইত্তেন তাহাজ্জুদ নামাজ পড়ন না?
নতুন কি প্রজেক্ট নিছস?,নোয়া কি প্রজেক্ট লইয়ুচ দে?
প্রতিদিন সকালে উঠে যত্ন নিই,পইত্তেন বেয়িন্নে উডি যত্তন লয় দি
দেশের কৃষি উৎসব কেমন?,দেশর কৃষির মেলা কেন?
বধূ কেমন?,পুতুর বউ কেন?
নারকেল দুধ দিয়ে মালাইকারি,নাইরকেল দুধ দি মালাই গইজ্জে
সন্ধ্যায় আড্ডা হবে?,আজন্নে আড্ডা অইবু?
আজকাল মাছের দাম অনেক বেড়েছে,আইজকেল মাছর দাম বউত মংগা অয় গেইয়ি
ত্রিশ টাকা,তিরিশ টিয়া
কাঠের বাটি দিয়ে,গাছর হোটারা দি
মিক্সড ফ্রুট জুস,মিক্স ফ্রুট জুস
"হ্যাঁ, দরজায় লাগানো","অয়অ,দরজাত লাগাইয়ে আছে"
কি করছো এখন?,কি গইত্তে লাইগ্গু এহন?
বাজারের কোন সবজি টাটকা?,বাজারত হন তরহারি তাজা দে?
"ও ডিজিটাল আর্ট করে, ভালোই কামায়","ইবে ডিজিটাল আর্ট গরে, ভালা হামার"
কোথায় আঁচল রাখেন?,আঁচল হনডে রাহন দে?
কিভাবে ভর্তা বানান?,ভর্তা কেন গরি বানন দে?
জাতীয় মাছ কিভাবে রান্না করেন?,জাতীয় মাছ কেন গরি রাধন দে?
বাসায় কে আছে?,ঘরত হন আছে?
কার সাথে সিনেমা দেখেন?,হার লয় সিনেমা চন দে?
ড্রয়ারে রাখা।,ড্রয়ারত রাইক্ষে ।
জাতীয় স্মৃতিসৌধে কি করেন?,জাতীয় স্মৃতিসৌধে কি গরন দে?
বাউল গান আর আধুনিক বাংলা গান,বাউল গান ইয়ের আধুনিক বাংলা গান
এখন ছেলেদের সাথে পাল্লা দিয়ে পড়ে,এহন পুয়া অলর লয় টক্ষর দিয়েরে পড়ে
ঝাল কেমন হয়েছে?,ঝাল কেন অইয়ি ?
পাটিসাপটা বানাব।,পাটিসাপটা বানাইয়ুম ।
ক্রাইম সিনে,ক্রাইম সিনে
কার সাথে সকাল হয়?,হার লই বেয়িন্নে অই দে?
আপনি কি নিয়মিত করলা খান?,অনে কি পইত্তেন তিতে হরলা হন না?
কোন ধরনের ঘটি ব্যবহার করেন?,হন ডইল্লে লোডা ব্যবার গরন দে?
কাঁচা বাজারে সকালে,কেচা বাজারত বেয়িন্নে
বারিধারার ফুড কোর্টে যাবে আজকে?,বারিধারার ফুড কোডত যাইবে না আজিয়ে?
পহেলা বৈশাখ।,পইলা বৈশাক
খেজুর গাছে কি হয়?,হাজুর গাছত কি অয় দে?
কার কাছে রেসিপি শেখেন?,রেসিপি হাত্তুন শিখন দে?
কেন এলে?,কিল্লে আইসসু ?
দেশি খেলনা আর পুতুল জমা করি,দেশি খেলনা ইয়ের পুতুল জমাদ্দি
"শহীদ মিনারের সামনে, চা খেতে খেতে","শহীদ মিনারর সাম্মে, চা হাতে হাতে"
প্রায় দশ বছর হলো,প্রায় দশ বছর অইয়ি
মালিকের দোকানের চা,মালিকুর দোআনর চা
কোন ধরনের বাটি ব্যবহার করেন?,হন ডইল্লে হোটারা ব্যবার গরন দে?
কোথায় বসবে এখন?,হনডে বয়বে এহন ?
কিভাবে মাছ বাছাই করেন?,মাছ কেন গরি বাছন দে?
বারান্দার কোণে,বারান্দার হোনত
বাড়ির কোন জায়গায় ফুল ফোটে?,ঘরর হন জাগাত ফুল ফুডে দে?
বাবার গৌরবময় ইতিহাস নতুন প্রজন্মকে বলেন,বাপর নামগরা ইতিহাস নোয়া প্রজন্মরে হইবেন
কোথায় ডেপলয় করবেন?,হনডে ডেপ্লয় গরিবেন দে?
দারুচিনি আর এলাচের মিষ্টি গন্ধ,দারুচিনির ইয়ের এলাচির মিডে বাশ
"বাসার ছাদে করব, সাজাবো নিজেরা","ঘররর ছাদত গইজ্জুম, সাজাইয়ুম আরা"
বাংলা বই কোথায় পড়েন?,বাংলা বই হনডে পড়ন দে?
কোন ধরনের ভর্তা পছন্দ?,ভর্তা কিরহম গম লাগে দে?
সাঁওতাল নাচ কোথায় দেখেন?,সাঁওতাল নাচ হডে চন দে?
বাংলা গানের রেকর্ডিং কেমন?,বাংলা গানঅর রেকর্ডিং কেন?
ফিরে এসো।,ফিরি আইয়ো ।
খেজুর কাঠাল পছন্দ,হাজুর হাট্টল গম লাগে দে
কার সাথে খেলা করেন?,হাল্লই খেলা খেলন দে?
খেলার মাঠটা দারুণ,খেলা হাইবের মাঠ ইয়েন বউত সুন্দর
ঢাকার কোন কফি শপে যান?,ঢাহাত কফি হাইবেল্লায় হন দোআনত যন দে?
শাক-সবজি বাজার করতে নিয়ে যাবো,শাক-সবজি বাজার গইত্তু লয় যাইয়ুম
ছুটির দিনে কি করো?,বন্ধর দিনুত কি গরন দে?
কিভাবে ভাত খান?,ভাত কেন গরি হন দে?
শ্বশুর বাড়ি।,অরু বাড়ি ।
আপনি কি নিয়মিত কচুশাক খান?,অনে কি পইত্তেন হচু শাক হন না?
কিভাবে ডাল রান্না করেন?,ডাইল কেন গরি রাধন দে?
বাসে করে যাই,বাসত গরি যাইদি
"ছবি তুলতে শিখতেছি, মজা লাগে","ছবি তুলনি শিখির, মজা লাগের"
প্রকৃতির ছবি তুলি বেশি,প্রকৃতির ছবি তুলি দি বেশি
ভেজ কাটলেট পছন্দ,ভেজ কাটলেট গম লাগে দে
মোবাইল ব্যাংকিং কি করেন?,মোবাইল ব্যাংকিং কি গরন না?
কিভাবে ফল খান?,ফলফ্রুট কেন গরি হন দে?
তাকে রাখা আছে।,থাকত রাহা আছে।
ধৈর্য ধরে সব মশলা মিশিয়ে রাঁধি,সবর গরি বেগ মসল্লা মিয়েইয়েরে রাধঁ
ফরিদপুরের মধুখালী যাচ্ছ?,ফরিদপুরুর মধুহালি যাইবে না?
"হ্যাঁ, একটা পুরানো ল্যাপটপ আছে","অয়অ,ওগগো পুরন লেপটপ আছে"
সিলেবাস পেয়েছেন?,সিলেবাস পাইয়ুন না ?
ঈদের নামাজ হবে।,ঈদুর নামাজ অইবু না ।
আজকে কি রোজা?,আজিয়ে বলে রোজা?
আপনি কি নিয়মিত ঘুম থেকে উঠেন?,অনে কি পইত্তেন ঘুমুত্তুন উডন না?
লাইভ স্ট্রিমিং দেখি আর টুর্নামেন্টে অংশ নিই,লাইভ স্ট্রিমিং চাইর ইয়ের টুর্নামেন্টে অংশ লয়র
কোন মাছ টক দিয়ে রাঁধেন?,হন মাছ হর দি রাধন দে?
কোন ধরনের ডাল রান্না করেন?,কি রহম ডাইল রাধন দে?
আপনার কি বাড়িতে ঘুঘু আসে?,অনর ঘরত কি আইয়ি না?
বালিশটা কোথায়?,বালুশ ইবে হনডে ?
ভ্যানিলা পুডিং পছন্দ,ভ্যানিলা পুডিং গম লাগে দে
পিঠে পুলি হবে?,পিডে পুলি অয়বু না ?
"হ্যাঁ, বর্ষার জন্য","অয়অ, বর্ষার রায়"
জায়নামাজে বসে,জায়নামাজত বয়েরে
সুপারভাইজারের কাছে,সুপারভাইজার অলত্তে
নতুন ভাবির রান্না কেমন?,নোয়া ভাবির রান্না কেন?
আয়না কোথায়?,আনা হনডে ?
কার সাথে বেড়াতে ভালোলাগে?,হার লয় বেড়াইতু গম লাগে দে?
"চিল ভাই, রুফটপ ক্যাফে আছে","চিল ভাই, রুফটপ ক্যাফেত আছে"
পেঁয়াজ কুচি দিয়ে হালকা ভাজি,পিয়েজ কুচি দিয়েরে হালকা গরি ভাজি দি
কোন ধরনের গোল্লা পছন্দ?,কিরহম গোল্লা ভালা লাগে দে?
আজ কি তারিখ?,আজিয়ে হন তারিখ ?
কীর্তন হচ্ছে।,কীর্তন অর ।
শীতলপাটি,শীতলপাটি
রসুয়া রস নামাচ্ছে।,রস অলা রস নামার ।
"হ্যাঁ, সব শেষ।","অয়অ, বেজ্ঞিন শেষ ।"
"হ্যাঁ, ভাজি করে","অয়অ,ভাজি গরিয়েরে"
কোন ধরনের বাগান পছন্দ?,হন ডইল্লে বাগান আছে দে?
আপনি কি নিয়মিত ট্র্যাক করেন?,অনে কি পইত্তেন ট্র্যাক গরন না?
নানির হাতের চিতই পিঠা আর পাটিসাপটা,নানীর আথর চিতল পিডে ইয়ের পাঠিসাফটা
গ্রামের বয়স্করা কি শেখান?,গেরমর মুরুব্বি অলে কি শিখেয় দে?
মামা কি আনবেন?,মামা কি আনিবেন ?
"হ্যাঁ, ড্রেসিং টেবিলে","অয়অ, ড্রেসিং টেবিলত"
দুই রাকাত পড়লাম।,দুই রাহাত পইল্লাম ।
তেজপাতা লাগবে?,তেজপাতা লাগিবু না ?
"হ্যাঁ, ভাত খাই","অয়অ,ভাত হাই"
জমিতে কি হবে?,জবিনুত কি অইবু?
মেঘ গর্জন করছে।,মেঘে গুজরর ।
আপনার কি বাড়িতে পুরনো ছবি আছে?,অনর ঘরত কি পুরন ছবি আছে না?
জানালার পাশে,জানালার ডাগত
"হ্যাঁ, ডাটা ফেচ করি","অয়অ,ডাটা ফেচ গরি দি"
অফিসিয়াল সাইট থেকে,অফিসিয়াল সাইটুত্তুন
"হ্যাঁ, ছায়ায় রাখি","অয়অ,ছামাত রাহি দি"
কোন ধরনের স্টার্টআপ পছন্দ?,হন ডইল্লে স্টার্ট আপ গম লাগে দে?
পাতলা করে,পাতল গরিয়েরে
দাদির কাছ থেকে পুরনো রেসিপি শিখে রাখছি,দাদীত্তুন পুরন রেসিপি শিখি রাইক্ষি
বাংলা লেখকদের বই কোথায় পান?,বাংলা লেখক অলর বই হনডে পন দে?
পানের দোকান কোনদিকে?,পানর দোআনর হনদি?
স্টক আছে এখনো?,স্টক আছে না এহনো?
শহরের মাঝে সবজি আর ফুলের চাষ হচ্ছে,শঅরর মাঝে তরহারি ইয়ের ফুলুর চাষ অর
পড়াশোনার পাশাপাশি দেশের জন্য কাজ করে,পড়ালেহার ওয়ারে দেশর লায় হাম ঘরে
কোন ধরনের মালাই কোফতা পছন্দ?,কি রহম মালাই কোফতা ভালা লাগে দে?
বাগানে কি ফুল আছে?,বাগানত কি ফুল আছে ?
"রাকিব, ম্যাচ দেখতে আসছিস তো?","রাকিব, ম্যাচ চাইতু আআবি তো?"
চিকেন মোমো পছন্দ,চিকেন মোমো গম লাগেদে
কোন সময় লেখালেখি করেন?,লেহালেহি হন সমত গরন দে?
কিভাবে ফল রাখেন?,ফলফ্রুট কেন গরি রাহন দে?
কোন রকম খাবার রাঁধেন?,হন ডইল্লে হানা রাধন দে?
চামড়ার দোকানে।,চামড়ার দোআনত
তোদের পাড়ার কাকে সবাই চেনে?,তোর পাড়াত হারে বেশি চিনে দে?
"হ্যাঁ, উৎসবের সময়","অয়অ,উৎসব/অনুষ্ঠানর সমত"
রোদে দিই,রইদুত দি দি
ত্রিশ টাকা কেজি।,তিরিশ টিয়া কেজি।
রাতে কি করো?,বিয়েলে/রাতিয়ে কি গরন দে?
মেথি কত নেবেন?,মেথি হত লয়বেন ?
কোথায় মনের কথা বলেন?,মনর হথা হন্ডে হন দে?
কিভাবে ঘর গোছান?,ঘরদুওর কেন গরি গুছন দে?
নিজে পেড়ে,নিজে পাড়িয়েরে
হেঁটে দশ মিনিট,আডিয়েরে দশ মিনিট
"হ্যাঁ, নদীর পাড়ে","অয়অ,নদীর পাড়ত"
কোথায় নাস্তা করেন?,নাস্তা হনডে গরন দে?
আপনার কি বাড়িতে দোলনা আছে?,অনর ঘরত কি দক্ক আছে না?
দোকানে কখন যাবি?,দোয়ানত হত্তে যাবি?
কোথায় তারাবি পড়বেন?,তারাবি হনডে পরিবেন দে?
চারটি খুঁটি ধরে,চারগো খুড ধরিয়েরে
"আপু, এই শাড়িটার দাম কত?","আপু, শাড়ি ইয়েনর দাম হত?"
"হ্যাঁ, বিজনেস ইনসাইটের জন্য","অয়অ, বিজনেস ইনসাইটের রায়"
আপনি কি ড্রাইভিং জানেন?,অনে কি গাড়ি চাইলাইত (ড্রাইভিং)যানন না?
গ্রামের মাঠে শরৎকালে,গেরামর মাডত শরৎকালত
মালতা কত?,মালটা হত গরি ?
তোর এলাকার ফুড সিন কেমন?,তোর এলাহার ফুড সিন কেন?
কিভাবে ফল খান?,ফলফ্রুট কেন গরি হন দে?
স্টার কাবাব আর চায়ের দোকানে বন্ধুরা জমা হই,স্টার কাবাব ইয়ের চাআর দোআনত বন্ধু অলে এককোয়ারে অই
পরিবারের সবার সাথে,পরিবারর বেজ্ঞুনের লয়
কিভাবে আচার বানান?,আচার কেন গরি বানন দে?
কোথায় কাপড় ইস্ত্রি করান?,হর হন্ডে ইস্ত্রি গরন দে?
কোন ধরনের গাছ পছন্দ?,হন ডইল্লে গাছ ভালা লাগে দে?
বাংলাদেশের গ্রাম্য সমাজ কেমন?,বাংলাদেশর গেরামর সমাজ কেন?
"পাঁচজন আছে, সবাই রিমোট কাজ করে","পাঁচজন আছে, বেজ্ঞুনে রিমোটুর হাম ঘরে"
আলুর সিঙ্গারা পছন্দ,আলুর সিঙাড়া গম লাগে দে
পুকুরে মাছ ধরি আর গাছে উঠি,পইরুত মাছ ধরি আর গাছত উডি
তোর অনলাইন কোর্স কেমন চলে?,তোর অনলাইনুর কোস কেন চলের?
অফিসে বসে বিরিয়ানি আর কোফতা অর্ডার করি,অফিসুত বইয়েরে বিরিয়ানি আর হোফতা অর্ডার গরি
বাঙালি বিয়ের রীতি কেমন?,বাআল অলর বিয়ের নিয়ম কেন?
বসন্ত উৎসবে লাল-হলুদ পরে মেলায় যাই,বসন্ত উৎসবত লাল-হলুদ পরিয়েরে মেলাত যাই
ধানের খই কিভাবে খান?,ধানর হয় কেন গরি হন দে?
কোন সময় খাবার খান?,হন সমত হানা হন দে?
আপনার কি বাড়িতে শ্যামা পাখি আসে?,অনর ঘরত কি শ্যাম পাখি আইয়ি না?
"ভোর সাতটায়, যখন টাটকা জিনিস আসে","বেয়িন্নে সাতটা বাজে,যেত্তে তাজা জিনিস থাগে"
আপনার কি স্মার্ট লাইট আছে?,অনত্তে কি স্মার্ট লাইট আছে না?
নদীর চরে কি করেন?,নদীর/খালর চরত কি গরন দে?
নদীর পাড়ের গ্রাম,নদীর পারর গেরাম
কিছুই না।,কিছু ন।
কোথায় বসে গান শোনেন?,হনডে বয়েরে গান ওননদে?
"হ্যাঁ, আলু ভর্তা।","অয়অ,আলু ভর্তা ।"
কোন ধরনের নুডলস পছন্দ?,নুডলস্ কিরহম গম লাগে দে?
লাল পুতুল চাই।,লাল-পুতুল লাগিবু ।
ডাটা সেন্টারে,ডাটা সেন্টারত
পানচ দেখছেন?,পানুস দেক্ষুন না ?
কার্তিক মাসের সকাল কেমন?,হাতি মাইসে বেয়িন্নে কেন?
আলপনা আঁকা।,আলপনা আঁইক্কে ।।
আপেল কোন দেশি?,আপেশ হন দেশি ?
মেথি শাক পাওয়া যাবে?,মেথি শাক পা যায়বু না ?
শোল মাছ কি করবে?,ওল মাছ কি গরিবেন দে?
হিমু সিরিজ।,হিমু সিরিজ।।
মোহাম্মদপুরের ফুচকা খুব বিখ্যাত,মোহাম্মদপুরুর ফুচকা বউত নাম গরা
কার সাথে সিনেমা দেখেন?,হার লয় সিনেমা চন দে?
আপনার কি বাড়িতে মালতি গাছ আছে?,অনর ঘরত কি মালতি গাছ আছে না?
কোন রকম গান গাইতে পারেন?,কিরহম গান গাইত পারন দে?
ফুড ডেলিভারি থেকে কি আনেন?,ফুড ডেলিভারিত্তূ্ন কি আনন দে?
খুব টাটকা শাক।,তাজা শাক ।
এই রেস্তোরাঁর খাবার কেমন?,এই রেস্তোরাঁর হানা ক্যান?
কোথায় স্মৃতি জড়িয়ে আছে?,হনডে স্মৃতি বাঁধি লইয়িদে?
প্রোডাকশন সার্ভারে,প্রোডাকশন সার্ভারে
কোন ধরনের চপ পছন্দ?,হন ডইল্লে চপ মজা লাগে দে?
তোর ল্যাপটপ কেমন চলে?,তুর লেপটপ ক্যান চলে?
বাংলাদেশি ট্রাভেল ভিডিও আর ফুড ব্লগ,বাংলাদেশর ট্রাভেল ভিডিও ইয়ের ফুড ব্লগ
মৌসুমি ফল-ফসল আর মাছের প্রাধান্য,সিজনর ফল -ফসল ইয়ের মাছর পাধান্নু
মাছ ভাজা কেমন পছন্দ?,মাছ ভাজিলি কেন লাগে দে?
বাঁশের বড়শি আর টানা জাল,বাঁশর বরকি ইয়ের টানা জাল
আপনি কি নিয়মিত রিভিউ লেখেন?,অনে কি পইত্তেন রিভিউ চন না?
"হ্যাঁ, ফিল্টার পরিষ্কার করব","অয়অ,ফিল্টার সাফ গইজ্জুম দে"
কি খুঁজছ এখানে?,কি থোয়াইতে লাইগ্গুন দে এনডে ?
আপনার কি ট্যাবলেট আছে?,অনত্তে কি ট্যাবলেট আছে না?
"পডকাস্ট শুরু করছি, অডিও কনটেন্ট","পডকাস্ট শুরু গইজ্জি, অডিও কনটেন্ট"
রাতে ঘুমানোর আগে কবিতার বই খুলে বসি,রাতিয়ে ঘুম যাইবের আগদি কবিতার বই খুলি বয়
তায়াম্মুম করবেন?,তায়াম্মুম গরন না ?
মেলায় সার্কাস।,মেলাত সাইর্কেস ।
তোর এলাকার গলিতে কি হচ্ছে?,তোর এলাহার গলিত কি অদ্দে?
রাত আটটায়।,রাতিয়ে আটটা বাজে ।
মাঠে মাঠে সোনালি ধান আর কৃষকের গান,বিলুত মাইজ্জি পনা ধান ইয়ের চাষার গান
ব্যাটারি কত পারসেন্ট আছে?,বেটারি হত পারসেন আছে?
কাচ্চি বিরিয়ানি আর ফিউশন বাঙালি খাবার,কাচ্চি বিরিয়ানি ইয়ের ফিউশন বাআলি হানার
"হ্যাঁ, বারান্দায় পাতি","অয়অ,বারান্দাত বিছেই দি"
মাঠের ধারে কি?,মাডর ডাহত কি ?
এখানে পার্কিং করা যাবে?,এন্ডে কি গাড়ি পার্কিং গরন যাইবু?
হুজুর দিয়েছেন।,হুজুরে দিইয়ি দে।
পায়েস বানানো শিখছি।,পায়েস বানানো শিখির দি ।
কোন সময় লিখতে ভালোলাগে?,হন সমত লেখতু মন হয় দে?
বাথরুমে রেখেছি।,বাথরুমুত রাইক্ষি দি ।
"হ্যাঁ, সকালে দিয়েছি।","অয়অ,বেয়িন্নে দিয় দি।"
কিভাবে শাক বাছেন?,শাক কেন গরি বাছন দে?
গানটা কেমন লাগল?,গান ইবে ক্যান লাইগ্গি?
কোন ধরনের কনটেন্ট বানাস?,হন ডইল্লে কনটেন্ট বানছ দে?
"না তো, কোথায় যাবে বলো।","না ত,হনডে যাইবু হ ।"
মাটন শাহী টুকরি পছন্দ,মটর শাহী টুকরি গম লাগে দে
কিভাবে রান্না শেখেন?,রাধনি শিখন দে কেনে?
আপনি কি নিয়মিত সাঁতার কাটেন?,অনেকি পইত্তেন আচুরন না?
লতা সহ তুলেছি।,লতা সই তুইল্লি দি।
কোন ধরনের কোরমা পছন্দ?,কিরহম হোরমা গম লাগে দে অনত্তে?
অনলাইনে গ্রাফিক্স ডিজাইন করে দোলার কামাই,অনলাইনুত গ্রাফিক্স ডিজাইন গরি বউত হামায়
আপনি কি নিয়মিত ইনডেক্স করেন?,অনে কি পইত্তেন ইনডেক্স গরন না?
বিদেশি ফল আর ভালো মানের মাছ,বিদেশি ফল ইয়ের ভালা মিক্ষে মাছ
কিভাবে চা বানান?,চা কেন গরি বানন দে?
মাটন পুলাও পছন্দ,মটন পোলাও গম লাগে দে
আপনি কি নিয়মিত মডিফাই করেন?,অনেকি পইত্তেন মডিফাই গরন না?
রাকে সাজিয়ে,সাজায় রাহে
কোন সময় দোকান খোলে?,দোআন হটা বাজে খোলন দে?
কোথায় আড্ডা জমে বেশি?,হনডে গফ মাইরল্লি বেশি মজা অয় দে?
ইউটিউব চ্যানেলে,ইউটিউব চ্যানেল
"হ্যাঁ, পরিষ্কার করেছি।","অয়অ,সাফ গইজ্জি ।"
আপনার ফোনে নেট আছে?,অনর ফোনোত কি নেট আছে না?
কোন ধরনের কৌটা ব্যবহার করেন?,হন ডইল্লে হোট্টা ব্যবার গরন দে?
"মামী মা, কি রাঁধছো?","মামী মা,কি রাইনতে লাইগ্গু দে?"
ঐতিহ্যবাহী গানে মডার্ন ভিজ্যুয়াল দিচ্ছে,ঐতিহ্যবাহী গানে মডার্ন ভিজ্যুয়াল দের
আপনার কি বাগানে ফুল আছে?,অনর বাগানত কি ফুল আছে না?
বাড়ির কোন দিকে বাগান?,ঘরর হন ডাগদি বাগান আছে দে?
প্রদীপের কাছে,চেরাগর ডাহত
কোন সময় বাগান করেন?,হন সমত বাগান গরন দে?
মিষ্টি লাচ্ছা পছন্দ,মিষ্টি লাচ্ছা গম লাগে দে
পুকুরে মাছ আছে?,পইরুত মাছ আছে?
লাইব্রেরিতে কি করো?,লাইব্রেরিত কি গরোর?
পেছনের উঠানে,পিছুদির উডনত
পটল নরম কি?,পটল নরম না?
অফিস থেকে নিতে হবে।,অফিসুত্তুন লম পরিবু ।
কোন ধরনের আচার পছন্দ?,হন ডইল্লে আচার মজা লাগে দে অনত্তে?
কোথায় ফুল পাওয়া যায়?,ফুল হনডে পা যায় দে?
কার সাথে সকাল শুরু হয়?,হার লয় বেয়িন্নে শুরু অই দে?
মাখন পনির পছন্দ,মাখন পনির গম লাগে দে
গরু চরাতে চরাতে বাঁশি বাজান,গরু চড়াতে বাঁশি বাজার
আপনি কি নিয়মিত দই খান?,অনে কি পইত্তেন দই হন না?
"বাংলার স্যারের কাছে, উনি খুব সুন্দর আবৃত্তি করেন","বাংলা স্যারত্তুন,ইবে সুন্দর গরি আবৃতি গরে"
"হ্যাঁ, দুপুরে একটা মিটিং আছে","অয়অ, দুইজ্জে এক্কান মিটিং আছে"
একতারা বাজায়।,একতারা বাজার ।
শেষ নৌকা ধরতে হবে।,শেষ নৌক ধরম পরিবু ।
কিভাবে ফিট থাকো?,ক্যানে ফিট থাহো?
"হ্যাঁ, পড়ার টেবিলে","অয়অ,পড়ার টেবিলুত"
টমেটো সস পছন্দ,হরবায়ুনুর সস গম লাগে দে
স্কুল কেমন লাগছে নতুন?,নতুন স্কুল ক্যান লার?
ঘরে বসে নিজের পায়ে দাঁড়াচ্ছেন,ঘরত বইয়েরে নিজুর টেংঅত তিয়ন
আপনি কি নিয়মিত ফেসবুক চালান?,অনে কি পইত্তেন ফেইসবুক চালান না?
গরু দেখে রেখেছি।,গরু চায় রাইক্ষি।
"হ্যাঁ, প্রতিদিন খাই","অয়অ,পইত্তেন হাইর"
কোথায় এপ্লাই করবেন?,এপ্লাই হডে গরিবেন দে?
কপি করে রেখেছি।,কপি গরি রাইক্ষি ।
পুরনো বন্ধুদের সাথে,পুরন বন্ধুর লয়
ভোরে কি শব্দ শোনেন?,পোয়াইত্তে কিয়ুর আওয়াজ ওনন দে?
আপনার কি ট্রাভেল ব্যাগ আছে?,অনত্তে কি ট্রাবেল গরীবের ব্যাগ আছে না?
লবঙ্গ কত চান?,লং হতিন চন ?
"মালিক ভাই দারুণ চা বানায়, আড্ডাও জমে","মালিক ভাই পোয়াদর চা বানায়,গফঅ মারে"
পার্লামেন্ট ভবন দেখেন?,পার্লামেন্ট বিল্লিং চাইয়ুন না?
আপনি কি নিয়মিত ব্লগ লেখেন?,অনে কি পইত্তেন ব্লগ লেহন না?
নীলক্ষেত থেকে,নীলক্ষেত্তুন
বাজারের কোন মাছ নিয়মিত কেনেন?,বাজারত্তুন হন মাছ পইত্তেন কিনন দে?
গ্রামের জেলেরা কি করেন?,গেরামর জাইল্লে অলে কি গরে দে?
আপনি কি নিয়মিত দাওয়াত দেন?,অনে কি পইত্তেন দত হন না?
কি করে যাবেন?,কিয়ুত গরি যাইবেন ?
কোন সময় বাজার করেন?,হন সমত বাজার গরন দে?
ডাক্তার কি বললেন?,ডাক্তরে কি হইয়ি?
কোন রকম বাগান করেন?,হন ডইল্লে বাগান গরন দে?
চিকেন পিৎজা পছন্দ,চিকেন পিৎজা গম লাগে দে
"হ্যাঁ, খেয়েছি।","অয়অ,হায়।"
"হ্যাঁ, লাইব্রেরি শেলফে","অয়অ, লাইব্রেরির শেলফত"
নৌকায় চড়ে পাহাড়ি এলাকা দেখি,নৌকত চড়ি পাআড়র এলাহা চাইর
কিভাবে মাছ রান্না করেন?,মাছ কেন গরি রাধন দে?
কোন সময় লেখালেখি করেন?,হন সমত মাইজ্জি লেহালেহি গরন দে?
তোর এলাকার ময়দানে কি হয়?,তোর এলাহার ময়দানত কি অয় দে?
"নাপিত ভাই, কোথায় যাচ্ছো?","নাইতে ভাই,হনডে যাইতে লাগ্গুন ?"
"হ্যাঁ, সপ্তাহে দুইবার","অয়অ, সপ্তায় দুবার"
কোথায় ডিজাইন করাবেন?,ডিজাইন হডে গরিবেন দে?
নারকেল কুরতে হবে।,নাইরকুল হুরাম পরিবু ।
আপনি কি নিয়মিত ঢেঁড়স খান?,অনে কি পইত্তেন ঢেঁড়স হন না?
কোথায় যাবে চাষি?,হনডে যাইবু দে চাষি?
পূব দিকের বাগানে,পুক ডদির বাগানত
চল না কফি শপে বসি?,চল না কপি শপত বইগি।
আলু পরোটা পছন্দ,আলু পরটা গম লাগে দে
বড় ভাইয়ের কাছে,বড় ভাইয়ুত্তুন
স্টিলের ছাকনি,স্টিলুর ছাকনি
"হ্যাঁ, শুক্রবারে যাই","অয়অ,শুক্কুরবারে যাইদি"
রাত দশটার পর,রাতিয়ে দশটার পর
সোলার প্যানেল দিয়ে ইন্টারনেট চালাচ্ছে,সোলার প্যানেল দিয়েরে ইন্টারনেট চালার
ঝাল মিষ্টি হয়েছে।,ঝাল মিডে অইয়ি ।
"আবির খেলি, দোলনা খেলি, বসন্তের গান গাই","আবির খেলি, দোলনা খেলি, বসন্তের গান গাই"
মাছ ধরার ঘাটে কি?,মাছ ধরিবের ঘাটতি?
তিতো হবে না।,তিতো অয়তো ন।
একটু ঘুমিয়ে নিই,এক্ষানা ঘুম যায় লয়
ছাদের কোণায় টেবিল সাজাইছি,ছাদর হোনাত টেবিল সাজাই
হিসাবদার দেখছেন।,হিসেব অলা ছাআর ।
"হ্যাঁ, রবীন্দ্র সংগীতের","অয়অ, রবীন্দ্র সংগীত আর"
ক্রিকেট ম্যাচের সময় ভিড় জমে,ক্রিকেট ম্যাচের সমত লাইন ধরে
বিখ্যাত বিরিয়ানি আর বোরহানি দিয়ে পেট ভরাই,নামগরা বিরিয়ানি ইয়ের বোরহানি দিয়েরে পেট ভরাই
কোথায় জিরা রাখেন?,জিরে হনডে রাহন দে?
"হ্যাঁ, বাচ্চার রুমে","অয়অ,পুয়া অলর রুমুত"
আপনি কি নিয়মিত ফলমূল খান?,অনে কি পইত্তেন ফলফ্রুট হন না?
"কি রে, তোর ফুড ট্রাক কেমন চলে?",কিরে তোর ফুড ট্রাক কেন চলের?
টেবিলের ড্রয়ারে।,টেবিলুর ড্রয়ারত ।
পিতলের ডেকচি,পিতলর ডেকচি
কোন ধরনের বাংলা সংগীত বাজান?,হন ডইল্লে বাংলা গান বাজন দে?
দোকান কখন খুলবে?,দোআন হত্তে খুলিবু ?
"বাবা, গাড়িটা নিতে পারি?",আব্বু গাড়িগান লইত পাইজ্জুম না?
ফটোকপি কত টাকা?,ফটোহপি হটিয়া?
ডিম সেদ্ধ করব?,ডিম ইজেম পরিবু ?
"হ্যাঁ, মার্কেট ডাটা","অয়অ,মার্কেট ডাটা"
"রাতের বেলা বার্গার ট্রাক আসে, টেস্ট ফাটাফাটি","রাইতুর বেলাত বার্গার ট্রাক আইয়ি, টেস্ট ফাটাফাটি/এনপোয়াদ"
বাড়ির কোন দরজা বন্ধ থাকে?,ঘরর দরজা হননান বাধাঁ থাগে দে?
"হ্যাঁ, লাইব্রেরিতে লাগে","অয়অ, লাইব্রেরিত লাগে দে"
সকাল থেকেই যন্ত্রণা করছে।,বেয়িন্নেত্তুন জ্বালার দে ।
"বাবা গো, কি হয়েছে?","বাপরে/অবাজি,কি অইয়ি?"
কোথায় ঘুমাবে আজ?,আজিয়ে হডে ঘুম যাইবে?
কোন ধরনের ক্রিয়েটিভ কাজ করেন?,কিরহম ক্রিয়েটিভ হাম গরন দে?
বাউল গাইছে পাড়ার মোড়ে।,বাউলে গার পাড়ার মোড়ুত ।
দাদু অনেক মজার পুরনো গল্প বলেন,দাদু বউত ভালা পুরন কিস্তে ওনয়
সামাজিক বার্তা নিয়ে সচেতনতা বাড়ায়,সামাজিক বার্তা লয়েরে সচেতনতা বাড়ায়
গান শুনে আর স্কেচ এঁকে,গান ওনি আর স্কেচ আঁকি
চাবিটা পেলেন?,চাবি ইবে পাইয়ুন না ?
কোন ধরনের আড্ডা জমে?,হন ডইল্লে গফ বেশি জমে দে?
সকালে নতুন জামা পরে সবার সাথে দেখা করি,বেয়িন্নে নোআ হোত্তা পড়ি বেজ্ঞুনুর লয় দেহা গরি
বন্ধুর নতুন প্রজেক্ট কি?,বন্ধুর নোয়া প্রজেক্ট কি?
টেকনাফের সমুদ্র কেমন?,টেকনাফর দইজ্জে কেন?
উঠানে কি?,উডনত কি ?
কি করছে চাচা?,কি গইজ্জি দে চাচা?
কোন জায়গাটায় ঘুরবি?,হন জাগাত ঘুরিবি?
কোথায় আড্ডা দেন?,গফ মারন দে হনডে?
বাজারের কোন জিনিস বেশি কেনেন?,বাজারত্তুন হন জিনিস বেশি কিনন দে?
চারটা ছাগল।,চারগো ছঅল ।
"এই না, কি করছো এখানে?","এই না,কি গইজ্জু দে এনডে ?"
ধান মাড়াই।,ধান বাইজ্জের ।
গরম গরম খিচুড়ি বানাই,গরম গরম খিচুর রাধিঁর
"হ্যাঁ, মায়ের দেওয়া বই","অয়অ,আম্মার দিয়ে বই"
"হ্যাঁ, সকালে খাই","অয়অ, বেয়িন্নে হায় দি"
স্কিল ডেভেলপমেন্ট সেন্টারে,স্কীল ডেভলপমেন্ট সেন্টারের
গানটা কার?,গান ইবে হার?
তোর রেসিপি ভিডিও কত ভিউ পায়?,তোর রাধনির ভিডিওত হ টিয়া পচ দে?
কোন ধরনের ডেলিভারি সার্ভিস নেন?,কিরহম ডেলিভারি সার্ভিস দিয়ন দে?
ধান ভাজা হচ্ছে।,ধান ভাজা অর ।
শ্বশুরবাড়ির সবাইকে নিজের করে নেন,ওরুবাড়ির বেজ্ঞুনের নিজুর গরি লয়
বাতি নিভাবো?,বাত্তি নিপেয় দিয়ুম না?
রামনা পার্কে কি করেন?,রমনা পার্কত কি গরন দে?
পেস্ট বানিয়েছেন?,পেস্ট বানাইয়ুন ?
লাচ্ছা বানাচ্ছেন?,লাচ্ছা বানাতে লাইগ্গুন না?
"হ্যাঁ, টিমের কাজ","অয়অ,টিমুর হাম"
আপনার কি বেবি মনিটর আছে?,অনত্তে কি বেবি মনিটর আছে না?
আপনার কি ক্রেডিট কার্ড আছে?,অনত্তে কি ক্রেডিট কার্ড আছে না?
আপনি কি রোজ হাঁটেন?,অনে কি পইত্তেন আডন না?
সাজেক ভ্যালিতে কি করেন?,সাজেক ভ্যালিত কি গরন দে?
"হ্যাঁ, টেক ব্লগ পড়ি","অয়অ,টেক ব্লগ গরি দি"
পটল ভাজি পছন্দ,পটল ভাজি গম লাগে দে
নতুন শিল্পীদের গান শুনে মন ভরে যায়,নোয়া শিল্পী অলর গান ওনিলি মন ভরি যায়
দেশের তাঁতিরা কি করেন?,দেশর তাঁতি অল কি গরে দে?
"দাদা রে, কোথায় ছিলে এতক্ষণ?","দাদা রে,হনডে আছিলে এতন ?"
ঘুম থেকে উঠেছেন?,ঘুমুত্তুন উইট্টুন না ?
টবে করে,টবত গরি
কোথায় আচার রাখেন?,আচার হনডে রাহন দে?
তেল গরম?,তেল গরম না?
হাঁস-মুরগি পালন করে সংসারে সহায়তা করেন,আস-খুর পালিয়েরে নিজুর সংসারত সাহায্য গরে
কি খেলেন?,কি হাইয়ুন দে ?
আপনার কি রোজ ফজরে ওঠেন?,অনে কি পইত্তেন বেয়িননে ওডন না?
কোথায় সাঁতার কাটেন?,আচুরদে হডে/ হন জাগাত?
কাজু ভাজা কত?,হাজু ভাইজ্জে আছে না ?
কোথায় ফুচকা খেতে যান?,ফুচকা হাইবেল্লায় হনডে যন দে?
কোথায় প্রজেক্ট করবেন?,প্রজেক্ট হডে গরিবেন দে?
এই দোকানে সিম পাওয়া যায়?,দোআন ইয়েন অত কি সিম পা যায়না?
"হ্যাঁ, সকালে লেকে যাই","অয়অ,বেয়িন্নে লেকত যাই"
"হ্যাঁ, জানালা খুলে দিই","অয়অ,জানালা খুলি দি"
বাজারের কোন সবজি সস্তা?,বাজারত তরহারি হননান অস্তা দে?
রাত এগারটার দিকে,রাতিয়ে এগারটার ইক্ষে
"হ্যাঁ, ট্রাভেল সেটে","অয়অ,ট্রাভেল সেটে"
কোথায় গান গান?,গান হন্ডে?
ভাটিয়ালি শুনতে কেমন লাগে?,ভাটিয়ালি ওনতে কেন লাগে?
"মেসো মশাই, কি করছেন গাছে?","মেসো মশাই,কি গরন দে গাছত ?"
ক্লাউড সার্ভারে,ক্লাউড সার্ভারে
বায়তুল মোকাররম মসজিদে নিয়মিত যাই,বায়তুল মোকাররম মসদুত পইত্তেন যায়
বিরিয়ানি রান্না,বিরেনি রাধঁন ।
হাটবারের সকাল কেমন?,বেয়িন্নে আটখোলা কেন?
প্রকৃতি আর জীবনের সহজ প্রকাশ,প্রকৃতি ইয়ের জীবনর সহজ প্রকাশ
তোর রুমমেট কি করে?,তোর রুমমেট কি গরে দে?
কোথায় ছবি তোলেন?,ছবি হনডে তোলন দে?
ফিউশন বাঙালি খাবার হোম ডেলিভারি দিচ্ছে,ফিউশন বাআলি হানার হোম ডেলিভারি দের
গরম ভাতের সাথে বেগুন ভর্তা খেতে ভালোলাগে,গরম ভাতর লয় বায়ুন ভর্তা হাতে পোয়াদ লাগে
ক্রিকেট খেলা।,ক্রিকেট খেলা‌।
"কাস্টমাইজড টি-শার্ট, ডিজাইন নিজে করি","কাস্টমাইজড টি-শার্ট, ডিজাইন নিজি গরি"
কোথায় রিসার্চ করবেন?,রিসার্চ হডে গরিবেন দে?
রিভিউ কনটেন্ট বেশি দেখে মানুষ,রিভিউ কনটেন্ট বেশি দেহে মাইনষে
কি খবর?,কি হবর ?
কোন ব্র্যান্ডের চাল খান?,হন ব্রান্ড অর চইল হন দে?
সানসিলক ব্যবহার করি,সানসিলক ব্যবার গরি দি
লোকাল ব্র্যান্ড কি পছন্দ করেন?,লোকাল ব্র্যান্ড কি গম লাগে না?
"হ্যাঁ, ডিজিটাল লক","অয়অ, ডিজিটাল লক"
চলচ্চিত্রের গান কেমন লাগে?,সিনেমার গান কেন লাগে?
কোথায় খাতা রাখেন?,হাতা হনডে রাহন দে?
"হ্যাঁ, ভর্তা করে","অয়অ,ভর্তা গরিয়েরে"
নুনটা একটু দেবেন?,নুন এক্ষানা দিয়ুন ?
রমনায় বটমূলে বৈশাখী মেলায় যাই,রমনার বটমূলেত বৈশাখি মেলা অয়
শিয়াল ডেকে উঠল।,ইয়েল ডাকি উইট্টি ।
রাতের বেলা রেডিওতে শুনি,রাইতুর বেলা রেডিওত ওনি দি
চুলায় কি রান্না হচ্ছে?,চুলত কি রাধেদ্দে?
কি টাইপের রুম চাই?,হন টাইপুর রুম চন?
সন্ধ্যায় ফেলব।,আজইন্নে ফালায়ুম ।
আপনার কি রুম ফ্রেশনার আছে?,অনত্তে কি রুমুর ফ্রেশনার আছে না?
"হ্যাঁ, সকালে খাই","অয়অ,বেয়িন্নে হায়দি"
তরকারি কি?,তরহারি কি ?
লুই কানের অসাধারণ স্থাপত্য দেখি,লুই কানর অসাধারন ইমারত চাইর
কোন রকম আবহাওয়া খারাপ লাগে?,কিরহম আবহাওয়া গম লাগে দে?
"রাজশাহীর আম, যা এই মৌসুমে আসে","রাজশাহীর আম,ইয়িন এই সিজন আইয়ি দে"
কোথায় আড্ডা দেন?,গফ হনডে মারন দে?
"বলি শুনবে, কোন পথে যাবে?","হইর ওনন,হন পথদি যাবি দি ?"
রক্তের বন্ধন ছাড়াও মায়া-মমতায় ভরা,রক্তর বন্ধন ছাড়াও মায়া-মমতা ভরা
ডালটা নেড়ে দেবেন?,ডাইল ইয়িন লাড়ি দিবেন?
তোর এলাকার ফুচকা কেমন?,তোর এলাহার ফুচকা কেন?
মাসে দশ হাজার,মাসে দশ আদার
কি দেখছেন?,কি চাইতে লাইগ্গুন ?
কোন ধরনের ফল খেতে ভালোবাসেন?,হন ডইল্লে ফলফ্রুট হাইতো গম লাগে দে?
পুকুর ঘাটে,পইরু ঘাটত
কোন ধরনের শরবত পছন্দ?,কি রহম শরবত মজা লাগে দে অনত্তে?
সিলেট যাব,সিলেট যাইয়ুম
রাজশাহী বিশ্ববিদ্যালয়ে,রাজশাহী বিশ্ববিদ্যালয়ে
দেশাত্মবোধক গান,দেশাত্মবোধক গান
তোর বন্ধুর দোকান কেমন চলে?,তোর বন্ধুর দোআন কেন চলের?
নতুন নতুন ওয়েব সিরিজ দেখি ভাই,নোয়া নোয়া ওয়েব সিরিজ চাইর ভাই
আলমারিতে,আলমারিত
আপনার পছন্দের খাবার কি?,অনর পছন্দর হানা কি?
"ভাবি, চলেন না শপিং মলে যাই?","ভাবি, চলোন না শপিংমলত যাই?"
কোথায় বই কিনতে যান?,বই কিনিবেল্লায় হনডে যন দে?
বাংলা পড়াচ্ছি।,বাংলা পড়াইর ।
"শাড়ি বোনার শব্দ শুনি, নকশা দেখি","শাড়ি বোনার শব্দ ওনি, নকশা চাইর"
আপনার কি বাড়িতে শামুক আছে?,অনর ঘরত কি অউক আছে না?
"হ্যাঁ, কেক বানাই","অয়অ,কেক বানাই দি"
"ছাদের চেয়ারে, তারা ভরা রাতে","ছাদর চেয়ারুত,তারা ওলা রাইত"
"হ্যাঁ, এক্সারসাইজের জন্য","অয়অ, এক্সারসাইজ ওর লায়"
কোন দেশ ভ্রমণ করেছেন?,হন দেশ ভ্রমন গইজ্জুন ?
"ফুফু, ঈদের প্ল্যান কি?","অ ফু, ইদুর প্লেন কি?"
সূর্যের আলো পড়ে যেদিকে,সূজ্জুর পর যেনদি পড়ে
"হ্যাঁ, অফিসে নিয়ে যাই","অয়অ,অফিসুত লয় যায় দি"
হাতের কাজের প্রদর্শনীতে কি দেখেন?,আথর হামর প্রদর্শনীত কি চন দে?
প্রোগ্রামিং টিপস আর ফ্রিল্যান্সিং অভিজ্ঞতা,প্রোগ্রামিং টিপস ইয়ের ফ্রিল্যান্সিং অভিজ্ঞতা
তুলার কাঁথা,তুলর কেথা
কোথায় যাবো?,হনডে যাইয়ুম দে?
লাল-সাদা শাড়ি পরে মেলায় যাই,লাল -সাদা শাড়ি পড়ি মেলাত যাইদি
কোথায় চটি পরেন?,সেনটল হনডে পরন দে?
নতুন নাট্যশালায় কি হচ্ছে?,নোয়া নাট্য শালাত কি অদ্দে?
তোর এলাকার নতুন ভাবি কেমন?,তোর এলাহার নোয়া ভাবি কেন?
উঠানে রোদে বসে গরম পিঠা আর নতুন গুড় খাই,উডনত রইদুত বইয়েরে গরম পিডে ইয়ের নোয়া মিডে হায়
আজকে এত দেরি কেন?,আজিয়ে এতো দেরি ক্যা?
সন্ধ্যায় বন্ধুদের সাথে আড্ডা দিয়ে স্কাইলাইন দেখি,আজইন্নে বন্ধু অলর লয় গফ মারি আর স্কাইলাইন চাইর
"হ্যাঁ, সামনেই বাস স্টপ আছে","অয়অ,সাম্মদি বাস দিয়েছিলে"
"হ্যাঁ, একটু অসুস্থ লাগছে","অয়অ,এক্কানা হারাপ রাগের"
জমিতে ধান কাটতে যান?,জবিনুত ধান হাডিবেল্লায় যন না?
হাঁটতে বের হই,আড়ি বেল্লায় বাইর অইদি
আপনার কি বেবি ব্যাগ আছে?,অনত্তে কি বেবি ব্যাগ আছে না?
পাটের শাড়ি কেন পছন্দ?,পাডর শাড়ি কিল্লে গম লাগে দে?
আপনার কি এলার্জি আছে?,অনত্তে কি এলার্জি আছে না?
হালকা ভাপে দিয়ে,হালকা ভাপত দিয়েছে
জামতলায় কে?,জাম তলাত কি ?
হলুদ বাটা আছে?,অলইদ/হলুদ বাইট্টে আছে না?
বাথরুমের হুকে,বাথরুমুর ওকুত
কোথায় জিম করেন?,জিম হডে গরন?
কিভাবে সকাল শুরু করেন?,বিয়েন্নে কেন গরি শুরু গরন দে?
আলমারি বন্ধ?,আলমারি বন্ধ না ?
নতুন কি সংগ্রহ করছেন?,নোহা কি আনুন দে?
কাক ডাকছে?,হাওঅ ডাহের ?
দক্ষিণা বাতাস পছন্দ,দইনদির বাতাস গম লাগে দে
কেন দেরি হলো?,দেরি অইয়ি কিল্লাই?
"নতুন মার্কেটে দাম কম, জিনিসও ভালো","নোয়া মার্কেটত দাম হম, জিনিসও ভালা"
আপনি কি নিয়মিত হাত মুছেন?,অনে কি পইত্তেন আথ মুছন না?
"পাড়ার বন্ধুদের সাথে, প্রতি বছর","পাড়ার বন্ধু অলর লয়,পইত্তেক বছর"
দশটা দিয়ে দিন।,দশশো দি ফেলন ।
মাঠের আইলে কি?,বিলুর আইলুত কি ?
দুশো টাকা কেজি।,দুইশো টিয়া কেজি ।
"হ্যাঁ, চায়ের সাথে","অয়অ,চাআর লয়"
কোথায় নুন রাখেন?,নুন হনডে রাহন দে?
কলাই শুটকি কিভাবে খান?,ঠাইল্লে ওনি কেন গরি হন দে?
নাড়ু আর মুড়ি দিয়েছি।,লাড়ু ইয়ের মুড়ি দি।
কি লিখছেন?,কি লিখতে লাইগ্গুন ?
আপনার কি কী বোর্ড রেস্ট আছে?,অনত্তে কি কি বোর্ড রেস্ট আছে না?
বাংলাদেশের নদী সংস্কৃতি কেমন?,বাংলাদেশর নদী সংস্কৃতি কেন?
কোথায় ফিটনেস ক্লাস করেন?,ফিটনেস ক্লাস হডে গরন দে?
কোন মসজিদে তারাবি পড়স?,হন মসদুত তারাবি পরছ দে?
রাত জেগে,ওরঘুম থাই
দাঙ্গুলি থেকে হা-ডু-ডু সব খেলায় উৎসাহ,দাঙ্গুলিত্তুন হা-ডু-ডু বেগ খেলাত সঅস দিয়েন
সকালের মৃদু রোদ,বেয়িন্নে হালকা রইদ
এই বছর চ্যাম্পিয়ন!,এই বছর চ্যাম্পিয়ন/জিত্তি!
কার সাথে ঘুরতে ভালোলাগে?,হার লই ঘুইত্তে ভালা লাগে?
নকশা করে,নকশা গরিয়েরে
কোথায় জামা কাচেন?,হর হডে দোন দে?
শীতে কি রান্না করেন?,শীতকাইল্লে কিই রাধন দে?
সিলেটের কেওয়াছড়া যাবা?,সিলেটর কেউওয়াছড়া যাইবে না?
রাতের খাবারের পর,রাতিয়ে হানার পর
কি গান শুনছিস?,কি গান উনর?
ঢাকার রাস্তার খাবারের ভিডিও হিট হয়,ঢাহার রাস্তার হানার ভিডিও হিট অয়
আপনার কি কী-বোর্ড কাভার আছে?,অনত্তে কি কি বোর্ড কভার আছে না?
রোদে দড়িতে,রইদুর দড়িত
পিঠা বানাবেন নাকি?,পিডে বানাইবেন না?
কার কাছে সেলাই শেখেন?,সিলেই গরনি হাত্তুন শিখন দে?
একটু নুন কম পড়েছে।,এক্ষানা নুন হম পইজ্জি ।
মাঝে মাঝে খেলি,মাঝে মাঝে খেলি দি্
বাঙালি চাচা-চাচীরা কেমন?,বাআলর চাচাচাচী অল কেন?
কোন ধরনের চকলেট পছন্দ?,কিরহম চকলেট ভালা লাগে?
জগিং করে চা-বিস্কুট খেয়ে অফিস,জগিং গরি চা-বিস্কুট হাইয়েরে অফিস
শপিং মলে কি করো?,শপিং মলত কি গরন দে?
কোন ধরনের কাচ্চি পছন্দ?,কিরহম হাচ্ছি গম লাগে দে?
"হ্যাঁ, দুই সপ্তাহে একবার","অয়অ,দুই সপ্তায় একবার"
কাঁচি দিয়েছেন?,হাচি দিয়ুন না ?
নাইন নাম্বার পরি,নয় নম্বর পরিদ্দি
কি গিফট দিবে?,কি গিফট দিবে?
কোথায় ঝুনঝুনি রাখেন?,ঝুনঝুনি হনডে রাহন দে?
কোন শাক বেশি রান্না করেন?,হন শাক বেশি রাধন দে?
কোন ধরনের সন্ধ্যা পছন্দ?,হন ডইল্লে আজন্নে গম লাগে দে?
বাজারের পথে কি?,বাজারর পথত কি ?
কিভাবে ফল কাটেন?,ফল কেন গরি হাডন দে?
নাগরদোলা আর পুতুল নাচের আসর জমে,হলর দক্ষ ইয়ের পুতুল নাচর বয়ডুক জমে
এই এলাকায় নতুন?,এই এলাহাত নোয়া না?
কিভাবে রান্না শেখেন?,রাধনি কেন গরি শিখন দে?
"নিন, পড়ে দেখুন","লন,পড়ি চন"
আপনি কি নিয়মিত তাস খেলেন?,অনে কি পইত্তেন তাস/জঅ খেলন না?
রহিম চাচার দোকানে গরম গরম পাওয়া যায়,রহিম চাচার দোআনত গরম গরম পা যায়
হারিকেন জ্বালাবো?,ল্যামপঅ জালাইয়ুম ?
আপনার কি টিউশন পড়ান?,অনে কি টিউশনি গরন না?
নোট করে করে,নোটা গরি গরি
"পাটোয়ারী বাবু, কোন খাজনা বাকি?","পাটোয়ারী বাবু,হন হাজানা বাইক্ষে আছে না ?"
"খালু, গেমটা কখন শুরু করবেন?","হালু, গেইম ইবে হত্তে শুরু গরিবেন?"
কোন ধরনের পায়ের আলতা পরেন?,হন ডইল্লে টেংর আলতা পরন দে?
কোথায় ফরম্যাট করবেন?,ফরম্যাট হডে গরিবেন দে?
আপনার কি ফুলদানি আছে?,অনত্তে কি ফুল দানি আছে না?
"হ্যাঁ, পুকুর পাড়ে","অয়অ,পইরু পাড়ত"
লোকজন গাইছে ভাটিয়ালি।,মাইনষি গাআর ভাটিয়ালি ।
একটু দিন।,এক্ষানা গরি দিয়ন ।
রুমালটা কার?,রুমল ইয়েন হার ?
তারাবি পড়বেন?,তারাবি পরিবেন না ?
আমবাগানে কি?,আমবাগানত কি?
"রজনীগন্ধা, যার গন্ধ রাত জুড়ে থাকে","রজনীগন্ধা,যার গন্ধ আরা রাইত থাগে"
"হ্যাঁ, বাড়ির পেছনে","অয়অ,বাড়ির পিছুদি"
সবাই মিলে মাঠে কাজ করে,বেজ্ঞুনে মিলি বিলুত হাম ঘরে
স্টার কাবাব হাউসে,স্টার কাবাব হাউসুত
কোন সময় অফিস শেষ হয়?,অফিস শেষ অতে হতন অই?
আলু ভর্তা পছন্দ,আলু ভর্তা গম লাগে দে
তোর পাড়ার মিষ্টির দোকান কেমন?,তোর পাড়ার মিষ্টির দোআন কেন?
নতুন চশমার দোকানে গেলি?,নোয়া চশমার দোআনত গেইয়ুছ না?
কোথায় পুঁতি রাখেন?,পুঁথি হনডে রাহন দে?
"হ্যাঁ, আনন্দের সাথে","অয়অ,আনন্দর লয়"
কোন ধরনের রুটি পছন্দ?,হন ডইল্লে রুটি ভালা লাগে দে?
"হ্যাঁ, ফাস্ট চার্জিং","অয়অ,ফাস্ট চার্জিং"
কোন ধরনের দৃশ্য পছন্দ?,কিরহম অবস্থা দেহিলি গম লাগে দে?
কিভাবে পিঠা বানান?,পিডে কেন গরি বানন দে?
সুতার নকশা,সুতর নকশা
নতুন প্রজেক্টে কি করছেন?,নতুন প্রজেক্টত কি গইত্তে লাইগ্গু?
"মায়ের কাছে, উনার কাছে অনেক টিপস পাই","মাত্তুন,ইবেত্তুন বউত হথা পাই"
আপনার কি বাড়িতে পাখির বাসা আছে?,অনর ঘরত কি পাখির বাআ আছে না?
খাবার ঠান্ডা হয়ে গেছে?,হানা জুড়ায় যারগু?
বাজারের কোন জিনিস নিয়মিত কেনেন?,বাজারত্তুন হন জিনিস ইয়েন পইত্তেন কিনন দে?
ফজরের ওয়াক্ত হল?,ফজরর অত্ত অইয়ি ?
মিছিল যাচ্ছে।,মিছিলুত যার ।
কোথায় মিট করবেন?,দেহা হডে গরিবেন দে?
কার সাথে রান্না করতে ভালোলাগে?,হারলয় রাইন্দু ভালা লাগে দে?
কোন ধরনের আকাশ পছন্দ?,আকাশ হন ডইল্লে ওইলি গম লাগে দে?
কি হয়েছে?,কি অইয়ি ?
আপনি কি নিয়মিত ব্যালেন্স চেক করেন?,অনে কি পইত্তেন ব্যালেন্স চেক গরন না?
ধারালো ছুরি দিয়ে,ধারাইল্লে ছুড়ি দি
কোথায় ঘড়া রাখেন?,ঘড়া ইবে হনডে রাহন দে?
কিভাবে রুটি বানান?,রুটি কেন গরি বানন দে?
পথের ধারে কি?,রাস্তার ডাগদি কি?
ছুটিতে কি করলে?,ছুটিত কি গরিলে?
প্রায় আধা ঘণ্টা হলো,প্রায় আধা ঘণ্টা অইয়ি
আরতি হচ্ছে।,আরতি অর ।
আপনার কি বাড়িতে তালগাছ আছে?,অনর ঘরত কি তাল গাছ আছে না?
বন্ধুদের সাথে কোথায় মিট করিস?,বন্ধু অলর লয় হনডে দেহা গরছ দে?
"হ্যাঁ, দোয়েল পাখি।","অয়অ, দোয়েল পাখি ।"
অরগানিক খাবার সরবরাহ আর হোম ডেলিভারি,অরগানিক খাবার সরবরাহ ইয়ের হোম ডেলিভারি
ছাদের বাগান,ছাদর বাগানত
রসের গোল্লা পছন্দ,রসর গোল্ল গম লাগে দে
কোথায় খেলা দেখেন?,খেলা হডে চন দে?
ছোট ঝরনা দিয়ে,গুর ঝরনা দি
কোথায় বসে লেখালেখি করেন?,হনডে বইয়েরে লেহালেহি গরন দে?
বাঁশঝাড়ে কি পাওয়া যায়?,বাঁশ বুনুত কি পা যায় দে?
ড্রেসিং টেবিলের কাছে,ড্রেসিং টেবিলুর ডাহত
নতুন কোন খালার বাসায় যাস?,নোয়া হন হালার ঘরত যচ দে?
কার কাছে বই ধার নেন?,হাত্তুন বই উদর লন দে?
"জি, ধন্যবাদ","জি,ধন্যবাদ"
ছানা মাখা হচ্ছে।,ছানা মাহা অর ।
আপনার কি টেবিল ফ্যান আছে?,অনত্তে কি টেবিল ফ্যান আছে না?
কি শখ আছে?,কি গরিবের ইচ্ছে আছে ?
চুল বাঁধছে।,চুল বাঁধের ।
আপনার কি ট্রিপড আছে?,অনত্তে কি ট্রিপড আছে না?
কলাই চাষ করেন?,হলই চাষ গরন না?
"হ্যাঁ, সকালে যাব।","অয়অ, বেয়িন্নে যাইয়ুম দে।"
আপনার কি স্টাডি লাইট আছে?,অনত্তে কি স্টাডি লাইট আছে না?
কোন জায়গাটা এখন ভালো?,হন জাগা ইয়েন এন ভালা দে?
বই পড়ে আর গান শুনে,বই পড়ি ইয়ের গান ওনি
মাসের শেষে।,মাসর শেষে।
পেঁপে কাটা হয়েছে?,কুইয়ে হাডা অইয়ি না ?
শীতের রাতে কি খান?,শীত কাইল্লে রাতিয়ে কি হন দে?
মাঠে-ঘাটে দলবেঁধে খেলাধুলা করে,মাডত-ঘাটত দল বাঁধি খেলা হার
আপনার কি শু হোল্ডার আছে?,অনত্তে কি শো হোল্ডার আছে না?
পাড়ার ছেলেদের সাথে,পাড়ার পুয়া অলর লয়
"হ্যাঁ, চাল ভানতে","অয়অ,চইল ভাঙ্গতু"
দশ মিনিটের মধ্যে আসবে।,দশ মিনিটুর ভিতুর আইবু।
জর্দা দিয়ে,জর্দা দিয়েযে
কিভাবে শাক রান্না করেন?,শাক কেন গরি রাধন দে?
পিডিএফ ফরম্যাটে,পিজিএফ ফরম্যাট
কোন ধরনের কাটলেট পছন্দ?,কাটলেট কি রহম গম লাগে দে?
প্রেজেন্টেশনে কি দেখাবে?,প্রেজেন্টেশনত কি দেহাইবে?
"হ্যাঁ, রাতে করি","অয়অ,রাতিয়ে গরি দি"
চায়ে চিনি দিয়েছেন?,চাআত চিনি দিয়ুন না ?
বান্দরবান পাহাড়ে,বান্দরবান পাহাড়ত
বাগেরহাটের ষাট গম্বুজ কেমন?,বাগেরহাটর ষাট গম্বুজ কেন?
"হ্যাঁ, বাগানে লাগিয়েছি","অয়অ,বাগানত লাগাইদি"
খিচুড়ি আর ইলিশ মাছ।,খিচুড়ি ইয়ের ইলিশ মাছ।।
আপনি কি নিয়মিত গাজর খান?,অনে কি পইত্তেন গাজর হন না?
"ইনভেস্টর খুঁজতেছি, আপাতত বুটস্ট্র্যাপিং","ইনভেস্টর থোয়াইর, আপাতত বুটস্ট্র্যাপিং"
কি করে পাস করলে?,ক্যান গরি পাশ গরিলি?
"জেঠী মা, কোথায় বসবে?","জেঠি মা,হনডে বয়বে দে?"
যশোরের বেনাপোল বর্ডার দেখবে?,যশোরোর বেনাপুল বডার চাইবে না?
কিভাবে বাগান করেন?,বাগান কেন গরি গরন দে?
বড় মসজিদে।,ডঅর মসদুত।
বাঙালি নববর্ষ কি শেখায়?,বাআল অলর নোয়া বছর কি শিখেই দে?
লাইভ স্ট্রিমিং কি দেখেন?,লাইভ স্ট্রিমিং কি চন না?
কোথায় কনফার্ম করবেন?,কনফারম হডে গরিবেন দে?
আজ কি প্রোগ্রাম?,আজিয়ে কি প্রোগ্রাম ?
কোন ধরনের নুড়ি বিছান?,হন ডইল্লে নুড়ি বিছন দে?
কোন দিকে বাগান করেছেন?,বাগান হন দি গইজ্জুন দে?
তোমার পাশে।,তোয়ার ডাগত।
কিভাবে রান্না শেখেন?,রাধনি কেন গরি শিখন দে?
কলাপাতায় কি খেতে ভালোলাগে?,কেলাপাতাত কি হায়তু মজা লাগে দে?
দুটো বকরি জবাই করেছি।,দুঅ ছল জরাই।
ছাতা কোথায় রাখব?,ছাতি হনডে রাখিবু দে?
আপনার কি বাড়িতে শখের জিনিস আছে?,অনর ঘরত কি মন মত জিনিস আছে না?
বন্ধুদের সাথে,বন্ধু অলর লয়
আজ দাম বেশি।,আজি মংগা বেশি ।
বাড়ির কোন দিকে ছায়া বেশি?,ঘরর হনদি ছামা বেশি দে?
নতুন বই পেলে কি করো?,নতুন বই পাইলি কি গরন দে?
বাজারের কোন জিনিস দরকারি?,বাজারর হন জিনিস বেশি দরহারি দে?
"নুন-হলুদ মাখিয়ে, মাঝারি আঁচে","নুন -অলইদ মাখিয়েরে,মাঝারি জ্বালত"
দোয়েল পাখি,দোয়াল পাখি
মালাইকারি বানিয়ে সবাইকে খাওয়াবো,মালাইকারি বানাইয়েরে বেজ্ঞুনুরে হাবাইয়ুম
গামছা দেবেন?,গামছা দিয়ন ?
টাঙ্গাইলের চমচম আনতে বলেছিলে না?,টাঙ্গাইলর চমচম আইনতে হইয়্যু দে নো?
দেখা করতে।,দেহা গইত্তু ।
তোর এলাকার ডেলিভারি কি রকম?,হন এলাহার ডেলিভারি কেন?
বরিশালের নলছিটি যাবেন?,বরিশালর নলসিটি যাইবে না?
ঈদগাহ ময়দানে,ঈদগাহ ময়দানত
মাছ ভাজা হয়েছে?,মাছ ভাজা অইয়ি না ?
ভাত নামিয়েছেন নাকি?,ভাত নামায়ুন না ?
ঈদে কোন খাবার বানান?,ঈদ্দে হন ডইল্লে হানা রাধন দে?
কলাপাতায় কি পরিবেশন করেন?,কেলাপাতাত কি সাজান দে?
আপনার কি মশারি আছে?,অনত্তে কি মোশরি আছে না?
পাখির কিচিরমিচির,পাখির ছেনছেনানি
দেশের কবিরা কি লেখেন?,দেশর কবি অল কি লেহে দে?
"হ্যাঁ, গান লিখি","অয়অ,গান লেহি দি"
কোন সময় বৃষ্টি হয়?,হন সমত ঝড় পরে দে?
মটন কাচ্চি পছন্দ,মটন কাচ্চি গম লাগে দে
তোর চ্যানেলে কি ভালো চলে?,তোর চ্যানেল কি ভালা চলের না?
পহেলা বৈশাখে কোথায় যাবে?,পহেলা বৈশাখত হডে যাইবে?
কমলাপুর।,কমলাপুর।।
"রহিম চাচার দোকানে, উনি ভালো জিনিস রাখেন","রহিম চাচার দোআনত,ইবে ভালা জিনিস রাহে"
কিতাব নিয়ে নিই।,কিতাব লয় লই ।
আপনার কি ব্লাড প্রেশার আছে?,অনত্তে কি ব্লাড প্রেশার আছে না?
আপনার কি ডিশ ড্রায়ার আছে?,অনত্তে কি ডিশ ড্রায়ার আছে না?
ডাইনিং টেবিলে,ডাইনিং টেবিলুত
"একটা একটা করে দেখে, টাটকা কিনা বুঝে","ওগগো ওগগো গরি চাইয়েরে,তাজা কিনা বুঝিয়েরে"
কার কাছে রান্নার টিপস নেন?,হাত্তুন রান্নার টুকটাক শিখন দে?
"হ্যাঁ, সন্ধ্যায় যাই","অয়অ,আজইন্নে যাইদি্"
পুরান ঢাকার বিখ্যাত হাজীর পোলাও খাই,পুরন ঢাহার নামগরা হাজীর পোলাও হায়
সোশ্যাল মিডিয়ায়,সোশ্যাল মিডিয়াত
কোথায় রাখলে জিনিস?,হনডে রাইক্ষুন জিনিস ?
ভাটিয়ালি গান শিখছি।,ভাটিয়ালি গান শিখির ।
কোন সফটওয়্যার ইউজ করেন?,হন সফটওয়্যার গো ইউস গরন?
বাসার সামনে দোকান আছে?,ঘরর সাম্মদি দোআন আছে?
সুখের স্মৃতি,সুগুর হথা
পুরি ভরে নিয়েছি।,পুরি ভরি দি।
বাংলাদেশের নারী উদ্যোক্তারা কি করেন?,বাংলাদেশর নারী উদ্যোক্তা অলে কি গরে দে?
বৃষ্টিতে কি করলে?,বৃষ্টিত কি গইজ্জু?
বাসে যাবে নাকি রিকশায়?,বাসত না রিকশেত যাবি?
"ও ভাই, কেন দাঁড়িয়ে আছো?","ও ভাই,কিল্লে থিএয় লয়ু ?"
এই সপ্তাহে কবে দেখা করবে?,এই সপ্তাত হত্তে দেহা গরিবে?
কিভাবে ফুলকপি রান্না করেন?,ফুলহবি কেন গরি রাধন দে?
তোর ব্র্যান্ড কিভাবে প্রমোট করস?,তোর ব্র্যান্ড কেন গরি প্রমোট গরছ দে?
মিরপুরে,মিরপুরুত
আপনার কি পেন স্ট্যান্ড আছে?,অনত্তে কি পেন স্ট্যান্ডআছে না?
একটা ট্রাভেল সিরিজ বানামু ভাবতেছি,একটা ট্রাভেল সিরিজ বানাইয়ুম ভাবির
"হ্যাঁ, বড় গাছের","অয়অ,বড় গাছর"
"হ্যাঁ, নতুন গামছা।","অয়অ,নোয়া গামছা ।"
"মা, আমি বন্ধুদের সাথে ঘুরতে যাব?","মা, আই বন্ধু অলর লই ঘুইত্তু যাইয়ুম না?"
টেনে দেখুন।,টানি চন ।
কোন ধরনের পিড়ি ব্যবহার করেন?,হন ডইল্লে পিড়ে ব্যবার গরন দে?
কোথায় ফুল পান?,ফুল হনডে পনদে?
কেন মন খারাপ?,কিল্লে মন হারাপ?
মসজিদে কি হচ্ছে?,মসদুত কি অর?
ছোটবেলা থেকে জমানো বই দিয়ে একটা লাইব্রেরি সাজিয়েছি,গুর থাত্তেত্তুন বই জমায়েরে এক্ষান লাইব্রেরি সাজাই
"ভাইয়া, টাকাটা পাঠাতে পারবেন?",ভাইয়া টিয়াগুন পাটাইত পারিবেন না?
"হ্যাঁ, সাপ্তাহিক পড়ি","অয়অ,সাপ্তায় পড়ি দি"
সোশ্যাল মিডিয়ায় কি বিক্রি করেন?,সোশ্যল মিডিয়াত কি বেছন দে?
বন্ধুদের সাথে,বন্ধু অলর লয়
"মায়ের কাছে দাঁড়িয়ে, প্রতিটা স্টেপ দেখে দেখে","মার ডাগদি তিয়েইয়েরে,পইত্তেক স্টেপ চায় চায়"
জুতা খুলেছেন?,জুতা খুইল্লুন না ?
"মামাজান, কি এনেছেন বিদেশ থেকে?","মামা জান, কি আইনুন দে বিদেশত্তুন ?"
খিচুড়ি আর ভাজা।,খিচুড়ি ইয়ের ভাজা।।
রসে ভরা।,রসে ভরা ।
পুরনো ঢাকার গলির ছবি দেয়ালজুড়ে,পুরন ঢাহার গলিত ছবি দেয়ালজুড়ে
কোথায় এডিট করবেন?,এডিট হনডে গরিবেন দে?
মুরগি বাসা বেঁধেছে।,খুর বাআ বাইন্দি ।
কোথায় কোর্স করবেন?,কোর্স হডে গরিবেন দে?
কুল মিষ্টি কি?,ফুল মিডে না?
"ছাদে, যেখানে ক্যারম বোর্ড পাতা থাকে","ছাদত ,যেনডে ক্যারমবোড বোআইয়ে থাগে"
কিভাবে বাগান সাজান?,কেন গরি বাগান সাজান দে?
দরজায় তালা দিলেন?,দরজাত তালা দিয়ুন না ?
আপনি কি নিয়মিত ভিটামিন খান?,অনে কি পইত্তেন ভিটামিন হন না?
আমাদের শীতকালীন খাবার কি কি?,আরার শীতকাইল্লে হানা কি কি?
"হ্যাঁ, খুলনায়","অয়অ,খুলনাত"
সকালে কি নাস্তা করেন?,বেয়িন্নে কি নাস্তা হন দে?
বাঁশের চারা আর মিষ্টি বাঁশের কচি খুঁজি,বাশ্ঁর চারা ইয়ের মিডে বাশ্ঁর হরা তোআইর
দিনাজপুরের কালাই ভোগ কি করেন?,দিনাজপুরুর হলই ডাল কি গরন দে?
কোন ধরনের সাপ্লিমেন্ট খান?,কিরহম সাপ্লিমেন্ট হন দে?
সূর্য ওঠার আগে,সূজ্জূ উডিবের আগদি
খতনা কবে?,সুন্নত হত্তে গরায়বুদে?
দক্ষিণ দিকে,দইন দি
কোন মাছ পড়ল?,হন মাছ পড়িলু ?
তোমার ছুটি কবে?,তুয়ার ছুটি হত্তে?
গ্রামের মুরুব্বিরা কি বলেন?,গেরামর মুরুব্বি অলে কি হয় দে?
সূর্য ওঠার আগে বাগানে নামি,সূজ্জূ উডিবের আগদি বাগানত নামি দি
আপনি কি নিয়মিত কৈ মাছ খান?,অনে কি পইত্তেন হৈ মাছ হন না?
ছানা কত হল?,ছানা হত অইয়ি ?
পায়রা বন্দরে কি দেখেন?,পায়রা বন্দরত কি চন দে?
নেত্রকোনার বিরিশিরি যাবে?,নেত্রকোনার বিরিশিরি যাইবে?
কি দেখলে?,কি দেখতে লাইগ্গুন দে ?
দইয়ের সাথে কি খান?,দয়ুর লয় কি হন দে?
"হ্যাঁ, বিদেশে থাকা বন্ধুদের সাথে","অয়অ,বিদেশর বন্ধু অলর লয়"
আপনি কি নিয়মিত ঘুরতে যান?,অনে কি পইত্তেন ঘুরতু যন না?
পনেরই জুন,পনের জুন
দর কমাতে কমাতে পাঁচশ টাকা বাঁচালাম,দর হমাতে হমাতে পাঁচশ টাকা বাঁচায়
কার কাছে কবিতা শোনেন?,হাত্তুন কবিতা ওনন দে?
কোন ধরনের কাশ্মিরি নুডলস পছন্দ?,হন ডইল্লে কাশ্মীরি নুডুলস গম লাগে দে?
কিভাবে কাপড় মেলেন?,হর কেন গরি মেলি দিয়ন দে?
ওজুর ঘাট।,ওজুর ঘাট ।
"হ্যাঁ, প্রতিদিন খাই","অয়অ, পইত্তেন হায়"
খাতা কত লাগবে?,হাতা হতিন লাগিবু ?
ঢাকার রাস্তার খাবারের ডকুমেন্টারি বানাচ্ছি,ঢাহার রাস্তার হানান ডকুমেন্টারি বানাইর
চাঁদের আলো।,চাঁদর ফঅরত ।
আপনার কি বাড়িতে টগর গাছ আছে?,অনর ঘরত কি টগর আছে না?
"ঐতিহাসিক উপন্যাস, যা পড়লে সময় ভুলে যাই","ঐতিহাসিক উপন্যাস,যিবে পইল্লি সমর হথা পরি যায়"
আপনার কি স্টেপলার আছে?,অনত্তে কি স্টপলার আছে না?
দূরে থাকলেও অন্তরের টান কমে না,দূরে থাগিলিও অন্তরত টান ন হমে
বাড়ির কোন দিকে ফুল বেশি?,ঘরর হনদি ফুল বেশি দে?
বইমেলায় গিয়ে ঘণ্টার পর ঘণ্টা কাটাই,বই মেলাত যাইয়েরে ঘন্টার পর ঘন্টা হাডাই
তেঁতুল গাছে কি?,তেঁতয় গাছত কি ?
মাছ আর সবজি কিনব,মাছ ইয়ের সবজি তরহারি
আপনি কি নিয়মিত ফেসপ্যাক করেন?,অনেকি পইত্তেন ফেইস প্যাক গরন না?
পুরান ঢাকার খাবারের ছবি আর ঐতিহাসিক জায়গার পোস্ট,পুরান ঢাকার হানার ছবি আর ঐতিহাসিক জাগার পোস্ট
মামাতো ভাইদের সাথে,মতভাইয়ুর লয়
নতুন দোকানে কি পাওয়া যায়?,নোয়া দোআনত কি পা যায় দে?
কোন ধরনের খেলা পছন্দ?,কিরহম খেলা গম লাগে দে?
একশো টাকা।,একশ টিয়া
আপনি কি নিয়মিত ফিল্টার করেন?,অনে কি পইত্তেন ফিল্টার গরন না?
কার কাছে বাজার টাকা চান?,হাত্তে বাজার গরিবেল্লায় টিয়া তোঅন দে?
"হ্যাঁ, পড়ার টেবিলে","অয়অ,পড়ার টেবিলুত"
কোন ধরনের রসগোল্লা পছন্দ?,কিরহম রসগোল্লা ভালা লাগে দে?
আপনি কি নিয়মিত মোয়া খান?,অনে কি পইত্তেন মোয়া হন না?
বরই পাড়বেন?,বড়ই পাড়িবেন না?
ফুড ডেলিভারি কি আনলে?,ফুড ডেলিভারিত্তূ্ন কি আইনুন দে?
আপনার কি হেলমেট আছে?,অনত্তে কি হেলমেট আছে না?
কেন কাঁদছো?,হাইনত্তে লাইগ্গুন দে ?
কিভাবে যাবেন সিলেটে?,ক্যানে যাইবেন সিলেট?
কি খাওয়া যায় বল তো?,কি হন যাই হ তো?
আমের আচার,আমর আচার
বাঁশের খাটিয়া,বাঁশর হাইট্টে
লিংকডইনে প্রফেশনাল কানেকশন বেশি,লিংকডইনুত প্রফেশনাল কানেকশন বেশি
কোন ধরনের জলখাবার পছন্দ?,কিরহম হানাপানি ভালা লাগে দে?
পহেলা বৈশাখে সাংস্কৃতিক অনুষ্ঠান দেখি,পইলে বৈশাকত সাংস্কৃতিক অনুষ্ঠান চাইর
বাংলা নববর্ষে কি করেন?,বৈশাক মাসর ১তারিখ কি গরন দে?
মাছের চোখ দেখে টাটকা চিনতে পারি,মাছর চোখ চাইয়েরে তাজা চিনিত পারি
গ্রামের মানুষের সম্পর্ক কেমন?,গেরামর মানুষ অলর মব্বত কেন?
"হ্যাঁ, সকালে খাই","অয়অ,বেয়িন্নে হায় দি।"
গরম পরোটা,গরম পরটা
একটা নতুন অ্যাপ আইডিয়া মাথায় আসছে,এক্ষান নোয়া অ্যাপর আইডিয়া মাথাত আইস্সি
হুজুর এখনই আসবেন।,হুজুর এহন আইবু ।
কিভাবে ঘর ঠাণ্ডা রাখেন?,ঘর কেন গরি ঠান্ডা রাহন দে?
কোথায় শাড়ি রাখেন?,শাড়ি হনডে পড়ন দে?
শাহবাগের মোড়ে,শাহবাগর মোড়ুত
ইলিশ মাছের ডিম ভাজা দিয়ে,ইলিশ মাছর ডিম ভাজি
নিজের হাতে।,নিজুর আথত ।
জমিতে কি দিয়েছেন?,জবিনুত কি দিয়ুন ?
আপনার কি এসি আছে?,অনরত কি এসি আছে না?
আন্তরিক বন্ধুত্ব,ঘনিষ্ঠ বন্ধুত্ব
ছাদের উপর বসে চা খাই আর গল্প করি,ছাদর উর বইয়েরে চা হাইর আর গফ মারির
বাংলাদেশি হ্যান্ডিক্রাফট নিয়ে কাজ করে যারা,বাংলাদেশি হ্যান্ডিক্রাফট লয়েরে হাম গরে যারা
আপনার কি বাচ্চাদের বই আছে?,অনর পোয়া অলত্তে কি বই আছে না?
হলুদ কতটুকু দেব?,অলইদ হত্তিক্ষিন দিয়ুম/দিতাম ?
আপনার কি পাড়ায় আত্মীয় আছে?,অনর এডে পাড়াত কি আত্মীয় আছে না?
"হ্যাঁ, বই রাখার জন্য","অয়অ,বই রাখিবেল্লায়"
কি করছে গোয়ালা?,কি গরের দে গোআইল্লে ?
কিভাবে বাগান সাজান?,বাগান কেন গরি সাজান দে?
লাল রঙের একটা পুতুল।,লাল রংঅর ওগগো পুতুল ।
আপনি কি নিয়মিত এনালাইজ করেন?,অনে কি পইত্তেন এনালাইজ গরন না?
কোন সময় ঘুমাতে যান?,হন সমত ঘুম যাইতু যন দে?
ইউথ সেন্টারে,ইউত সেন্টারত
কোন ধরনের মটন কারি পছন্দ?,হন ডইল্লে মাটন কারি মজা লাগে দে অনত্তে?
মানি এক্সচেঞ্জে,মানি এক্সচেঞ্জ
বাংলার শিক্ষকের কাছে,বাংলা মাষ্টরত্তুন
পানি খাবেন?,পানি হাইবেন না?
নতুন কিনতে হবে।,নোয়া কিনম পরিবু ।
নীল রং খুব পছন্দ,নীল রং বেশি গম লাগে
কান্তজির মন্দিরের কারুকাজ দেখি,কান্তজির মন্দিরের কারুকাজ চাইর
আপনার কি বাড়িতে খড়ের চাল আছে?,অনর ঘরত কি খেরর চাল আছে না?
দেশের আধুনিক নাট্যচর্চা কেমন?,দেশর আধুনিক নাট্য চর্চা কেন?
তোর এলাকার ক্রিকেট টিম কি করে?,তোর এলাহার ক্রিকেট টিম কি গরে দে?
আপনার কি পুরনো রেডিও আছে?,অনত্তে কি পুরন রেডিও আছে না?
"ওঝা ঠাকুর, কি ঝাড়-ফুঁক করবেন?","ওঝা ঠাহুর,কি ঝাড়-ফু গরিবেন দে ?"
মনের বাণী।,মনর বাণী ।
কালকের গুলো আছে।,হালিয়ের ইয়িন আছে ।
স্পেশাল ফালুদা পছন্দ,স্পেশাল ফালুদা গম লাগে দে
"হ্যাঁ, সপ্তাহে একবার","অয়অ,সপ্তায় একবার"
পেন্সিল কাটা হয়েছে?,পেন্সিল হাডা অইয়ি না ?
তোমার বাসা কোন এলাকায়?,তুয়ার বাসা হন এলাকাত?
"ওরে শোন্, কি খবর আনলি?",ওরে ওন কি হবর আনিলি ?
গরু চরে বেড়াচ্ছে।,গরু চড়ে বেড়ার ।
কোথায় কাঠি রাখেন?,হাডি হনডে রাহন দে?
দুই কেজির হবে।,দুই কেজি অইবু ।
"হ্যাঁ, শীতকালে","অয়অ,শীতকাইল্লে"
গ্রামের বাড়িতে কি করেন?,গেরামর বাড়িত কি গরন দে?
"চাচা গো, কোন গরু বিক্রি করবেন?","চাচা রে,গরু হন্ন বেচিবেন দে?"
আপনার কি বাড়িতে পদ্ম ফুল আছে?,অনর ঘরত কি পদ্ম ফুল আছে না?
ট্রেন্ডিং টপিক ধরে শর্ট ভিডিও বানাই,ট্রেন্ডিং টপিক ধরিয়েরে শর্ট ভিডিও বানাইর
কোথায় রাখব?,হনডে রাইক্ষুম ?
মোবাইলে টাকা-পয়সা কি করো?,মোবাইলুত টিয়া পয়সে কি গরন দে?
বাজারে কখন যাবি?,বাজারত হত্তে যাবি?
কার হাতের রান্না ভালো?,হার আথর রান্না পোয়াদ দে?
নানীর হাতের,নানীর আথর
আধা কেজি দিন।,আধা কেজি দিয়ন ।
ওষুধটা খেয়েছ?,ওসুধ হাইয়্যু না?
চল্লিশ টাকা কেজি।,চল্লিশ টিয়া কেজি।।
কার সাথে ট্রাভেল করেন?,হার লয় জার্নি গরন দে?
গরমে ঘুম আসে না?,গরমর জ্বালায় গুম ন আইয়ির?
ধানকাটার সময় কি হয়?,ধান হাডিবের সমত কি অয় দে?
গুরুত্বপূর্ণ ইবাদত।,মেইন ইবাদত।
কার সাথে সিনেমা দেখেন?,হার লয় সিনেমা চন দে?
"হ্যাঁ, সন্ধ্যায় বাজাই","অয়অ, আজইন্নে বাজাইদি"
তেল গরম করুন।,তেল গরম গরন ।
কোন ধরনের টেক ইভেন্টে যান?,হন ডইল্লে টেক ইভেন্টত যন দে?
দরজায় কে?,দরজাত হন ইবে ?
সিলেটের সাত রঙা চা কেমন?,সিলেটর সাত ডইল্লে চা কেন?
কোথায় কাপড় কাচেন?,হর হনডে দোন দে?
ডায়েট ট্র্যাকার আর ফিটনেস রেকর্ডার,ডায়েট ট্র্যাকার ইয়ের ফিটনেস রেকর্ডার
স্টাইল হেয়ার কাটে,স্টাইল হেয়ার কাট
সমুচা কেমন হল?,সমুচা কেন অইয়ি ?
হাটে যাব।,আটখোলাত যাইয়ুম ।
কাপড়টার দাম কত?,হঅর ইবের দাম হত?
কুমিল্লার ময়নামতি যাবে?,কুমিল্লের ময়নামতি যাইবে না?
আপনার ফ্ল্যাটে কয়টা রুম?,অনর ফ্ল্যাটেঅত রুম হওঅ?
ফতুল্লার জর্দা কিনতে যাবে?,ফতুল্লার জর্দা কিনতে যাইবে?
"রাত এগারোটার পর, যখন সবাই ঘুমিয়ে পড়ে","রাতিয়ে এগারটার পর,যেত্তে বেজ্ঞুনে ঘুম থাগে"
কোথায় যাবে খুকি?,হনডে যাইবু খুকি?
সাত সমুদ্র পারের দেশ।,সাত সমুদ্র পারের দেশ।।
কোথায় নামাজ পড়েন?,নামাজ হনডে পড়ন দে?
আপনার কি পাড়ায় বন্ধু আছে?,অনত্তে কি পাড়াত বন্ধু আছে না?
"না, ঠিক আছে","অন্না,ঠিক আছে"
কালো গরুটা বিক্রি করব।,হালা গরু ইবে বেইচ্ছুম ।
কোন ধরনের খাবার রান্না করতে পারেন?,হন ডইল্লে হানা রাধিত পারন দে?
মুগ ডাল পছন্দ,মুগ ডাইল গম লাগে দে
কোথায় আলপনা আঁকেন?,আলপনা হনডে আকন দে?
কোন রাস্তায় ট্রাফিক কম?,হন রাস্তাত জাম হম দে?
ঠাণ্ডা পানিতে,ঠান্ডা পানিত
তোর এলাকার ফুটবল টিম কেমন?,তোর এলাহার ফুটবল টিম কেন?
আপনি কি নিয়মিত দুপুরে খান?,অনে কি পইত্তেন দুইজ্জে হন না ?
রান্নাঘরের দেয়ালে,পাকঘরর ডেবালত
ময়মনসিংহের আলেক্সান্ড্রা ক্যাসলে যাবে?,ময়মনসিংহর আলেক্সান্ড্রা ক্যাসলেত যাইবে না?
গাছের ছায়াঘেরা,গাছর ছামাত
লোটা শুটকি পছন্দ,লইট্টে ওনির গম লাগে দে
"মালী ভাই, কি লাগাচ্ছো?","মালী ভাই,কি লাগাইতে লাইগ্গূন দে?"
মাকরুহ বুঝেন?,মকুরুহ বুঝন না ?
নৌকায় চড়ে পাহাড়ি এলাকা ঘুরে দেখি,নৌকত চড়ি পাআড়ি এলাহা ঘুরে চাইর
তালপাতার পাখনা,তালপাতার বিছেইন
খেজুর গুড় আছে?,হাজুরুর মিডে আছে না ?
আপনি কি চাকরি করেন?,অনে কি চরি গরন না?
"হ্যাঁ, পূর্ণিমার চাঁদ।","অয়অ,পূর্ণিমের চান ।"
কোথায় ঘুরতে যাবেন?,হনডে ঘুইত্তু যাইবেন ?
অনলাইন পোর্টালে,অনলাইন পোর্টালে
ঘাটের মাঝিরা কি করে?,পারর মাঝি অল কি গরে দে?
কিভাবে ফুলদানি সাজান?,ফুলুরদানি ইবে কেন গরি সাজন দে?
কোন ধরনের ঘি পছন্দ?,হন ডইল্লে ঘি গম লাগে দে?
কোথায় মিটিং করবি আজকে?,মিটিং হডে গরিবি দি আজিয়ে?
গ্রামের জীবন আর শহরের স্টাইল মিক্স করছে,গেরামর জীবনত ইয়ের শঅরর স্টাইল মিক্স গরের
"মা, আজকে কি রান্না করছো?",মা আজিয়ে কি রান্না গইজ্জু?
গ্রামের মাঠে একতারা নিয়ে যখন ফকিররা গায়,গেরামর মাডত একতারা লয়য়েরে যেত্তে ফইর অলে গান গায়
পরিবারের সবার সাথে,পরিবারর বেজ্ঞুনের লয়
কাপ্তাই লেকে কি করেন?,কাপ্তাই লেকত কি গরন দে?
সিটি করপোরেশনে,সিটি কর্পোরেশন
"বাবা, পিকনিকে যেতে পারব?","বাবা, পিকনিকুত যাইত পাইজ্জুম না?"
কোথায় ছবি আঁকেন?,ছবি হত্তুন আকন দে?
একটা ঘড়ি।,ওগগো ঘুরি।
তোর চ্যানেলে এড কেমন আসে?,তোর চ্যানেলত এজবেটারিস/এড কেন আইয়ি?
পোলাও চাল,পোলভাতর চইল
কোন রুট দিয়ে যাব?,হন রোড দি যাইয়ুম?
আপনার কি মামার বাড়ি আছে?,অনত্তে কি মামুর বাড়ি আছে না?
অ্যাকশন মুভি পছন্দ,অ্যাকশন/ মারামারি মুভি ইয়িন গম লাগে দে
কত দূর যাবেন?,হদ্দুর যাইবেন?
আপনি কি নিয়মিত ঘরে বাতাস দেন?,অনে কি পইত্তেন ঘরত বাতাস দিয়ন না?
ওজু করে নিয়েছি।,ওজু গরি লয় ।
মায়ের কাছে টাকা পাঠাচ্ছি গ্রামে,মাযর হাছে টিয়া পাঠাইর গেরামত
আপনার কি বাড়িতে মাকড়সা আছে?,অনর ঘরত কি মাহর আছে না?
আপনার কি লাঞ্চ বক্স আছে?,অনত্তে কি লাঞ্চ বক্স আছে না?
পোলাপান কেমন?,পুয়া অল কেন?
কিভাবে সালাদ কাটেন?,সালাদ কেন গরি হাডন দে?
পার্কিং পাওয়া যাবে?,পার্কিং পঅন যাইবু না?
ধানের খেতে।,ধান ক্ষেত ।
কি পড়ছেন?,কি পইজ্জুন?
টিভি চ্যানেলে,টিভি চ্যানেলত
"কি রে, রাতে কি করিস?",কি রে রাতিয়ে কি গরছ দে?
"হ্যাঁ, ব্যাগে রাখি","অয়অ,ব্যাগত রাহি দি"
সকাল আটটায়,বেয়িন্নে আটটা বাজে
সকাল সকাল,বেয়িন্নে শরে
"হ্যাঁ, টেবিল ল্যাম্প আছে","অয়অ, টেবিল ল্যামপ আছে ত"
"লেকের পাশের বেঞ্চে, বিকেল গড়ালে","লেকর ডাহত বেঞ্চত, বিকেলবেলা অইলি"
প্রেজেন্টেশন রেডি?,প্রেজেনটেশন রেডি না?
আপনি কি নিয়মিত ভেরিফাই করেন?,অনে কি পইত্তেন ভেরিফাই গরন না?
মাটির হাঁড়িতে রান্না করা শিখছি,মেডির পাতিলেত রাধনি শিখিদ্দি
সৎ মানুষ পছন্দ,সৎ মানুষ গম লাগে দে
"হ্যাঁ, খুব গরম।","অয়অ,বউত গরম।"
আপনার মেয়ে কি পড়ে?,অনর মাইপুয়া কিয়ুদ পড়ে?
"হ্যাঁ, সব ফ্যানে আছে",অয়অ বেগ ফ্যানত আছে
আপনি কি নিয়মিত হলুদ খান?,অনে কি পইত্তেন অলইত হন না?
গ্রামের শরৎকাল কেমন?,গেরমত শরৎকাল কেন?
"হ্যাঁ, সকাল-বিকেল","অয়অ, বেয়িন্নে-আজইন্নে"
মিরপুর চিড়িয়াখানায় যাবে কবে?,মিরপুর চিরিওহানাত হত্তে যাইবে?
"হ্যাঁ, ভাজি করে","অয়অ,ভাজি গরিয়েরে"
আপনার কি বাড়িতে রসুন গাছ আছে?,অনর ঘরত কি রসুনুর গাছ আছে না?
বাংলা গানের আসরে কি করেন?,বাংলা গানর আসরত কি গরন দে?
কোথায় দাঁড়ি কামান?,দাড়ি হনডে হাম দে?
কি প্রবলেম হইছে গাড়িতে?,গাড়িত কি প্রবলেম অইয়ি দে?
কুড়ি টাকা কেজি।,কুড়ি টিয়া কেজি ।
কুমিল্লার রসমালাই কেমন?,কুমিল্লের রসমালাই কেন
শীতের জন্য শাল বুনছি।,শীতুর লায় চাদ্দর/শাল বানাইর ।
তেলটা গরম হয়েছে?,তেল ইয়িন গরম অইয়ি না ?
আব্দুল করিমের।,আব্দুল করিম্মের ।
আপনার কি বাড়িতে রাঙা পাখি আসে?,অনর ঘরত কি বিভিন্ন রংর পাখি আইয়ি না?
"দুইটা স্টার্টআপ নিয়ে লাগছি, দেখি কি হয়","দুঅ স্টার্ট আপ লয় লাগায়,চায় কি অয়"
কোন ধরনের জায়নামাজ ব্যবহার করেন?,হন ডইল্লে জায়নামাজ বিছন দে?
আইটি সেন্টারে,আইটি সেন্টারে
তোর এলাকার ডেলিভারি কারা ভালো?,তোর এলাহার ডেলিভারি হারার ভালা দে?
লোকাল কফি শপের কোল্ড ব্রু,লোকাল কফি শফর কোল্ড ব্লু
পিসি কি রান্না করেছেন?,পিসি কি রাইন্দুন দে ?
"কামার ভাই, কি গড়ছো?","হামার ভাই,কি গইত্তে লাইগ্গুন দে ?"
কোন ভাষা শিখছেন?,হন ভাষা শিখতে লাইগ্গু?
টিকেট কাটছো না কেন?,টিগেট ন হাডর ক্যা?
তুলার বিছানা,তুলর বিছেনত
কোন এলাকায় নতুন বাসা খুঁজছস?,হন এলাহাত নোয়া বাসা তোঅর দে?
প্রতিদিন পড়ি।,পইত্তেন পড়ি ।
সরাসরি গরম দুধে চিনি মিশিয়ে,লয় লয় গরম দুধুত চিনি মিয়েইয়েরে
কোন ধরনের ভেলপুরি পছন্দ?,কিরহম ডাইল পুরি গম লাগে দে?
যত্ন নিয়ে,যত্তন লইয়েরে
"হ্যাঁ, বাগানে আছে","অয়অ,বাগানত আছে দে"
উনুনে কি?,চুলত কি?
কোন দিকে সূর্যাস্ত দেখেন?,সূর্য হন দি ডুপে দে?
হাসির গল্প,আসানির গল্প/কিস্তে
ভাষা আন্দোলন থেকে জাগ্রত হওয়া,ভাষা আন্দোলনত্তুন জাগি যন
"দাদীজান, কোন দোয়া পড়ছেন?","দাদীজান,হন দোয়া পইত্তে লাইগ্গুন দে ?"
কলাবনে কি?,কেলা বুনুত কি?
কালেমা পড়েছেন?,কালেমা পইজ্জুন না ?
কোথায় ক্যাম্পিং করবেন?,ক্যাম্পিং হডে গরিবেন দে?
পুরনো মিষ্টির দোকানি,পুরন মিষ্ঠির দোআনত
"হ্যাঁ, সকালে হাঁটতে যাই","অয়অ, বেয়িন্নে আইটতু মাইলি"
কোথায় বই রাখেন?,বই হনডে রাহন দে?
এবার কি করবে?,এহন কিরিবে ?
আপনি কি নিয়মিত স্কেচিং করেন?,অনেকি পইত্তেন স্কেচিং গরন না?
কার সাথে খেলতে যান?,হার লয় খেলতু যন দে?
বাজারের কোন ফল মিষ্টি?,বাজারত হন ফলফ্রুট মিডে লাগে দে?
আপনার কি ইমারজেন্সি লাইট আছে?,অনত্তে কি ইমার্জেন্সি লাইট আছে না?
কার কাছে রান্না শিখলেন?,রান্না গরনি হাত্তুন শিক্ষুন দে?
"হ্যাঁ, ফুলের রস খায়","অয়অ,ফুলুর রস হায় দি"
তোর পাড়ার ফুড ট্রাক কেমন?,তোর পাড়াত ফুড ট্রাক কেন?
"হ্যাঁ, ডেলি টাস্ক","অয়অ,ডেলি টাস্ক"
কত টাকা?,হ টিয়া?
নতুন কোন দোকান খুলেছে?,নোয়া হন দোআন খুইল্লি দে?
"আচ্ছা, গল্পটা কি সত্যি?",আইচ্ছে কাহিনী কি আছা না?
রান্নাঘরে,পাকঘরত
এসি দিছে। এখন বেশিক্ষণ বসা যায়,এসি দিয়ি। এহন বউত হতন বঅন যায়
কি নিয়ে রিসার্চ করছো?,কি লই রিসার্চ গইত্তে লাইগ্গু?
ভাগ্নে-ভাগ্নিদের নিজের সন্তানের মতো দেখেন,ভাইনে-ভাইনি অলরে নিজুর পোয়া মতন চাইবেন
অনলাইন কমার্স এখন ঝড়ের গতিতে চলে,অনলাইন কমার্স এহন বাতাসর গতিত চলের
কোন ধরনের সন্ধ্যা পছন্দ?,কিরহম আজন্নে ভালা লাগে দে?
"হ্যাঁ, প্রতি বেলায়","অয়অ,পইত্তি অত্তত"
সূর্য ওঠার আগে,সূজ্জু উডিবের আগদি
আপনার ছেলে কি করে?,অনর পোয়া কি গরে?
গুড় গলাতে হবে।,মিডে গলাম পরিবু ।
"হ্যাঁ, ঘুমানোর আগে","অয়অ, ঘুম যাইবের আগদি"
"হ্যাঁ, গন্ধে ভরে থাকে","অয়অ,বাশে ডুপি থাকে"
পিঁয়াজ-রসুন দিয়ে ঝাল করে,পিয়েজ -রসুন দিয়েরে ঝাল গরি
নতুন কাস্তে গড়ছি।,নোয়া হাচি গরির ।
কি চাই?,কি চাইতে লাইগ্গুন ?
কোথায় গান শোনেন?,গান হনডে ওনন দে?
"ভোরের সবজি, যা এখনই মাঠ থেকে এসেছে","বেয়িন্নের সবজি/তরহারি,ইয়েন এহন ক্ষেত্তুন আইসসি দে"
কাঁধের উপর,হাধর উত
কোথায় কবিতা লেখেন?,কবিতা হডে লেহন দে?
হোমওয়ার্ক করা হয়েছে?,হোমওয়ার্ক গরা অয়ি না?
কবে ঢাকায় এলেন?,ঢাহাত হত্তে আইসসুন?
নতুন রেস্তোরাঁয় কি খান?,নতুন ওটেলত কি হন দে?
রয়েল বেঙ্গল টাইগার খোঁজার চেষ্টা করি,রয়েল বেঙ্গল টাইগার থোয়াইবের চেষ্টা গরি
শপিং মলে,শপিং মলত
বিকেলে যখন আকাশে মেঘ জমে আসে,বিকেলবেলা যেত্তে আকাশ মেঅল গরে
"আম্মাজান, কি দোয়া করলে?","আম্মাজান, কি দোয়া গইজ্জুন দে?"
ধুয়ে রেখেছি।,ধুয় রাইক্ষি ।
দেশি খাবারের নতুন টেস্ট ট্রাই করি,দেশি হানাত নোয়া টেস্ট ট্রাই গরির
কোথায় পিকনিক করবেন?,পিন্নিক হডে গরিবেন দে?
কাচ্চি বিরিয়ানি,কাচ্চি বিরেনি
আপনার কি পাসপোর্ট আছে?,অনত্তে কি পাসপোর্ট আছে না?
কত টাকা লাগবে?,হটিয়া লাগিবু?
ভাপা পিঠা কিভাবে খান?,দুঃ পিডে কেন গরি হন দে?
বাংলা কবিতা কখন পড়েন?,বাংলা কবিতা হত্তে পড়ন দে?
শীতের চাদর কোথায়?,শীতুর চাদ্দর হনডে ?
মশলার গন্ধ শুঁকতে শুঁকতে হাঁটি,মশল্লার বাশ ওনতে ওনতে আডির
"হ্যাঁ, একটু জিরাই","অয়অ,এক্কানা জিরেই"
কি বললেন?,কি হইয়ুন দে ?
গ্রামের পাশে কি?,গেরামর ডাহদি কি?
কোথায় মার্কেটিং করবেন?,মার্কেটিং হডে গরিবেন দে?
সবুজ পাহাড়ে চায়ের গাছ সারি সারি,সবুজ পাড়র চাআর গাছ লাইনদজ্জে
ছোট কৌটায়,ছোট হোট্টাত/বয়ুমুথ
"হ্যাঁ, গরমকালে","অয়অ,গরম হালে"
সন্ধ্যায় কোথায় আড্ডা হয়?,আজিন্নে বেজ্ঞুনে হনডে গফ মারে দে?
আপনি কি নিয়মিত বাজার করেন?,অনে কি পইত্তেন বাজার গরন না?
জ্বর এসেছে।,জ্বর আইসসি।
দোকানে কি এল?,দোআনত কি আইসসি ?
"না, চার্জ দিতে হবে","অন্না,চাজ দিয়ম পরিবু"
কোথায় গামছা রাখেন?,গামছা ইয়েন হনডে রাহন দে?
"হ্যাঁ, ট্রলি ব্যাগ আছে","অয়অ,ট্রলি ব্যাগ আছে তো"
দশ টাকা গ্লাস।,দশ টিয়ার গলস ।
নতুন উঠেছে বাগানে।,নোয়া উইট্টি দে বাগানত।
কোথায় ছবি তোলেন?,ছবি হনডে তোলন দে?
কোথায় মিট করবি?,হডে মিট গরিবি?
"কাতলা মাছ, বিশেষ করে মাথার টুকরো","হাতাল মাছ, বিশেষ গরি মাথার টুরঅ"
কোন ধরনের মানুষ পছন্দ?,হন ডইল্লে মানুষ গম লাগে দে?
ফিউশন বাঙালি খাবার ট্রাই করতেছি,ফিউশন বাআলি হানার ট্রাই গরির
"হ্যাঁ, ওজন কমাচ্ছি","অয়অ,ওজন হমাদ্দি"
"হ্যাঁ, রান্না করে","অয়অ,রাধেদ্দে"
আপনি কি নিয়মিত হাসি-ঠাট্টা করেন?,অনে কি পইত্তেন হাসাআসি গরন না?
কিভাবে রান্না শেখেন?,রাধনি কেন গরি শিখন দে?
বাজারের কোন মাছ নেন?,বাজারত্তুন মাছ হন্ন কিনন দে?
আপনি কি নিয়মিত ব্যাংকে যান?,অনে কি পইত্তেন ব্যাংক অত যন না?
"হ্যাঁ, টেবিলে ব্যবহার করি","অয়অ, টেবিল ব্যবার গরি"
আপনার কি ডেস্ক ক্যালেন্ডার আছে?,অনত্তে কি ডেস্ক ক্যালেন্ডার আছে না?
ঠাকুরমার ঝুলির রূপকথা শুনতে মজা,ঠাকুমার ঝুলি কিস্তে ওইনতু গম লাগে
বাজারের কোন চা ভালো?,বাজারর চা হন্ন ভালাদে?
সাবান দিয়ে ধুয়েছি।,সাবান দিয়েরে ধুই ।
ভোর রাতে,পোয়াইত্তে
ভেজ নুডলস পছন্দ,ভেজ নুডলস গম লাগে দে
কার কাছে হাতের লেখা সুন্দর?,হার আথর লেহা সুন্দর দে?
কুরিয়ার কত দিনে পৌঁছাবে?,কুরিয়ার হদিনে পৌছিবু?
"হ্যাঁ, চাল খেতে","অয়অ,চইল হাইতু"
"হ্যাঁ, গান গায়","অয়অ,গান গায়"
"জি, পড়েছি","জি,পইজ্জি"
আপনি কি নিয়মিত ঘর মোছেন?,অনে কি পইত্তেন ঘর মোছন না?
কিভাবে সবজি কাটেন?,তরহারি কেন গরি হাডন দে?
কত বাজে?,কি বেডিক্ষে?
আপনি কি নিয়মিত খবরের কাগজ পড়েন?,অনে কি পইত্তেন হবরর হাগজ পড়ন না?
কোন ধরনের মাদুর পাতেন?,কিরহম মাদুর বিছন দে?
খেজুর গাছে কে?,হাজুর গাছত ইবে হন?
কোথায় ফিজিও করাবেন?,ফিজিও হডে গরিবেন দে?
বই পড়ে আর গান শুনে,বই পড়ি ইয়ের গান ওনি
বিরল প্রজাতির পাখি আর প্রাণী দেখি,এক ডইল্লে পাখি ইয়ের প্রাণী চাইর
সিঁড়িতে কি পড়ে?,সিঁড়িত কি পড়ে দে ?
কনসার্টে যাবেন নাকি?,কনসার্টত যাইবেন না?
ভোরের দিকে,পোয়াইত্তের ইক্কে
কোথায় যাবে ভাই?,হনডে যাইবেদে ভাই ?
আপনার কি ডেস্ক অর্গানাইজার আছে?,অনত্তে কি ডেস্ক অর্গানাইজার আছে না?
সংসার সামলে চাকরি করে দেশ গড়ছেন,সংসার সামলায় চরি গরি দেশ বানাইয়ি
বাংলাদেশের গণসংগীত কেমন?,বাংলাদেশর গন সংগীত কেন?
"সব কিছু পাওয়া যায়, রাতেও খোলা থাকে","বেগ কিছু পা যায়, রাতিয়েও খোলা থাগে"
মেঘলা দিন,মেয়িল দিন
বাংলাদেশের ঋতু পরিবর্তন কেমন?,বাংলাদেশর ঋতু পাল্টে কেন?
"কি রে, গানের ক্লাসে যাস না?",কিরে গানর কেলাসত ন যচ?
বারান্দার কোণায়,বারান্দার হোনাত
টেবিলের ড্রয়ারে,টেবিলুর ড্রয়ারত
বীজ পেলেন?,বীজ পাইয়ুন না?
দোলনা টাঙ্গানো।,ডুলন ঠাইক্ষে ।
রাস্তায় জ্যাম ছিল,রাস্তাত জাম আছিল
আপনার কি হ্যান্ড ফ্যান আছে?,অনত্তে কি হ্যান্ড ফ্যান আছে না?
কোন ধরনের আইসক্রিম পছন্দ?,আসক্রিম হন্ন মজা লাগে দে?
চুলায় দিয়ে,চুলত দিয়েরে
বিয়ে বাড়িতে কি খান?,বিয়ে বাড়িত কি হন দে?
বিয়ে বাড়িতে যাওয়ার সময়,বিয়ে বাড়িত যাইবের সমত
"হ্যাঁ, একটা কালার প্রিন্টার আছে","অয়অ,ওগগো কালার প্রিন্টার আছে দে"
গোছানো করে,গোছাইয়েরে
আপনি কি নিয়মিত ব্যাকআপ নেন?,অনে কি পইত্তেন ব্যাকআপ লন না?
"হ্যাঁ, দৈনন্দিন হিসাব","অয়অ,পত্তিনর ইসেব"
"হ্যাঁ, ব্যাংক এশিয়ার","অয়অ, ব্যাংক এশিয়াত"
হাতিরঝিলে সানসেট ভিউ দারুণ আসে,হাতিরঝিলে সানসেট ভিউ সুন্দর আইয়ি
"হ্যাঁ, মাঝে মাঝে হয়","অয়অ,মাঝে মাঝে অয় দে"
কোন ধরনের নতুন ব্যবসা করছেন?,কিরহম নতুন ব্যবসা গইত্তে লাইগ্গুন দে?
আজকের মিটিং কি ক্যানসেল?,আজিয়ের মিটিং কি কেনছেল না?
"শাক-সবজি আর ডিম, প্রতি সপ্তাহে","তরহারি ইয়ের ডিম, পইত্তেক সাপ্তাত"
সূর্য ওঠার আগে,সূজ্জূ উডিবের আগদি
"হ্যাঁ, মালা গাঁথি","অয়অ,মালা গাথির"
ডার্ক চকলেট পছন্দ,ডার্ক চকলেট গম লাগে দে
কখন আসবেন?,হত্তে আইবেন?
"হ্যাঁ, শুক্রবারে যাই","অয়অ,শুক্কুরবাদ্দিন যাইদি"
কবে নবান্ন খান?,নবান্ন কেন গরি হন দে?
কোথায় থাকেন?,হনডে লাইন?
"হ্যাঁ, ওজন মাপি","অয়অ,ওজন মাপিদ্দি"
আড়াইশো টাকা কেজি।,আড়াইশো টিয়া কেজি।
কোন সময় লেখার মেজাজ আসে?,হন সমত লেখতু মন চায় দে?
"জানালার পাশে, যেখানে প্রাকৃতিক আলো পড়ে","জানালার ডাগত,যেন্ডে ফঅর পরে"
মাছ কই পাব?,মাছ হডে পাইয়ুম দে?
পোলাও-কোরমা আর বোরহানি,পোলাও -হোরমা আর বোরহানি
লাইব্রেরিয়ানের কাছে,লাইব্রেরিয়ানত্তুন
বান্দরবানে কোন রিসোর্টে উঠবে?,বান্দরবনত হন রিসোর্ডত উডিবে?
তোদের এলাকার নতুন বিল্ডিং কেমন?,তোরার এলাহাত নোয়া নোয়া বিল্লিং কেন?
মুরগি কত সের হবে?,খুরঅ হ সের অয়বু ?
জামদানি কবে পরেন?,জামদানি শাড়ি হত্তে পরন দে?
বাংলা হস্তলিপি শিখছি এখন,বাংলা হস্তলিপি শিখিদ্দি এহন
কত টাকা খরচ পড়বে?,হরচ হটিয়া পড়িবু?
"না তো, কি হয়েছে বল।","নাতো,কি অইয়ি হ ।"
যেখানে মন চায়।,যেনডে মন চার ।
কিভাবে ফুল তোলেন?,ফুল কেন গরি তোলন দে?
আজকে কি হয়েছে?,কি অইয়ি আজিয়ে?
ফজরের নামাজ পড়ে চা খাই,ফজরর নামাজ পড়ি চা হায়
"হ্যাঁ, সকালেই এসেছে।",অয়অ বেয়িন্নে আইসসি দে।
দিঘির পাড়ে যেখানে ঘাট আছে,ডির পাড়ত যেনডে ঘাট আছে
এত মিষ্টি কেন?,এত মিডে কা ?
কোথায় বই কিনতে যান?,বই কিনিবেল্লায় হডে যন দে?
কি খবর অফিসের?,কি হবর অফিসুর?
তোর বাসার সামনে কি হচ্ছে?,তোর ঘরর সাম্মদি কি অর দে?
কোন ধরনের খড়কে ব্যবহার করেন?,হন ডইল্লে খেড় ব্যবার গরন দে?
ইফতার কখন?,ইস্তের অত্ত হত্তে ?
পরীক্ষার সময় কি করো?,পরীক্ষের সমত কি গরন দে?
ঢেকে রেখে,ঢাকি রাখিয়েরে
এত রাতে কোথায় যাচ্ছ?,এদ্দূর লাতিয়ে হডে যর?
চিচিংগার সাথে মিশিয়ে ঘণ্ট করি,হইদের লয় মিয়েইয়েরে গন্ড গরি
পাড়ার আড্ডায় কি হয়?,পাড়ার গফত কি অয় দে?
বাংলাদেশের ঐতিহ্য নিয়ে শর্ট ভিডিও,বাংলাদেশর ঐতিহ্য লয়েরে ছোট গরি ভিডিও
নিজের বিছানায়,নিজুর বিছেনত
আপনি কি নিয়মিত রিকোয়েস্ট করেন?,অনে কি পইত্তেন রিকোয়েস্ট পরন না?
উত্তরার সেক্টর নাইনে যাবি?,উত্তরার ন নম্বর সেক্টরত যাবি?
কোথায় ইনস্টল করবেন?,ইনস্টল হডে গরিবেন দে?
"ভাইয়া, লাইব্রেরিতে যাবে কখন?","ভাইয়ে, লাইব্রেরীত হত্তে যাইবেন?"
বাঙালি রান্নার বৈশিষ্ট্য কি?,বাআল অলর রান্না কেনে চিনিবু দে?
বউভাত অনুষ্ঠানে কি রান্না হয়?,বউ ভাত অনুষ্ঠানত কি রাধন দে?
মূলা কেমন?,মুলঅ কেন?
"ডার্ক কিচেন বানাইছি, অনলাইন অর্ডার নেই","ডার্ক কিচেন বানাই, অনলাইনুত অর্ডার লয়"
"স্যার, আমি কি একটু আসতে পারি?","স্যার, আই কি আইত পাইজ্জুম না?"
লাইব্রেরি থেকে,লাইব্রেরিত্তুন
কোথায় পানি খান?,পানি হনডে হন দে?
আজকে অফিসে কি ছিল?,আজিয়ে অফিসুত কি আছিল?
কিভাবে ফল কাটেন?,ফলফ্রুট কেন গরি হাডন দে?
পাঁচই জুন।,জুনুর পাঁচ তারিখ ।
খাবার অর্ডার দিয়েছেন?,খানা অর্ডার দিয়ুন না?
"ছাদের বাগান, যেখানে নানা রকম ফুল ফোটে","ছাদর বাগানত,যেন্ডে বউত ডইল্লে ফুল ফুডে"
আপনি কি নিয়মিত টেস্ট কেস লিখেন?,অনে কি পইত্তেন টেস্ট কেস লেহন না?
কাচ্চি বিরিয়ানি পছন্দ,কাচ্চি বিরিয়ানি গম লাগে দে
"শোনো না, কি গান বাজে?","ওনন না,কি গান বাজের ?"
গ্রামের উন্নয়ন কেমন হচ্ছে?,গেরামর উন্নতি কেন অর?
আপনার কি কুকবুক আছে?,অনত্তে কি কুকবুক আছে না?
কোন জায়গাটা এখন ট্রেন্ডি?,হন জাগা ইয়েন এহন দামি দে?
"লাইভ ট্র্যাকিং দিতেছি, কাস্টমার চায়","লাইভ ট্র্যাকিং দির, কাস্টমার লেগের"
"হ্যাঁ, দুপুরবেলা","অয়অ,দুইজ্জে"
ফুডপান্ডা সবচেয়ে ফাস্ট দেয়,ফুডপান্ডা বেজ্ঞুনু্ত্তুন ফাস্ট দে
আপনার কি ফ্রুট বাস্কেট আছে?,অনত্তে কি ফ্রুট বাস্কেট আছে না?
দেয়ালঘড়ি চলে?,দেবাল ঘরি চলের না ?
"রিফাত ভাই, প্রজেক্টটা কবে জমা দিতে হবে?","রিফাত ভাই, প্রজেক্ট ইবে হত্তে জমা দঅন পরিবু দে?"
কোথায় স্টাডি টুর যাবেন?,স্টাডি টুরুত হডে যাইবেন দে?
"সুমন ভাই, প্র্যাকটিস কখন শুরু করবেন?","সুমন ভাই, প্রেকটিস হত্তে শুরু গরিবেন?"
নাতনির অন্নপ্রাশন।,নাতিনুর ভাত তোয়ানি ।
কোথায় ফরওয়ার্ড করবেন?,ফরোয়ার্ড হডে গরিবেন দে?
লন্ড্রি শপে দিই,ধোলাত দিয়ুম দে
"লাইফস্টাইল কনটেন্ট, দৈনিক ভলগ টাইপের","লাইফস্টাইল কনটেন্ট,পইত্তেন ভলগ টাইপের"
কোথায় পার্কিং করবেন?,পার্কিং হডে গরিবেন দে?
মামু ভাইয়ের দোকানে সবাই ভিড় করে,মামু ভাইয়ুর দোআনত বেজ্ঞুনে লাইন ধরে
কোথায় মুদি জিনিস কেনেন?,বাজমালর জিনিস হত্তুন কিননদে?
আজ কিছু আসেনি।,আজিয়ে কিছু ন আইয়ি ।
শিফার দোয়া পড়ছি।,শেফার দোয়া পড়ির ।
পায়রা বন্দরে কি দেখেন?,পায়রা বন্দরত কি চন দে?
মসজিদে কখন যান?,মসদুত হত্তে যন দে?
কোন ধরনের বন্ধুত্ব পছন্দ?,কি রহম বন্ধুত্ব ভালা লাগে দে?
কেন এত ব্যস্ত আজকে?,আজিয়ে এতো ব্যস্ত ক্যা?
০১৭১২৩৪৫৬৭৮।,০১৭১২৩৪৫৬৭৮।
নতুন কি রান্না করেছেন?,নতুন রাইন্ধুন/রাইন্দুন দে?
গ্রামের হাটে দেখতে পাই,গেরামর আটখোলাত দেইদ্দি
তাহাজ্জুদ পড়েন?,তাহাজ্জুদ পড়ন না ?
শ্যামলীর ফুচকা খাবি নাকি?,শ্যামলীর ফুসকা হাবি নি?
"কি রে, নতুন কি বানাচ্ছস?",কি রে নোয়া কি বানছ দে?
মিষ্টি করে রাঁধব।,মিডে গরি রাইন্দুম ।
ডায়েরি কোথায়?,ডায়েরি হনডে ?
পূব দিকের জানালাগুলো,পুক ডদির জানালা ইয়িন
"পোলা রে, কি পড়ছিস?","পুয়া রে, কি পড়র ?"
স্টার কাফেতে,স্টার ক্যাফেত
কোন এলাকার সিঙ্গারা ফেমাস?,হন এলাহার সিঙারা নাম গরে দে?
কিভাবে চাল ধোন?,কেন গরি চইল দোন দে?
সিলেট এক্সপ্রেস।,সিলেট এক্সপ্রেস।।
নকশিকাঁথা আর পুতুল বিদেশে যাচ্ছে,নকশিকেথা ইয়েরর পুতুল বিদেশত যার
গ্রামের গান শহরে নতুন সাজে বাজাচ্ছে,গেরামর গান শঅরত নোয়া সাজে বাজাদ্দে
ফিতরা দিয়েছেন?,ফিতরা দিয়ুন না ?
আপনি কি নিয়মিত বেগুন খান?,অনে কি পইত্তেন বায়ুন হন না?
নতুন কোন জায়গায় শুট করলি?,নতুন হন জাগাত শুট গইজ্জুস দে?
"হ্যাঁ, দুপুরের খাবারে","অয়অ,দুইজ্জের হানার"
ফুলের বাগান পছন্দ,ফুলুর বাগান গম লাগে দে
"দুলাল রে, কোন গান শিখছো?","দুলাল রে,হন গান শিখর দে?"
পঁচাত্তর কেজি হবে।,পাচত্তর কেজি অইবু ।
মুগডালের ভাজি পছন্দ,মুগডাইলুর ভাজি গম লাগে দে
কার সাথে ঈদ করতে যান?,হার লয় ঈদ গইত্তু যন দে?
বনানীর নতুন খাবারের জায়গাগুলো ট্রাই করি,বনানীর নোয়া হানার জায়গা ইয়িন ট্রাই গরির
নারকেল দুধ দিয়ে মালাইকারি,নাইরকেলর দুধ দিয়েরে মালাইকারি
শাড়িতে পুরনো নকশার নতুন ব্যবহার,শাড়িত পুরন নকশার নোয়া ব্যবার
শিমের বীচি ফেলা হয়েছে?,চইয়ুর বীচি ফেলা অইয়ি?
গরমের দিনে বারান্দায় পেতে বসি,গরমর দিনুত বারান্দাত বিছেইয়েরে বয়
কার সাথে মিল বেশি?,হারলয় মিলে দে বেশি?
"হ্যাঁ, নতুন রেসিপি","অয়অ,নোয়া রেসিপি"
খড়ের চালের নিচে বসে পাখা হাতে করে গল্প করি,খেড়র চালর নিচে বইয়েরে বিছেন আথত গরি গফ মারি
এই চায়ের দোকানে চা কেমন?,এই চার দোআনত চা কেন?
কোন ধরনের কেক পছন্দ?,হন ডইল্লে কেক পছন্দ অনত্তে?
আপনার থিসিস টপিক কি?,অনোর থিসিস টপিক কি?
নদীর পাড়ে কি?,নদীর পাড়ত কি ?
কিভাবে বই সাজান?,বই কেন গরি সাজায় রাহন দে?
কিভাবে পড়া মনে রাখেন?,পড়া কেন গরি মনত রাহন দে?
বাংলা ওয়েব সিরিজ দেখেন?,বাংলা ওয়েব সিরিজ চন না?
"মামা গো, কি এনেছো আমার জন্য?","মামা রে,কি আইন্নু দে আর লায় ?"
খালের পাড় দিয়ে।,হালর পাড়দি ।
বাঙালি উৎসবে কি করেন?,বাআলর অনুষ্ঠানত কি গরন দে?
"হ্যাঁ, ঘণ্ট করে","অয়অ,গন্ড গরি"
এত হৈচৈ কিসের?,এত ছেনছেনা কিয়ুর ?
জমিদারি করতাম।,জমিদারি গইত্তাম ।
কোন ধরনের চিপস পছন্দ?,হন ধরনর বমভেজ ভালা লাগে?
চাঁদপুরের ইলিশ মাছ সবচেয়ে মিষ্টি,চাঁদপুরুর ইলিশ মাছ বেশি মিডে
"দুইটা কফি শপ খুলতেছে, কম্পিটিশন লাগবে","দুইটা কফি শপ খুলের, কম্পিটিশন লাগিবু"
বগুড়ার দই নিয়ে আসবে তো?,বগুড়ার দই লই আইবে তো?
কোন সময় ঘুম ভাঙে?,হন সমত ঘুম ভাঙ্গি যায় দে?
"হ্যাঁ, সিস্টেম পারফরম্যান্স","অয়অ,সিস্টেম পারফরম্যান্স"
বাছুরটা অসুস্থ।,ডেহা ইবে বেরমত পইজ্জি ।
পকেটে ছিল।,পকেটত আছিলু ।
"সকাল সকাল, শিশির না শুকাতেই","বেয়িন্নে শরে, শিশির পোঅইবের আগদি"
জামদানি শাড়ি কবে পরেন?,জামদানি শাড়ি হত্তে পরন দে?
"ফ্রিজের নিচের তাকে, পাকা-কাঁচা আলাদা করে","ফিরিজুর নিচুর থাগত,পাইক্ষে -কেচা আলাদা গলি"
কোন ধরনের পাখা ব্যবহার করেন?,হন ডইল্লে ফ্যান চলন দে?
রুমটা কেমন লাগছে?,রুম ইয়েন ক্যান লাগের?
"ওরে বাবা, এত টাকা কেন?","অবাজি,এত টিয়া কিয়ুর ?"
"স্যার, কাল প্রেজেন্টেশনটা কখন?","স্যার, হালিয়ে প্রেজেনটেশন হত্তে?"
ফজরের আজানে,ফজরর আজানত
গাছে পাকছে।,গাছত পাইক্ষি।
শুকনো জায়গায় রেখে,পোআনা জাগাত রাহিয়েরে
নতুন কোন খাবার শিখছস?,নোয়া হন হানা শিক্ষুছ দে?
গুগল ট্রান্সলেটে,গুগল ট্রান্সলেটে
"হ্যাঁ, হাঁটা শেখার জন্য","অয়অ,আটাআটি শিখিবেল্লায়"
কোন রকম গান শুনতে ভালোলাগে?,হন ডইল্লে গান ওইনতু গম লাগে দে?
কার কাছে পুরনো ছবি আছে?,হাত্তুন পুরন ছবি আছে দে?
দোয়া করছে।,দোয়া গরের ।
"হ্যাঁ, বসের কাছে","অয়অ,বসত্তুন"
আমার নীল রং পছন্দ।,আত্তে নীল রং গম লাগে দে।
কোন ধরনের মোমো পছন্দ?,কিরহম মোমো মজা লাগে দে?
বাড়ির উঠানে কি করেন?,ঘরর উডনত কি গরন দে?
কোন ধরনের বিছানা পাতেন?,কি রহম বিছানা বানঅ দে?
দেশের ক্ষুদ্র ব্যবসায়ীরা কি করেন?,দেশর গুর বিয়ারি/ব্যবসায়ী অল কি গরে দে?
কোথায় শলতে রাখেন?,চলই হনডে রাহন দে?
"লাল-সাদা শাড়ি পরে মেলায় যাই, পান্তা ইলিশ খাই","লাল -সাদা শাড়ি পরি মেলাত যাইর,পানিভাত ইলিশ হাইর"
আপনি কি নিয়মিত হাঁটতে যান?,অনে কি পইত্তেন আইটতু/ আটিবেল্লায় যন না?
পুরনো বাংলা পত্রিকার কাটিং জমাচ্ছি,পুরন বাংলা পেপারর কাটিং জমাইর
তোর এডস কেমন পারফর্ম করে?,তোর এডস কেন পারফর্ম গরে দে?
"আপু, তোমার শাড়িটা খুব সুন্দর!",আপু তোয়ার শাড়ি ইয়েন বউত সুন্দর?!
কোথায় ইম্পোর্ট করবেন?,ইম্পোর্ট হডে গরিবেন দে?
আপনি কি নিয়মিত ব্যাকআপ নেন?,অনে কি পইত্তেন ব্যাকাপ লন না?
আজকে কি বানাবেন?,আজিয়ে কি পাক গরিবেন?
ড্রাইভিং লাইসেন্স পেয়েছ?,ড্রাইভিং লাইসেন পাইয়্যু না?
পূব দিকের জানালায়,পুক ডদি জানালাত
কাপড়ে লাগাই,হরত লাগাই দি
স্টাডি রুমে,স্টাডি রুমুত
বড় ভাইয়ের কাছে,বড় ভাইয়ুত্তুন
আপনার কি ওয়াল ক্লক আছে?,অনত্তে কি ওয়াল ক্লক আছে না?
লাইফস্টাইল জিমে,লাইফস্টাইল জিমোত
"লেকের পাশে নতুন বেঞ্চ দিছে, ওখানে বসি","লেকর ডাগত নোয়া বেঞ্চত দিইয়ি, এনডে বয়"
পুকুরে মাছ ছাড়বেন?,পইরুত মাছ ফেলায়বেন না ?
লাল শাক আর পুঁই শাক বেশি রাঁধি,লাল শাক ইয়ের পুঁই শাক বেশি রাধিঁ দি
খাম লাগবে?,হাম লাগিবু না?
টিভিটা চলছে কেন?,টিভি ইবে চলের কেন ?
বাঙালি রাখালরা কি করেন?,বাআলর গরু চড়াইন্নে অলে কি গরে দে?
আপনার কি বাড়িতে শ্যামা পাখি আসে?,অনর ঘরত শ্যাম পাখি আইয়ি না?
কি নিয়ে ভাবছো?,কি লই ভাবোর?
বাঙালি ব্রেকফাস্ট মেনুতে ফিউশন টাচ দিচ্ছে,বাআলর ব্রেকফাস্ট মেনুতে ফিউশন টাচ দির
কোন ধরনের মিউজিক স্ট্রিম করেন?,হন ডইল্লে মিউজিক স্ট্রিমিং গরন দে?
কোন দিকে যাবো?,হনদি যাইয়ুম ?
তোমার মোবাইল নাম্বারটা দাও না,তোয়ার মোবাইল নম্বরগো দঅ না?
আপনার কি বাড়িতে মৌরি গাছ আছে?,অনর ঘরত মৌরি গাছ আছে না?
কোন ধরনের গান পছন্দ?,হনডইল্লে গান ভালা লাগে?
আপনার কি পুরনো ছবি আছে?,অনত্তে কি পুরন ছবি আছে না?
মায়ের ডাকের সাথে,মার ডাহর লয়
আজকে কি মন ভালো নেই?,আজিয়ে কি মনদিল ভালা নাই ?
কোথায় বসবে?,হন্ডে বইবে?
কি টাইপের কাপড় লাগবে?,হন টাইপুর হঅর লাগিবু?
আপনার কি ডাইনিং মেট আছে?,অনত্তে কি ডাইনিং মেট আছে না?
কোন ধরনের পরোটা পছন্দ?,কি রহম পরটা ভালা লাগে দে?
"হ্যাঁ, ক্লায়েন্টদের সাথে","অয়অ,অয়অ ক্লায়েন্টয় অলর লয়"
সকাল থেকে রাত পর্যন্ত দোকান খোলা রাখেন,বেয়িন্নেত্তুন রাতিয়ে পইজ্জুনত দোআন খোলা রাহন
সকালের দিকে,বেয়িন্নের ইক্ষে
কিভাবে শাক রান্না করেন?,শাক কেন গরি রাধন দে?
কোথায় হারালে?,হনডে আজাইয়ুন দে ?
হাতিরপুল থেকে,হাতিপুলুত্তুন
মল এর গ্যারেজে,মলর গ্যারেজে
গ্রিল ভেজিটেবল পছন্দ,গ্রিল ভেজিটেবল গম লাগে দে
নৌকা চলবে?,নৌক চলিবু ?
কোথায় যাবে পাগল?,হনডে যাইবু পঅলে ?
কোন ধরনের ফ্রুট জুস পছন্দ?,কিরহম ফলর জুস ভালা লাগে ?
আপনি কি নিয়মিত ভিডিও কল করেন?,অনেকি পইত্তেন ভিডিও কল গরন না?
"ভালো মানুষ, রাতেও জিনিস দেয়","ভালা মানুষ, রাতিয়েও জিনিস দেয়"
আজকে বিকেলে কি করবেন?,আজিয়ে বিয়েলে কি গরিবেন?
আপনি কি নিয়মিত এপিআই কল করেন?,অনে কি পইত্তেন এপি আই কল গরন না?
আপনার কি পুরনো চিঠি আছে?,অনত্তে কি পুরন চিডি আছে না?
কোন ধরনের টিপ পরেন?,হন ডইল্লে টিপ পরন দে?
সুখে-দুঃখে পাশে এসে দাঁড়ান,সুক্ষে-দুক্ষে ডাহত আয় তিএই
কোন পিঠা বেশি পছন্দ?,হন পিডে বেশি পোয়াদ লাগে দে?
দেশের লোকজ বাদ্যযন্ত্র কি কি?,দেশর লোকজ বাদ্যযন্ত্র/গান বাজানির যন্ত্র কি কি?
তোর পাড়ার নতুন মুদি দোকান কেমন?,তোর পাড়ার বাজমালর দোআন ইয়েন কেন?
মোরগ পোলাও পছন্দ,মোরগ পোলাও গম লাগে দে
কোথায় কুলো রাখেন?,কুল হনডে রাহন দে?
কোকিল পাখি।,কোকিল পাখি ।
"হ্যাঁ, অনলাইন ক্লাসের জন্য","অয়অ,অনলাইন কেলাসর লায়"
"হ্যাঁ, ফিলিপস আয়রন","অয়অ,ফিলিফস আয়রন"
কি খাওয়াবে আজ?,কি হাবাইবে আজিয়ে?
কি খবর?,কি হবর?
হাতের কাজে বাঙালির ঐতিহ্য বাঁচিয়ে রাখেন,আথর হামত বাআলর ঐতিহ্য বাঁচায় রাহে
আলু সিদ্ধ হয়নি।,আলু ন ইজে ।
আপনার কি বাগানে সবজি আছে?,অনর বাগানত কি সবজি তরহারি আছে না?
"হ্যাঁ, পুকুরে আসে","অয়অ,পইরুত আইয়ি"
এবার ভালো হয়েছে।,এবারা ভালা অইয়ি ।
কি করছেন?,কি গরন?
সমুদ্রে সূর্যাস্ত দেখি আর ঝিনুক কুড়াই,দইজ্জেত সূজ্জু ডুবনি চাইর আর অউক তোআইর
বিষয় অনুযায়ী,বিষয় অনুযায়ী
সরিষার তেল ব্যবহার করি,সরিষের তেল ডলি দি/ব্যাবার গরি দি
পাকা মিষ্টি পেঁপে,মিডে পাইক্ষে কুইয়ে
মহাস্থানগড়ে কাদের নিয়ে যাচ্ছো?,মহাস্থানগড় হারারে লই যাইতে লাইগ্গু?
কার গান শোনা যাচ্ছে?,হার গান ওনা যার দে?
আপনি কি নিয়মিত নাড়ু খান?,অনে কি পইত্তেন নাড়ু হন না?
গাছগাছড়া দিয়ে রোগ সারান,গাছগাছালি দি বেরাম হমান
কোথায় আতর মাখেন?,আতর হনডে মাহন দে?
নতুন হবি কি ধরছস?,নোয়া কি হবি/হাম দইজ্জুস দে?
"দাদুর কাছে, উনার ছোটবেলার গল্পগুলো খুব মজার","দাদুত্তুন,ইবেত্তুন গুর থাকতের কিস্তে ওইনতে বঅত গম লাগে"
জালালি কই মাছ কেমন লাগে?,জালালি হৈ মাছ কেন লাগে?
আপনি কি নিয়মিত প্রোগ্রামিং করেন?,অনে কি পইত্তেন প্রোগ্রামিং গরন না?
"কবিতা শুনি, চা খাই, আলোচনা করি","কবিতা ওনি,চা হায়,হতাবার্তা হইর"
"দেশি মুরগি, টাটকা মাছ আর নতুন শাক-সবজি","দেশি খুর,তাজা মাছ ইয়ের নোয়া শাকসবজি"
মনে পড়ে গেল।,মনত পড়ি গেইয়ি ।
ভাই লাইভ কমার্সের ঝামেলায় আছি,ভাই লাইভ কমার্সর ঝামেলাত আছি
কোন দিকে বাগানের ফুল সুন্দর?,হন ড দি বাগানর ফুল সুন্দর দে?
"হ্যাঁ, অয়েল পেইন্টিং","অয়অ,অয়েল পেইন্টিং"
সকাল সকাল,বেয়িন্ন শরে
পাখির কলতান।,পাখির ছেনছেনানি ।
বাঙালি দাদা-দাদীরা কি শেখান?,বাআলর দাদাদাদী অল কি শিখেয় দে?
কোন সিনেমা দেখবেন?,হত্তে সিনেমা চাইবেন ?
"মা গো, কি রান্না করছো?","মা গো,কি রাইনতে লাইগ্গু দে?"
এই রেস্টুরেন্টে আগে এসেছ?,এই রেস্টুরেন্টত আগে আইস্সু না?
হাফেজ সাহেব আসবেন।,হাফেজ সাআব আইবু।
গ্যাজেট কিনতে কিনতে পকেট ফাঁকা ভাই,গ্যাজেট কিনতে কিনতে পকেট ফুতু অয়গেইয়ি
"হ্যাঁ, সব কাটা শেষ।","অয়অ,বেগ হাডা শেষ ।"
মাছ ধরবেন?,মাছ ধরিবেন না ?
নিজের ডায়েরিতে মনের কথা লিখি,নিজুর ডাইরিত মনর হথা লেহি
দূরে কোথাও।,দুরে হনডে।
কাঁচের গ্লাস,কাঁচর গলস
"কি রে, কি খবর তোর?",কিরে কি হবর তোর?
আজকাল মাছের দাম অনেক বেড়ে গেছে,আইজকেল মাছর দাম বারি গেইয়ি
ড্রেসিং টেবিলে,ড্রেসিং টেবিলুত
লোকাল ব্র্যান্ডের জিনিস এখন দারুণ হয়,লোকাল ব্র্যান্ডর জিনাস এহন বউত ভালা অয়
তোর এলাকার নতুন ভাই কি করে?,তোর এলাহার নোয়া ভাই কি গরে দে?
দাদীর কাছ থেকে,দাদীত্তুন লয় দি
ঈদের আগের রাতে হাতে পরি,ঈদুর আগর রাতিয়ে আথত পড়ি
পূজার ঘরে,পূজর ঘরত
আপনি কি নিয়মিত ব্লাড শুগার চেক করেন?,অনে কি পইত্তেন ব্লাড সুগার চেক গরন না?
কোথায় বসে গল্প লিখেন?,হনডে বইয়েরে গফ মারন দে?
রাজবাড়ীর দই কেমন?,রাজবাড়ীর দই কেন?
"এডিটিং সফটওয়্যার কিনছি, কাজ ফাস্ট হবে","এডিটিং সফটওয়্যার কিন্নি, হাম ফাস্ট অইবু"
কোথায় আটকে আছো?,হন্ডে আটকি আছো?
"সোনালী ধানে ভরা মাঠ, মাঝে মাঝে চড়ুই পাখি","সোনালী ধানে ভরা মাঠ, মাঝে মাঝে চড়ুই পাখি"
বনশ্রীর নতুন দোকানটায় যাবি?,বনশ্রীর নতুন দোয়ানত যাবি?
মন ভালো থাকলে,মন ভালা থাগিলি
দেশের লোকশিল্পীরা কি করেন?,দেশর লোক শিল্ অলে কি গরে দে?
কি হল তোমার?,কি অইয়ি তোয়ার ?
কাপ্তাই লেকে কি করো?,কাপ্তাই লেগত কি গরন দে?
কোন ধরনের বাংলা পত্রিকা পড়েন?,হন ডইল্লে বাংলা পেপার পড়ন দে?
কোন সাইজের টিশার্ট পরেন?,হন মাপর গেঞ্জি পর দে?
কিভাবে চা বানান?,চা কেন গরি বানন দে?
আপনার কি বাড়িতে বুলবুলি আসে?,অনর ঘরত কি বুলবুলি আইয়ি না?
আপনি কি নিয়মিত ব্রাউজ করেন?,অনে কি পইত্তেন ব্রাউজ গরন না?
রাতে কখন ঘুমাতে যান?,রাতিয়ে হত্তে ঘুম যাইতু যন দে?
মশারি টাঙ্গাবেন?,মুশরি টাইক্ষুম না ?
আপনি কি নিয়মিত মার্জ করেন?,অনে কি পইত্তেন মার্জ গরন না?
কোথায় বসে গল্প করেন?,হনডে বয়েরে গফ মারন দে?
"স্কেচিং শিখতেছি, মাঝে মাঝে লেকে যাই","স্কেচিং শিখির, মাঝে মদ্ধে লেকত যাই"
"বাঙালি রেসিপিতে ভাল ভিউ আসে, শেয়ারও হয়","বাআলর রেসিপিত ভাল ভিউ আইয়ি, শেয়ারও অয়"
কাপ্তাই লেকে বোটিং করবে?,হাপ্তাই লেকত বোটিং গরিবে?
বাংলা ব্লগ কেন লেখেন?,বাংলা ব্লগ কিল্লে লেহন দে?
টিম মিটিংয়ে,টিম মিটিংওত
গানটা কার?,গান ইবে হার ?
কার কাছে গল্প বলেন?,হারে কিস্তে ওনন দে?
মোবাইলে টাকা-পয়সা কিভাবে রাখেন?,মোবাইলুত টিয়া পয়সে কেন গরি রাহন দে?
বিয়ের বাজনা বাজছে।,বিয়ের চঅন বাজের।
তোর কোর্সের স্টুডেন্ট কেমন?,তোরত্তে কমার্সর স্টুডেন্ট কেন?
আজকে কি রান্না করছিস?,আজিয়ে কি রান্না গইজ্জু?
ফরিদপুরের খেজুর গুড় কি করেন?,ফরিদপুরুর হাজুরুর মিডে কি গরন দে?
কোন সময় লাইভ করস?,হন সমত লাইভ গরছ দে?
কোথায় আয়না রাখেন?,আনা হনডে রাহন দে?
"বল না, কি বলবি।","হচুনা,কি হবি ।"
"পেঁয়াজ-রসুন দিয়ে, সামান্য মরিচ মিশিয়ে ভাজি","পিয়েজ রসুন দি,ইক্ষিনি মরিচ মিয়েইয়েরে ভাজি গলি"
আপনার এক্সপার্টাইজ কি?,অনোর এক্সপার্টাইজ কি?
বাংলাদেশি গেমস খেলেন?,বাংলাদেশিগেম খেলন না?
কলাপাতা আনতে হবে?,কেলা পাতা আনম পরিবু ?
আপনার কি বাড়িতে পালং শাক আছে?,অনর ঘরত কি পালনশাক আছে না?
বাসায় কি বিদ্যুৎ আছে?,ঘরত কারন আছে না?
পাড়ার পুকুরে কি?,পাড়ার পইরুত কি ?
সাভারে পিকনিক স্পট কোথায়?,সাভারত পিকনিক স্পট হডে?
একটা নিয়ে ফোকাস করা ইজি,এক্ষান লয়েরে ফোকাস গরন ইজি/সহজ
কোন ধরনের ভাপাপিঠা পছন্দ?,কি রহম দুপিডে মজা লাগে দে অনত্তে?
পুরনো ঢাকায় কেন যান?,পুরন ঢাহাত কিল্লে যন দে?
নরসিংদীর লাচ্ছা কি করেন?,নরসিংদীর লাচ্ছা সেমাই কি গরন দে?
নতুন কোন প্ল্যাটফর্মে আছস?,নতুন হন প্লাট ফর্মত আছচ দে?
"হ্যাঁ, রাতে আসে","অয়অ,রাতিয়ে আইয়ি দে"
কি খেতে ভালোবাসেন?,কি হাইতে ভালোবাসন?
আজকে কি কাজ আছে?,আজিয়ে কি হাছ আছে না?
খুব ভালো হয়েছে,বঅত ভালা অইয়ি
অরিজিনাল আইফোন চার্জার,অরিজিনাল আইফোন চার্জার
শ্বশুরবাড়ির লোকজনের সাথে,অরুবাড়ির মাইনষুর লয়
টাটকা ইলিশ পেয়েছি।,তাজা ইলিশ পাই ।
কোথায় মেহমান রাখবেন?,মেমান হডে রাখিবেন দে?
কোন ধরনের গ্লাস ব্যবহার করেন?,কি রহম গলসত গরি পানি হন দে?
স্লাইডগুলো রেডি?,স্লাইড এগুন রেডি না?
প্রাচীন বৌদ্ধ বিহারের ধ্বংসাবশেষ দেখি,প্রাচীন বৌদ্ধ বিহারের ধ্বংসাবশেষ চাইর
সব ধর্মের উৎসবে সবাই আনন্দ করে,বেগ ধর্মর উৎসবত বেজ্ঞুনে আনন্দ গরে
"না, মাঠে গেছেন।","না,মাডত গেইয়ুন না ।"
বাঙালি সাহিত্যের বৈশিষ্ট্য কি?,বাআল অলর সাহিত্য চিনে কেনে?
আপনি কি রেগুলার ব্লগ লেখেন?,অনে কি পত্তেইন ব্লগ চন না?
পুরানো গান নতুন সুরে গাই সবাই মিলে,পুরন গান নোয়া সুরে গাদ্দে বেজ্ঞুনে মিলি
ফরিদপুরের খেজুর গুড় কেমন?,ফরিদপুরুর হাজুরুর মিডে কেন?
আপনার কি স্মার্ট স্কেল আছে?,অনত্তে কি স্মার্ট স্কেল আছে না?
সাদা সুতির চাদর,সাদা সুতির চাদর
আপনার কি ওয়াল ক্লক আছে?,অনত্তে কি ওয়াল ক্লক আছে না?
তোর গ্রামে কি হল?,তোর গেরামত কি অইয়ি দে ?
জামা শুকিয়েছে?,হোত্তা পুঅয়ি না ?
দুধ জ্বাল দিয়েছি।,দুধ জ্বাল দি।
দেশের রাজনীতির খবর,দেশর রাজনীতির হবর
বাংলাদেশি ব্র্যান্ডের দোকানে জামাকাপড় দেখি,বাংলাদেশি ব্র্যান্ডের দোআনত হরচোর চাইর
মন খারাপ।,মন হারাপ ।
"গোয়ালা ভাই, কি দুধ আনলে?",গোআইল্লে ভাই কি দুধ আইন্নুন দে?
কোথায় বসে আড্ডা জমে?,হনডে বইয়েরে গফ ভালা অয়দে?
কোন ধরনের উৎসব পছন্দ?,হন ডইল্লে অনুষ্ঠান ভালা লাগে দে?
কিভাবে খাবার পরিবেশন করেন?,হানা কেন গরি সাজায় দিয়ন দে?
কোন সময় পড়াশোনা করেন?,হন সমত পড়ালেহা গরন দে?
"রুফটপে বসার জায়গা আছে, বন্ধুরা আসে","রুফটপত বয়বের জাগা আছে, বন্ধু অলে আইয়ি"
"কাশফুল দোলে, শিউলি ঝরে, পাখি ডাকে","কাশফুল চাইর,শিউলি ঝড়ের,পাখি ডাহের"
মালী ভাই আসে,মালী ভাই আইয়ি দে
কোন সময় হাঁটতে বের হন?,আডিবেল্লায় হত্তে বাইর অন দে?
মুক্তিযুদ্ধের স্মৃতি মনে করিয়ে দেয়,মুক্তিযুদ্ধর হথা মনত গরায় দেয়
কোথায় চিরুনি রাখেন?,অনি হনডে রাহন দে?
কোথায় লাঠি রাখেন?,লাডি হডে রাহন দে?
"বড় বড় ইলিশ মাছ বরফে ঢাকা, দর কষাকষি চলে","ডঅর ডঅর ইলিশ মাছ বরফে ডাইক্ষে,দরদার গরে"
বাজারে যাবা আমার সাথে?,বাজারত যাবি আর লগে?
"হ্যাঁ, গ্রামের বাড়িতে","অয়অ,গেরামর বাড়িত"
শহীদদের স্মরণে ফুল দিয়ে আসি,শহীদ অলর লায় ফুল লয় আইর
পায়েস আর পোলাও পরিবেশন করি,পায়েস ইয়ের পোলাভাত বারি দির
দেশি খাবার বানানোর রেসিপি আর ট্রাভেল ছবি,দেশি হানা বানাইবের রেসিপি আর ট্রাভেল ছবি
ছাদের চেয়ারে,ছাদর চেয়ারুত
গ্রোসারি আর মেডিসিন ডেলিভারি,গ্রোসারি ইয়ের মেডিসিন ডেলিভারি
"ঝালমুড়ি-চানাচুর বানায়, মজার টেস্ট","ঝালমুড়ি-চানাচুর বানায়, মজার টেস্ট"
পান খাচ্ছে।,পান হার ।
আকাশে চিল উড়ছে।,আকাশত চিল উড়ের ।
মুস্তাহাব কি?,মুস্তাহাব কি ?
স্মার্ট গ্রামে কি হচ্ছে?,স্মার্ট গেরামত কি অদ্দে?
কোন পথে যাবে মাসি?,হন পথদি যাইবেন দে মাসি ?
আপনার কি সোপ ডিসপেনসার আছে?,অনত্তে কি সোপ ডিসপেনসার আছে না?
তোমার ছুটি কবে শুরু?,তুয়ার ছুটি হত্তে শুরু?
ঘরের রান্না,ঘরর রান্না
"পাড়ার লাইব্রেরি থেকে, সপ্তাহে দুইটা করে","পাড়ার লাইব্রেরিত্তুন, সপ্তায় দুঅ গলি"
গম লাগবে?,গম লাগিবু না ?
মেলায় কি দেখতে যান?,মেলাত মাইজ্জি কি চাইতু যন দে?
কোন বাজারে সবজি সস্তা?,হন বাজারত তরহারি অস্তা দে?
কোথায় ওষুধ কিনবেন?,ওষুধ হত্তুন কিনিবেন দে?
আপনার কি বাড়িতে ঢেঁড়স আছে?,অনর ঘরত কি ঢেঁড়স আছে না?
মুরুব্বিরা বসেছেন।,মুরব্বি বইসসি ।
কিভাবে ঘর সাজান?,ঘর কেন গরি সাজান দে?
রুটি আর ডিম,রুটি ইয়ের ডিম/আন্ডা/ বজা
টমেটো পেকেছে?,হরবায়ুন পাইক্ষিনা??
খুব মিষ্টি দই।,বউত মিডে দই ।
বীচি ফেলে দিয়েছি।,বীচি ফেলায় দি।
আপনি কি নিয়মিত সেভ করেন?,অনে কি পইত্তেন সেভ গরন না?
কার সাথে রান্না করেন?,হারলই এক ওয়ারে রান্না গরন দে?
"হ্যাঁ, সকালবেলা","অয়অ,বেয়িন্নে"
টাটকা দেখে দেখে,তাজা চায় চায়
মায়ের রান্না সবচেয়ে ভালো,মার রান্না বেজ্ঞুনুত্তুন বেশি পোয়াদ দে
কোথায় নাস্তা করেন?,নাস্তা হনডে গরন দে?
আপনি কি নিয়মিত ফল কেনেন?,অনে কি পইত্তেন ফলফ্রুট কিনন না?
আপনি কি নিয়মিত টার্গেট সেট করেন?,অনে কি পইত্তেন টার্গেট সেট গরন না?
আধা কেজি আছে।,আধা কেজি আছে ।
ঘাটে কি হচ্ছে?,ঘাটত কি অর দে?
আপনার কি খালার বাড়ি আছে?,অনত্তে কি হালার বাড়ি আছে না?
বাবল উঠতে শুরু করেছে।,বলহা উইটতু শুরু গইজ্জি ।
গ্রীন রোডের দোকানে যাচ্ছ?,গ্রিন রোডর দোয়ানত যর দে না?
"দাদু গো, কোন গল্প বলবে?","দাদা রে,হন কিস্তে হ না?"
খাবার অর্ডার দাও কখন?,হানার অর্ডার হত্তে দিয়ন দে?
কি খাবেন?,কি পাইবেন?
"করিম চাচার মুদির দোকান, বাকিও দেয়","করিম চাচার বাজমালর দোআনন, বাইক্ষেও দেয়"
বাঙালি শ্বশুর-শাশুড়ি কেমন?,বাআলর অর-অরি অল কেন?
টাটকা বানিয়ে দিচ্ছি।,তাজা বানাই দির।
"রিলস বানাই, ফলোয়ার বাড়ে ভালো","রিলস বানাইর, ফলোয়ার বাড়ে ভালা"
ধারালো ছুরি দিয়ে,ধারাইল্লে ছুরি দি
বড়দের শ্রদ্ধা আর ছোটদের স্নেহ,মুরুব্বি অলরে সম্মান গরন আর গুর অলরে আদর গরন
"হ্যাঁ, শীতের সময়","অয়অ,শীতকাইল্লে"
চটপটি কেমন পছন্দ?,চটপডি কেন লাগে দে?
তারা দেখা যাচ্ছে?,তারা দেহা যার না ?
জাল ফেলি আর মাঝিদের ভাটিয়ালি শুনি,জাল ফালাইর আর মাঝি অলর ভাটিয়ালি ওনি
হনেয় কুইন পছন্দ,হানি কুইন গম লাগে দে
নতুন ফ্ল্যাটে কেমন লাগছে?,নতুন ফ্ল্যাটত ক্যন লাগের?
আপনি কি নিয়মিত ফুল তোলেন?,অনে কি পইত্তেন ফুল তোলেন না?
"না, ঠিক আছে","না, ঠিক আছে"
পাবনার বিখ্যাত খাবার কি?,পাবনার নামগরা হানা কি?
কোথায় চুল কাটান?,চুল হডে হাডন দে?
কোন ধরনের গান গাইতে পারেন?,হন ডইল্লে গান গাইত পার দে?
লালবাগ কেল্লায়।,লালবাগ কেল্লাত।।
কার্তিক মাসে ছাড়ব।,হাতি মাইসসে ছাড়িবু দে।
পরোটা বেলুন।,পরটা বেলন ?
দেশি কটন আর হ্যান্ডলুম প্রোডাক্ট,দেশি কটন ইয়ের হ্যান্ডলুম প্রোডাক্ট
কাজটা কতক্ষণে হবে?,হাম ইয়েন হতক্কনে অইবো?
ভাঁজ করা ছাতা,ভাজ গইজ্জে ছাতি
বাংলা মিউজিক অ্যাপে কি শোনো?,বাংলা গানর অ্যাপত কি ওনন দে?
গ্রামের মেয়েদের শিক্ষা কেমন?,গেরামর মাইপুয়া অলর শিক্ষে কেন?
বাড়ির কোন জায়গায় ফুল ফোটে?,ঘরর হন জাগাত ফুল ফুডে দে?
বাজার থেকে কি আনবেন?,বাজারত্তুন কি আনিবেন দে?
বাড়ির কোন জায়গায় বই রাখেন?,ঘরর হন জাগাত বই রাহন দে?
মিষ্টি পাকাচ্ছেন?,মিষ্টি পাগাইতে লাইগ্গুন না ?
বাঙালি মিষ্টি কি পছন্দ?,বাআলত্তে কি মিষ্টি গম লাগে দে?
এক চামচ দিন।,এক চামিচ দিয়ন ।
কিভাবে জামা ভাঁজ করেন?,হোত্তা কেন গরি ভাজ গরন দে?
প্রাচীন ঐতিহ্যের সাথে নতুনত্বের মেলবন্ধন,পুরন ঐতিহ্যর লয় নোয়া অলর মিলবাধন
কোন ধরনের আলাপ করেন?,কি রহম হথাবার্তা হ দে ?
কাশফুলের মাঠে হাঁটি আর নীল আকাশ দেখি,কাশফুলুর মাডত আডি আর নীল আকাশ চাইর
ট্রেন্ডিং মিউজিক দিয়ে ফুড রিভিউ করি,ট্রেন্ডিং মিউজিক দিয়েরে ফুড রিভিউ গরি
শীতের সকালে কি পান?,শীতকাইল্লে বেয়িন্নে কি পন দে?
মহিষ চরে বেড়াচ্ছে।,মইষ চড়ে বেড়ার ।
"হ্যাঁ, সাদা ফুল ফোটে","অয়অ, পইত্তেন ফুল ফুডে"
কোথায় ডেট করবে?,হন্ডে ডেট গরিবে?
মাছটা কাটা হয়েছে?,মাছ ইবে হাডা অইয়ি না ?
দুই দিন রেস্ট নিতে বললেন,দুই দিন জিরেয়তু হন গো
হাত ধুয়েছেন?,আত দুইয়ি না?
কোথায় কাপড় শোকান?,হরর দোআন হডে?
"ফিউশন বাঙালি খাবার, ইনস্টা-ওয়ার্দি লুকও আছে","ফিউশন বাআলি হানা, ইনস্টা-ওয়ার্দি লুকও আছে"
আপনার ছেলে কোথায় পড়ে?,অনর পোয়া হনডে পড়ে দে?
লোকাল আর্টিস্টদের পেইন্টিং এক্সিবিশন হয়,লোকাল আর্টিস্ট অলরে পেইন্টিং এক্সিবিশন অর
উঠানে এঁকে থাকি,উডনত আকিঁ থাগি
চিড়া-মুড়ি মাখার জন্য সংগ্রহ করি,চোড়- মুড়ি মাখিবেল্লায় যোগার গরির
"হ্যাঁ, ফিলিপস ব্র্যান্ডের","অয়অ,ফিলিপস ব্র্যান্ডর"
"হ্যাঁ, টাইপিংয়ের জন্য","অয়অ, টাইপিংঅর রায়"
বাড়ির কোন অংশ প্রিয়?,ঘরর হন জাগা ইয়েন বেশি গম লাগে দে?
নতুন গুড় এসেছে।,নোয়া মিডে আইসসি।
কিভাবে শাক বাছেন?,শাক কেন গরি বাছন দে?
আপনার কি বাগানে বেঞ্চ আছে?,অনর বাগানত কি বেঞ্চ আছে না?
শরতের আকাশের মতো উজ্জ্বল আনন্দ,শরতের আকাশর মতন উজ্জ্বল আনন্দ
দু'দিনের মতো আছে।,দুই দিনুর মতন আছে ।
সীমিত সুযোগেও দেশের জন্য লড়াই করে,হম সুযুগত অ দেশর লায় যুদ্ধু গড়ে
কোন সময় ঘুম ভাঙে?,ঘুম হন সমত ভাঙ্গি যায় দে?
কোন সময় ঘুম ভাঙে?,ঘুম হটা বাজে ভাঙ্গে দে?
নতুন অফিস রুমে,নোয়া অফিসুর রুমুত
রহস্য উপন্যাস পড়তে খুব ভালোলাগে,কাহিনী ওলা উপন্যাস পইত্তু গম লাগে দে
কেন এমন?,এন কা?
কোন ধরনের পরিবেশ ভালো লাগে?,হন ডইল্লে পরিবেশত গম লাগে দে?
স্কেল দেখছেন?,স্কেল দেক্ষুন না ?
কার সাথে ঘুরতে যান?,হার লয় ঘুইত্তু যন দে?
"আগুন পোহাই, গরম চা খাই, দাদুর গল্প শুনি","অওন পোআয়,গরম চা হাই,দাদুর হথা ওনি"
জাদুঘরে গিয়ে পুরনো কারিগরি দেখি,জাদু ঘরত যায় পুরন হারিগরি চাইর
পদ্মা নদীতে যাব।,পদ্মা নদীত যাইয়ুম ।
ক্লায়েন্টের অফিসে,ক্লায়েন্টর অফিসুত
এখানে কি ডেলিভারি দেন?,এন্ডে কি ডেলিভারি দন না?
রেজিস্ট্রার অফিসে,রেজিস্টার অফিসুত
কোন টাইমে আসব?,হন টাইমুত আইস্সুম?
"না, চিনি ছাড়াই","না,চিনা বাদে"
বটতলায় কি হয়?,বট গাছর তলাত কি অয় দে?
তোর ফুড ব্লগ কেমন চলে?,তোর ফুড ব্লগ কেন চলের?
ভোরের নাস্তায় কি খান?,বেয়িন্নে নাস্তা হনডে হন দে?
মাছ ধরছে।,মাছ ধরের ।
কোন ধরনের রোল পছন্দ?,রোল হন্ন গম লাগে দে?
পুকুর পাড়ের দুপুর কেমন?,পইরু পাড়ত দুইজ্জে কেন?
গতকাল দিয়ে এসেছি।,গত হালিয়ে লয় আইসসি দি ।
ছোট ভাইয়ের সাথে,ছোট ভাইয়ুর লয়
আলমারির তাকে,আলমারিত্তুন
দেড় কেজি উঠল জালে।,দেড় কেজি উইট্টি জ্বালত ।
কোথায় খেলা করেন?,হনডে খেলন দে?
মৌসুমি ফল,সিজনর ফলফ্রুট
বন্ধুদের সাথে কোথায় জমে?,বন্ধু অলর লয় হনডে মজা অয় দে?
কোন ধরনের উনুন ব্যবহার করেন?,কিরহম চুল ব্যবার গরন দে?
বাস কখন আসবে?,বাস হত্তে যাইবু?
বাসায়,ঘরত
নারকেল কোরা হয়নি।,নাইরকুল হোরা ন অয় ।
"এখনো তেমন না, তবে স্পনসরশিপ আসে মাঝে মধ্যে","এহনো তেমন ন, তবে স্পনসরশিপ আইয়ি মাঝে মইদ্ধি"
মুরগি কত টাকা?,খুর হ টিয়া ?
"হ্যাঁ, ইমার্জেন্সির জন্য","অয়অ,জরুরির রায়"
কোথায় কাপড় কিনতে যাস?,হর কিন্তু হনডে যচ দে?
খুব মিশুক। সবার সাথে গল্প করে,বেশি মিশুক। বেজ্ঞুনুর লয় মাথে
শীতের রাতে কি করেন?,শীতকাইল্লে রাতিয়ে কি গরন দে?
দুধ-চিনি দিয়ে,দুধ -চিনি দিয়েরে
হৃদ্যতাপূর্ণ কথা,মনত লাগে দে হথা
কোথায় চটি রাখেন?,সেনটল হডে রাহন দে?
আপনার কি ফ্রিজ থার্মোমিটার আছে?,অনত্তে কি ফ্রিজ থার্মোমিটার আছে না?
কাজি সাহেব আসবেন।,হাজি সাব আইবু।।
আপনার কি এসি সার্ভিস করা লাগবে?,অনত্তে কি এসি সার্ভিস গরন পরিবুনা?
বাংলা চলচ্চিত্রে কি দেখেন?,বাংলা সিনেমা কি চন না?
কোথায় যাবে পোলা?,হনডে যাইবু পুয়া?
নতুন বউভাত কোথায় করবি?,নোয়া বউ ভাত হডে গরিবি দি?
কার কাছে রান্না শিখলেন?,হাত্তুন রান্না গরনি শিক্কুন দে?
মোট তিনশো টাকা হলো।,মোটমাট তিনশ টিয়া অইয়ি ।
বর্ষার দিনে কি করেন?,বর্ষাহাইল্লে কি গরন দে?
লাইব্রেরিতে,লাইব্রেরিত
টক-ঝাল মিশিয়ে বানাতে ভালোবাসি,হর-ঝাল মিয়েই বানাইতু গম লাগে দে
কি হবে?,কি অইবু?
কিভাবে ঘর গোছান?,ঘর কেন গরি গুছন দে?
স্টাডি রুমে,স্টাডি রুমুত
বাজারের কোন দোকানে যান?,বাজারন হন দোআনত যন দে?
কোন ধরনের পাটি বিছান?,হন ডইল্লে পাডি বিছন দে?
"মেয়েদের টাইম আলাদা আছে, ইকুইপমেন্টও ভালো","মাইপুয়া অলর টাইম আলাদা আছে, ইকুইপমেন্টও ভালা"
বাংলাদেশের যুবকরা কি ভাবে?,বাংলাদেশর জোয়ান অলে কি ভাবে দে?
কোথায় বই পড়েন?,বই হনডে পড়ন দে?
কেন এসেছো?,কিল্লে আইসসু দে?
নতুন এসেছে।,নোয়া আইসসি।
"হ্যাঁ, সেলস ডাটা","অয়অ,সেলস ডাটা"
ছাদের বাগান,ছাদর বাগানত
বৃষ্টির সময়,ঝড়র সমত
মণ প্রতি হাজার টাকা।,মন আজার টিয়া ।
"হ্যাঁ, চচ্চড়ি করে","অয়অ,চচ্চরি গরি"
"ড্রাইভার ভাই, এয়ারপোর্ট যাবেন?","ড্রাইভার ভাই, এয়ারপোডত যাইবেন না?"
আপনার কি বাড়িতে করলা আছে?,অনর ঘরত কি তিতে হরলা আছে না?
টেবিলের ড্রয়ারে,টেবিলুর ড্রয়ারত
"কি রে, তোর সেই চ্যানেল কি হলো?",কি রে তোর চ্যানেল ইবের কি অইয়ি?
দোয়েল পাখি কোথায় দেখেন?,দোয়েল পাখি হনডে দেহন দে?
সরল স্বভাব পছন্দ,সহজ সরল গম লাগে দে
লালনের গান গাইব।,লালনর গান গাইয়ুম ।
ভোরের হাটে কি পান?,পোয়াইত্তে আটখোলাত কি পা যায় দে?
সাবস্ক্রিপশন রিনিউ করবে?,সাবস্ক্রিপশন কি রিনিউ গরিবে?
নতুন মিউজিক ভিডিও কি দেখলে?,নতুন গানর ভিডিও কি চাইয়ুন না?
কি আনলে হাটে?,কি আইনুন আটত ?
লাল পাড় সাদা শাড়ি,লাল পাড়র সাদা শাড়ি
কোন ধরনের বিস্কুট খান?,হন ডইল্লে বিস্কুট হন দে?
পহেলা বৈশাখে কি করেন?,পইলা বৈশাকত কি গরন দে?
আজকে অফিসে যাবেন না?,আজিয়ে অফিসুত ন যাইবেন?
কাপড়ে মাখি,হরত মাখি দি
কোন ধরনের খাবার রান্না করেন?,হন ডইল্লে হানা রাঁধতে লাইগগু দে?
"হ্যাঁ, দেয়ালে আছে","অয়অ,দেবালত আছে দে"
কোন দিকে বাগানের ফুল বেশি?,বাগানর হনদিফুল বেশি থাগে দে?
"হ্যাঁ, বন্ধুদের","অয়অ,বন্ধু অলর"
"গুলশানে, টারগেট করপোরেট মানুষ","গুলশানত, টারগেট করপোরেট মানুষ"
আপনার কি বাড়িতে ইঁদুর আছে?,অনর ঘরত কি অন্দুর আছে না?
"হ্যাঁ, গ্রাফিক্স ডিজাইন করি","অয়অ, গ্রাফিক্স ডিজাইন গরি ত"
বাক্সে সাজিয়ে,বাক্সত সাজাইয়েরে
পকেটে রাখি,পকেটত রাহি দি
"মাসিক থ্রি কে, সব ইকুইপমেন্ট আছে","মেসে থ্রি কে ,বেগ ইকুইপমেন্ট আছে"
কোথায় ব্রেকফাস্ট করতে যাস?,বেয়িন্নে নাস্তা গরিবেল্লায় হনডে যন দে?
নতুন শপিং মলে কি হয়?,নতুন শপিং মলত কি অয় দে?
লাইট চলে?,লাইট জ্বলের না ?
নিরিবিলি কোণে,নিজেপত হুনুত
কি টাইপের ডিজাইন চান?,হন টাইপুর ডিজাইন চন?
আলুর দম আর সালাদ দিয়ে,আলুর দম ইয়ের সালাদ দিয়েরে
সাধারণ ঘরোয়া রান্না,সাধারন ঘরর রান্না
"ছাদের কোণায়, চাঁদের আলোয়","ছাদর হোনাত,চাদঁর ফঅরত"
"হ্যাঁ, মাসে একবার","অয়অ,মাসে একবার"
"হ্যাঁ, ছোটগল্প লিখি","অয়অ, ছোটগল্প লেখি দি"
"মা, শনিবার বন্ধুরা আসবে কিন্তু","মা, শনিবারে আঁর বন্ধু অল আইবু কিন্তু।"
নতুন খাবারের দোকানে কি পেলে?,নোয়া হানার দোআনত কি পাইয়ুন দে?
জেলেপাড়ার বসতি।,জাইল্লে পাড়ার বসতি ।
বাঙালি পল্লীকবিরা কি করেন?,বাআলর গেরামর কবি অল কি গরে দে?
কোথায় কাতা রাখেন?,কেতা হনডে রাহন দে?
আপনি কি নিয়মিত ট্যাগ করেন?,অনে কি পইত্তেন ট্যাগ গরন না?
হলুদ সুতো আছে।,হলুদ সুত আছে না ।
জাপানি ভাষা শিখছি,জাপানি ভাষা শিখিদ্দি
কিভাবে পান সাজেন?,পান কেন গরি সাজান দে?
জামালপুর রিসোর্টে,জামালপুর রিসোর্টে
কোন ধরনের হেলথ অ্যাপ ব্যবহার করেন?,হন ডইল্লে হেলথ অ্যাপ ব্যবার গরন দে?
বাসার কাছের মসজিদে,ঘরর ডাগদি মসদুত
কোন ধরনের গিগ ওয়ার্ক করেন?,হন ডইল্লে গিগ ওয়ার্ক গরন দে?
কই চাকরি করস এখন?,চরি হনডে গরছ দে এহন?
আপনি কি নিয়মিত খোঁজখবর নেন?,অনে কি পইত্তেন পোচারাপোচার গরন না?
কিভাবে ফুল সাজান?,ফুল কেন গরি সাজান দে?
কার সাথে দেখা করতে যাবেন?,হার লয় দেহা গইত্তু যাইবেন দে?
"মোহাম্মদপুরে থাকে, রাতে থেকে আসি","মোহাম্মদপুরুত থাগে, রাতিয়েত্তুন আইয়ি"
কোথায় বসে প্রেপারেশন নেব?,হন্ডে বইয়েরে প্রিপারেশন লইয়ুম?
নিজের রান্নাঘরে,নিজুর পাকঘরত
কার সাথে সকাল হয়?,হার লয় বেয়িন্নে অয় দে?
লাল-সাদা জামা পরে মেলায় যাই,লাল-সাদা হোত্তা পরি মেলাযত যাইর
কোন ভাষা জানেন?,হন ভাষা জানন ?
বাগানে।,বাগানত।
স্টার হোটেলের কাচ্চি বিরিয়ানি খাই,স্টার ওটেলত কাচ্চি বিরিয়ানি হাইর
আপনি কি নিয়মিত ইউটিউব দেখেন?,অনেক কি পইত্তেন ইউটিউব চন না?
ভর্তা বাটা হয়েছে?,ভর্তা বাডা ওইয়ি না ?
কোন গানটা বাজাবো?,হন গানগো বাজাইয়ুম?
বসন্ত কাল।,বসন্ত হাল।
শরবত ঠাণ্ডা হয়েছে?,শরবত ঠান্ডা অইয়ি না ?
আপনার কি বাড়িতে তুলসী গাছ আছে?,অনর ঘরত কি তুলসী গাছ আছে না?
মালপোয়া করবেন?,মালপোঅ গরিবেন না ?
কাচ্চি বিরিয়ানি আর বোরহানি অর্ডার করি,কাচ্চি বিরিয়ানি আর বোরহানি অর্ডার গরি
আমগাছে বসে ডাকছে।,আম গাছত বইয়েরে ডাহের ।
আপনার কি ডিজিটাল ঘড়ি আছে?,অনত্তে কি ডিজিটাল ঘড়ি আছে না?
দেশি স্টার্টআপ কি করছে?,দেশি স্টার্টাপ অত কি অদ্দে?
"হ্যাঁ, এখনো চালু আছে","অয়অ,এহন ও চালু আছে।"
নতুন কি প্রজেক্ট নিছস?,নোয়া কি প্রজেক্ট লইয়ুচ দে?
এসি কেন কাজ করছে না?,এসি হাম ন গরের ক্যা?
বড় বড় টুকরা করেছি।,ডঅর ডঅর টুর গইজ্জি ।
কোন সময় লেখাপড়া করেন?,পড়ালেহা হত্তে গরন দে?
কাঁচালঙ্কা কত?,কেচাঁ মরিচ হত গরি ?
বড় বড় টুকরা করছি।,ডঅর ডঅর টুরঅ গইজ্জি।
কি নিয়ে ভাবছো?,কি লই ভাবর?
কোন দিকে বাগান করেছেন?,বাগান হনদি গইজ্জুন দে?
কোন রুটে বাস যায়?,রোড হন্নদ্দি বাস যাইদে?
জীবনের পাঠ।,জীবনর পাঠ/অংশ ।।
মিউজিক স্কুলে,মিউজিক স্কুলে
রান্নার মসলা কোথায় কেনেন?,রাধিবের মশল্লা হত্তুন কিনন দে?
কোন সময় ফুল ফোটে বেশি?,হন সমত ফুল ফুডে দে বেশি?
গান গেয়ে আর নাচ করে মজা করি,গান গাইয়েরে আর নাচিয়েরে মজা গরি
বাজারে যাবার প্ল্যান আছে?,বাজারত যঅনর প্লেন আছে না?
আপনার কি বাড়িতে বেতের চেয়ার আছে?,অনর ঘরত বেতর চিয়ার আছে না?
কোথায় চশমা রাখেন?,চশমা হডে রাহন দে?
চাদরটা পরিষ্কার?,চাদর ইয়েন সাফ না ?
আপনার কি বাড়িতে ময়না আসে?,অনর ঘরত কি মনা আইয়ি না?
গরম পিঠা আর নতুন গুড়,গরম পিডে ইয়ের নোয়া মিডে
"হ্যাঁ, ভোরে করি","অয়অ,পোয়াইত্তে গরি দি"
মিটিংটা কখন রাখলে?,মিটিং ইয়েন হত্তে রাইখ্খু?
পুরনো মুদির দোকানে,পুরন বাজমালর দোআন
শাক কেমন হয়েছে?,শাক কেন অইয়ি?
কোন দিকে বেড়াতে যান?,বেড়াইতু হন দি যন দে?
"হ্যাঁ, প্রজেক্টের জন্য","অয়অ, প্রজেক্টর রায়"
ছাদে দাঁড়িয়ে বৃষ্টি দেখি আর চা খাই,ছাদত তিয়েইরে ঝড় চাইর আর চা হায়
কি সমস্যা হচ্ছে?,কি সমস্সে অদ্দে?
কোথায় গান শুনতে ভালোলাগে?,হনডে গান ওনতু গম লাগে দে?
নজর কাটার মন্ত্র পড়ব।,নজর হাডিবের মন্ত্র পড়িবু ।
কোথায় ঘুরতে ভালো লাগে?,ঘুইত্তু হনডে গম লাগে দে?
আপনার কি বাড়িতে গুবরে পোকা আসে?,অনর ঘরত কি গোরোর পোক আইয়ি না?
জাল বুনছে।,জাল বুনের ।
কি করে এত টাকা কামাস?,কি গরি এত টিয়া হামর দে?
কাঁচা মরিচ আর পেঁয়াজ দিয়ে বানাই,কেচাঁ মরিচ ইয়ের পিয়েজ দিয়েরে রাধির দি
"হ্যাঁ, কোড ব্রাঞ্চ","অয়অ,কোড ব্রাঞ্চ"
জালের মাছ কিভাবে রান্না করেন?,জালর মাছ কেন গরি রাধন দে?
"হ্যাঁ, সামনের উঠানে","অয়অ,সাম্মদির উডনত"
কোন ব্র্যান্ডটা ভালো হবে?,হন ব্র্যান্ড ভালা অইবু?
গরম কাপড় পরে,গরম হর পরিয়েরে
টি-স্পোর্টসে দেখাবে,টি স্পোর্টস দেহাইবু দে
খালের ধারে কি?,হালর কুলুত কি ?
"নাদিয়া আপু, মেহেদির দিন ঠিক করেছেন?","নাদিয়া আপু, মেহেদীর দিন ঠিক গইজ্জু না?"
"দারুণ রান্না করে, মিলেমিশে থাকি","পোয়াদর সুন্দর রান্না গরে, মিয়েইযুঅয় থাগে"
"ভাই রে, কোন খেলা খেলবি?","কিরে, কি হন খেলা খেলিবি দি?"
আপনি কি নিয়মিত মাস্ক পরেন?,অনে কি পইত্তেইন মুখোশ/ মাস্ক পরন না?
সকালে উঠে নাশতা বানানো শুরু করি,বেয়িন্নে উডি নাশতা বানানি শুরু গরি
বাতি নিভিয়েছেন?,বাত্তি নিপেয়ুন না ?
কেন কাঁদছেন?,কিল্লে হাইনতে লাইগ্গুন দে ?
কোন ব্র্যান্ডের শামপু ব্যবহার করেন?,হন ব্র্যান্ড অর শ্যাম্পু মাথাত দিয়ন দে?
"ছোট বোনের সাথে, ও যেন আমার কপি","ছোট বইনুর লয়,ইতি যেন আর ডইল্লে"
গ্রামের হাটে কি কিনতে যান?,গ্রামর আটখোলাত কি কিনতু যন দে?
কি শখ আপনার?,কি শখ অনোর?
দশটা কিনব।,দশশো কিন্নুম ।
দেশী খাবার,দেশী হানা
"লোকাল ব্র্যান্ডের জিনিস, দাম একটু কম","লোকাল ব্র্যান্ডের জিনিস, দাম এক্ষানা হম"
কাঁঠাল কত?,হাট্টল হত গরি ?
রাতের নীরবতায় লেখার মুড আসে,রাতিয়ে নিজেপত লেইখতু মনে হয় দে
ইলিশ মাছ ভাজব,ইলিশ মাছ ভাইজ্জুম দে
"ইনফ্লুয়েন্সার মার্কেটিং করি, হিট হয়","ইনফ্লুয়েন্সার মার্কেটিং গরি, হিট অয়"
মেঘলা আবহাওয়া,মেখ গইজ্জে আবহাওয়া
কি নিয়ে টেনশন?,কি লই টেনশন?
রেস্টুরেন্ট কোথায়?,রেস্টুরেন্ট হনডে?
ডাল রান্না হয়েছে?,ডাইল রাধাঁ অইয়ি না ?
আপনার কি স্লিপিং ব্যাগ আছে?,অনত্তে কি স্লিপিং ব্যাগ আছে না?
"জিম আছে, খাবারও ফ্রি","জিম আছে, হানাও ফ্রি"
পরিষ্কার পানিতে,সাফ পানিত
উত্তর দিকে,উতুরদি
আচ্ছা আমি এখন যাই?,আইচ্ছে আই এহন যাইর?
টাঙ্গাইলের চমচম,টাঙ্গাইলুর চমচম
কিভাবে রান্না করেন?,কেন গরি রাধন দে?
কোন দিকে বারান্দা খোলা?,বারান্ডা হন দি খোলা দে?
"হ্যাঁ, বিকেলের নাশতায়","অয়অ,বিকেলবেলার নাস্তা"
ফজরের আজান শুনে। তারপর হাঁটতে যাই,ফজরর আজান ওনি। তারপর আঁইটতু যাই
জ্বরের ঔষধ।,জ্বরর ওষুধ ।
বাজারের কোন জিনিস প্রতিদিন কেনেন?,বাজারত্তুন হন জিনিস ইয়েন পইত্তেন কিনন দে?
"হ্যাঁ, ফুড ব্লগ লিখি","অয়অ,ফুড ব্লগ লেহি"
কল্পনা করে,কল্পনা গরিয়েরে
বাংলাদেশের মুক্তিযোদ্ধা সন্তানরা কি করেন?,বাংলাদেশর মুক্তিযুদ্ধার পুয়া অল/অক্ষল কি গরে দে?
কি ধরনের ল্যাপটপ খুঁজছেন?,হন ধরনর লেপটপ তোয়াইতে লাইগ্গুন?
"হ্যাঁ, খাওয়া হয়েছে","অয়অ,হায়"
স্ক্যান করবেন?,স্ক্যান গরিবেন না ?
"হ্যাঁ, রুটির সাথে","অয়অ,রুটির লয়"
আমাদের খাদ্য সংস্কৃতি কেমন?,আরার হানার সংস্কৃতি কেন?
ঈদের ছুটিতে যাওয়ার প্ল্যান আছে,ঈদুর বন্ধত যাইবের প্ল্যান আছে
লালনের আখড়ায় বসে রাত জেগে শুনি,লালনর আখরাত বইয়েরে রাইত জাগিয়েরে ওনি
আপনার কি বাড়িতে খঞ্জন পাখি আসে?,অনর ঘরত কি হঞ্জন পাখি আইয়ি না?
বাড়ির কোন জায়গায় গল্প লেখেন?,ঘরর হন বইয়েরে গল্প লেহন দে?
তোর টিম কয়জন এখন?,তোর টিমুত হজন এহন?
ভাত আর মাছের ঝোল।,ভাত ইয়ের মাছর ঝোল
কিভাবে চুল বাঁধেন?,চুল কেন গরি বাধন দে?
"হ্যাঁ, চাচা থাকেন","অয়অ,চাচা থাগে দে"
নোট কোথায়?,নোট হনডে ?
গাউসিয়া মার্কেটে জামদানি শাড়ি কিনি,গাউসিয়া মার্কেটত্তুন জামদানি শাড়ি কিনি দি
কিভাবে শাক ধোন?,শাক কেনগরি দোন দে?
মাছের বাজারে কি দেখেন?,মাছর বাজারত কি চন দে?
আপনি কি নিয়মিত রিসার্চ করেন?,অনে কি পইত্তেন রিসার্চ গরন না?
মসলা মাখিয়ে,মসল্লা মাখিয়েরে
"হ্যাঁ, চালের নিচে","অয়অ,চালর নিচুদি"
কোন ধরনের গয়না পরেন?,অন ডইল্লে গয়না পরন দে?
নির্জন দুপুরে,নিজেপ দুইজ্জে
"হ্যাঁ, তোয়ালে দিয়ে","অয়অ,তইলে দি"
তাওয়া গরম করুন।,তাওয়া/হোলা গরম গরন ।
কি গান শুনছেন?,কি গান ওনন ?
সাহিত্য নিয়ে কথা বলতে ভালোলাগে,সাহিত্য লয়েরে হথা হয়তু গম লাগে
রাতের শেষ প্রহরে শুনতে ভালোলাগে,পোয়াত্তে ওনতে গম লাগে দে
আপনি কি হোমিওপ্যাথি ওষুধ খান?,অনেকি ওমপতি ওষুধ হন না?
মক্তব খোলা আছে?,মক্তব খোলা আছে না ?
আপনি কি নিয়মিত ব্যায়াম করেন?,অনে কি পইত্তেন ব্যায়াম গরন না?
কোন রাস্তা দিয়ে বাজারে যান?,রাস্তা হন্নদি বাজারত যন দে?
বউ যাচ্ছে সাজগোজ করে।,বউ যার সাজগোজ গরি ।
তেঁতুল টক কত?,তেঁতয় হরঅ কেন?
এত দেরি হলো কেন?,এত দেরি কা ওইয়ি?
মাংসের ঝোল পছন্দ,গোস্তর ঝোল গম লাগে দে
"হ্যাঁ, একটু পরে যাব","অয়অ,এক্কান পরে"
এত মজার যে দূর থেকে লোকজন খেতে আসে,এত পোয়াদ দে দুরুত্তুন মাইনষি হাইতু আইয়ি
কোন ধরনের কফি পছন্দ?,কিরহম কফি গম লাগে দে?
কোন ধরনের সামুসা পছন্দ?,কিরহম সমুসা মজা লাগে দে তোয়াত্তে?
"হ্যাঁ, ভর্তা করে","অয়অ,ভর্তা গরি"
"সব ভালো, আপনার কি খবর?","বেগ ভালা,অনর কি হবর।"
মেঘলা দুপুর পছন্দ,মেঘলা দুইজ্জে গম লাগে দে
কোথায় মিট করলে ভালো হবে?,হন্ডে মিট গরিলি ভালা অইবু?
ভালো আছি দাদা।,গম আছি দাদা ।
ড্রেসিং টেবিলে,ড্রেসিং টেবিলুত
আপনার কি পেন ড্রাইভ আছে?,অনত্তে কি পেনড্রাইভ আছে না?
বাসায় বসে কেক বানায়। অর্ডার নিতেছে,ঘরত বয়েরে কেক বানাইর। অর্ডারও লইর
খুব ভালো হয়েছে।,খুব ভাল অইয়ি।
পাড়ার মোড়ের চায়ের দোকানে সবাই জমা হই,পাড়ার মোড়ত চাআর দোআনত বেজ্ঞুনে এক্ষতর অয়
বাঙালি শিল্পকলা কেমন?,বাআলর শিল্পকলা কেন?
আপনি কি নিয়মিত তেঁতুল খান?,অনে কি পইত্তেন তেতই হন না?
কোথায় বসবে?,হনডে বয়বেন ?
"পিঠা বানিয়ে বিক্রি করে, টেস্ট ফাটাফাটি","পিডে বানাইয়েরে বেছে দে, টেস্ট ফাটাফাটি"
"হ্যাঁ, নতুন কিনেছি","অয়অ,নোয়া কিন্নি দি"
ফুফু কোথায় থাকেন?,ফুফু হনডে থাগন ?
আপনি কি নিয়মিত খাতা লেখেন?,অনে কি পইত্তেন হাতা লেহন না?
দক্ষিণ দিকে,দইন দি
"না, ঝাল সহ্য হয় না",না ঝাল সইজ্জু ন অয়
"হ্যাঁ, ওয়ালেটে আছে","অয়অ,ওয়ালেট আছে ত"
বাঙালি বাবারা কেমন?,বাআলর বাপ অল কেন?
"মিরপুরে একটা টেক হাব আসতেছে, দেখ","মিরপুরুত এক্ষান টেক হাব আইয়ির, চঅ"
পুকুরের পাড়ে কি?,পইরু পাড়ত কি ?
ভোরের আকাশে কি?,বেয়িন্নে আকাশত কি?
বাসায় থেকে গল্প আর আড্ডা দেই,ঘরত্তুন গল্প ইয়ের গফ মারি দি
রহিমের মেয়ের বিয়ে।,রইমের মাইপুয়ার বিয়ে ।
শুটকি ভর্তা কিভাবে খান?,ওনির ভর্তা কেন গরি হন দে?
বইমেলা আর পুরনো বইয়ের দোকানে,বইমেলাত ইয়ের পুরন বইয়ুর দোআনত
স্প্রিং রোল পছন্দ,স্প্রিং রোল গম লাগে দে
দুধ আর চিনি দিয়ে,দুধ ইয়ের চিনি দি
"হ্যাঁ, দেয়ালে টাঙানো","অয়অ,দেবালত টাঙাইতু"
"হ্যাঁ, নতুন রেসিপি ট্রাই করি","অয়অ,নোয়া রেসিপি ট্রাই গরি দি"
কোথায় পার্সেল পাঠাবেন?,পার্সেল হডে পাঠাবেন দে?
"দোতলার বারান্দায়, যেখান থেকে সূর্যাস্ত দেখা যায়","দোতালার বারান্দাত,যেত্তুন সূজ্জু দেহা যায়"
আজকে এত ব্যস্ত কেন?,আজিয়ে এতো ব্যস্ত ক্যা?
ছোট ছোট করে সমান সাইজে কাটি,গুর গুর গরি সমান গরি হাডি
আলমারির তাকে,আলমারির তাইত
"হ্যাঁ, সামনের উঠানে","অয়অ,সাম্মদির উডনত"
কোন দোকানের বিরিয়ানি খাস?,হন দোআনত বিরেনী হছ দে?
"সামনের বাগানে, যেখানে রঙের মেলা","সাম্মদির বাগানত,যেনডে রংঅর মেলা"
কোথায় দড়ি বাঁধেন?,দড়ি হনডে বাধন দে?
"দশজন আছে, তবে ডিমান্ড বাড়তেছে","দশজন আছে, তবে ডিমান্ড বাড়ের"
কাঁচের কৌটায়,কাচঁর হোট্টাত/বয়ুমুত
মিষ্টি কোনটা ভালো?,মিষ্টি হন্ন ভালাদে ?
একটা উপন্যাস পড়ছি।,ওগগো উপন্যাস পড়ির ।
"হ্যাঁ, প্রতিদিন করি","অয়অ, পইত্তেন গরি দি"
কোথায় বসে অনলাইন ক্লাস করস?,হনডে বইয়েরে অনলাইনুত কেলাস গরছ দে?
সমাজের শান্তি রক্ষায় মধ্যস্থতা করেন,সমাজর শান্তির লায় হাম গরন
শীতের হালকা বাতাস,শীতুর ঠলহাইন্নে বাতাস
দুবার চেক করেছি।,দুইবার চেক গইজ্জি ।
বাঁশের খুঁটি দিয়ে,বাশঁর খুড দি
চা কিভাবে খান?,চা কেন গরি হন দে?
পিঠা বানাবেন?,পিডে বানাইবেন না?
কিভাবে যাবে সেখানে?,কেনে যাইয়ুম এন্ডে?
চটি জোড়া দেখছেন?,স্যান্টল ইয়িন দেক্ষুন না ?
সাইড রোড দিয়ে যাই। সময় বাঁচে,সাইড রোড দিয়েরে যাই। সময় বাঁচে
তোর মামাতো ভাই কি করে?,তোর মঅতভাই কি গরে দে?
গাছের তলায়।,গাছর তলাত ।
কোথায় মনখারাপ কাটান?,হারাপ লাগিলি হনডে য দে?
স্কুলের বন্ধুদের সাথে,স্কুলুর বন্ধু অলর লয়
"হ্যাঁ, পরিবারের সাথে করি","অয়অ,পরিবারর লয় গরি দি"
জানালা দিয়ে সূর্যাস্ত দেখা যায়,জানালা দিয়েরে সূজ্জু ডুবনি দেহা যায়
নদীর চরে কি?,নদীর কুলুত কি?
তারা ভরা রাত,তারা ভরা রাইত
"দেওর, কি চাও?","দেওর,কি চঅ ?"
কার সাথে দেখা করতে ভালোলাগে?,হার লয় দেহা গইত্তু ভালা লাগে দে?
"হ্যাঁ, পুরনো মেইল","অয়অ,পুরন মেইলে"
খাল বয়ে যাচ্ছে।,হাল বয় যার ।
বাজারে কি দামি?,বাজার কি এহন মংগা না?
মুখ ধুয়েছেন তো?,মুখ ধুইয়ুন না ?
বাউল ফকিররা গ্রামে গ্রামে গেয়ে বেড়ায়,বাউল ফইর অলে গেরামত ঘুরি ঘরি গায় দে
অফিসের কাছে ক্লাউড কিচেনের খাবার খাই,অফিসুর ডাগত ক্লাউড কিচেনত হানা হায়
"কি রে, কেমন আছিস?","কি রে, কেন আছে?"
বাজারের কোন দোকানে ভিড়?,বাজারত হন দোআনত জাম অয় লইয়ি দে?
বারান্দার চেয়ারে,বারান্দার চেয়ারুত
আপনার কি টর্চ লাইট আছে?,অনত্তে কি টর্চ লাইট আছে না?
কাঁধের উপর,হাদর উত
ফ্রিল্যান্সাররা কি করে?,ফ্রিল্যান্সাররা কি গরে দে?
"হ্যাঁ, কিছু চারা আছে","অয়অ,কিছু চারা আছে"
বর্ষায় পদ্মার ইলিশ দিয়ে পোলাও বানাই,বর্ষাহাইল্লে পদ্মার ইলিশ দিয়েরে পোলাও রাধির
পানের দোকানটা কার?,পানর দোআন ইয়েন হার ?
ইলিশের তেল আছে।,ইলিশুর তেল আছে না ‌
গাছে কি ফল?,গাছত কি ফল ?
"সূর্য ওঠার আগে, যখন মাটিতে শিশির থাকে","সূজ্জু উডিবের আগদি,যেত্তে মেডিত শিশির থাগে"
পুকুরের ঘাটে কি?,পইরু ঘাটত কি ?
কোন ধরনের কমলা পছন্দ?,কি রহম হলা ভালা লাগে দে?
শরৎকাল পছন্দ,শরৎকাল গম লাগে দে
পুরান ঢাকার বিরিয়ানি আর নতুন নতুন খাবার,পুরান ঢাকার বিরিয়ানি ইয়ের নোয়া নোয়া হানার
লেবু-চিনি দিয়ে,হজি-চিনি দিয়েরে
কিভাবে মাছ কোটান?,মাছ কেন গরি হাডন দে?
বাড়ির কোন জায়গায় আড্ডা জমে?,ঘরর হন জাগাত মাইজ্জি গফ বেশি মারে দে?
বেগুন ভাজা হয়েছে?,বায়ুন ভাজা অইয়ি না ?
মাসে দশ-পনেরো হাজার হয়,মাসে দশ-পনেরো আজার অয়
কোন ব্র্যান্ডের টুথপেস্ট ব্যবহার করেন?,হন ব্র্যান্ড অর দাঁতর মাজন মাজ দে?
কি খাওয়া যায়?,কি হঅন যায়?
শুটকি ভর্তা খেতে রহিম চাচার দোকানে যাই,ওনির ভর্তা হাইতু রহিম চাচার দোআনত যাই
কোন মিষ্টি বেশি পছন্দ?,হন মিষ্টি বেশি গম লাগে দে?
তরমুজ কাটা আছে?,তরমুজ হাইট্টে আছে না ?
বগুড়ার মহাস্থানগড়ে কবে যাচ্ছ?,বগুড়ার মহাস্থানগড় হত্তে যাইবে?
তোর নতুন বাসায় কি সুবিধা?,তোর নোয়া বাসাত কি হোআইস?
"হ্যাঁ, সকালে করি","অয়অ,বেয়িন্নে গরি দি"
"হ্যাঁ, মসলার জন্য","অয়অ,মসল্লার লায়"
"হ্যাঁ, সকালে করি","অয়অ, বেয়িন্নে গরি দি"
ভ্রমণ কাহিনী,জার্নি ঘরনর হথা
দাদি-নানীরা সুতো দিয়ে নানান নকশা ফোটান,দাদি-নানী অলে সুতো দিয়েরে বউত ডইল্লে নকশা ফোটন
"হ্যাঁ, টিনটিন সিরিজ","অয়অ,টিনটিন সিরিজ"
দেশি অনলাইন কোর্স কি করেন?,দেশি অনলাইন কোর্স কি গরন না?
কবিতার আসরে কি হয়?,কবিতার আসর/বয়ডুকুত কি অয় দে?
চিকেন কোফতা পছন্দ,চিকেন কোফতা গম লাগে দে
আপনি কি নিয়মিত মাছ খান?,অনেকি পইত্তেন মাছ হন নাকি?
"হ্যাঁ, ডকুমেন্ট রাখার জন্য","অয়অ, ডকুমেন্ট রাখিবেল্লায়"
আঁশ ছাড়িয়ে নিন।,আশ ছাড়াই লন ।
গ্রামের মেথররা কি করেন?,গেরামর মেথর অলে কি গরে দে?
"স্টুডেন্ট পাই ধীরে ধীরে, মার্কেটিং বাড়াতে হবে","স্টুডেন্ট পাইদ্ধি আস্তে ধীরি, মার্কেটিং বাড়ান পড়িবু"
চল একটু ঘুরে আসি?,চল এক্কানা ঘুরি আয়ই?
কবর জিয়ারত করবেন?,কবর জিয়ারত গরিবেন ন?
স্টাডি রুমে,স্টাডি রুমুত
পাড়ার দোকানে বসে আড্ডা মারি,পাড়ার দোআনত বইয়েরে গফ মারি
"কি রে, লাইভ স্ট্রিমিং কেমন যায়?",কিরে লাইভ স্ট্রিমিং কেন যার দে?
আমি সন্ধ্যা ছটায় আসব।,আই আজন্নে ছটা বাজে আইসসুম
থোড় কেটে নিয়ে যাচ্ছে।,থোর হাডি লয় যার ।
বাংলা কবিতা কার কাছে শেখেন?,বাংলা কবিতা হাত্তুন শিখন দে?
কি খেলতে পছন্দ?,কি খেইলতু গম লাগে দে ?
দিন-রাত ডাকলেই রোগীর বাড়ি যান,দিনি -রাইতি ডাহিলিই রোগীর বাড়িত মন
পল্লী কবি থেকে পটুয়া সবার মিলনমেলা,পল্লী কবিত্তুন পটুয়া বেজ্ঞুনুর মিলনমেলা
নানীর মুখে শুনে শুনে মুখস্থ হয়ে গেছে,নানীর মুখুত ওনতে ওনতে মুখস্ত অয় গেইয়ি
মাথা ছাড়িয়ে নিয়েছি।,মাথা ছাড়ি লয় ।
এসাইনমেন্ট জমা দিয়েছ?,এসাইনমেন্ট জমা দিয়ু না?
"হ্যাঁ, সকালে আসে","অয়অ,বেয়িন্নে আইয়ি দে"
কাবিন নামা হয়েছে?,হাবিন নামা অইয়ি না?
কি পড়াচ্ছেন?,কি পড়াইতে লাইগ্গুন ?
কোন এলাকার ইলিশ পছন্দ?,হন এলাহার ইলিশ মাছ গম লাগে দে?
কোন সময় চা খেতে ভালোলাগে?,হন সমত চা হাইতু গম লাগে দে?
তোদের পাড়ায় নতুন কি হচ্ছে?,তোর পাড়াত নোয়া কি অদ্দে?
বাঁশের টুকরি কি করতে ব্যবহার করেন?,বাঁশর টুরি কিয়ুত লাগে দে?
কার কাছে বই ধার নেন?,হাত্তুন বই উদর লন দে?
পাড়ার ছেলেমেয়েদের নিয়ে অভিনয় করি,পাড়া পুয়া অলরে লয়েরে অভিনয় গরির
জিমে যাও রেগুলার?,জিমুত যএনা রেগুলার?
ঝোল করে,ঝোল গরিয়েরে
এই সেক্টরে কি করলে ভালো হবে?,এই সেক্টরত কি গরিলি গম অইবু দে?
নতুন চাচা কেমন মানুষ?,নোয়া চাচা কেন মানুষ?
আপনার কি ওয়াল শেলফ আছে?,অনত্তে কি ওয়াল শেলফ আছে না?
কোথায় মোজা রাখেন?,মৌজ হডে রাহন দে?
"গ্রামের মানুষ সারি সারি আসে, মুরগি-হাঁস নিয়ে বসে","গেরামর মানুষ লাইন দড়ি আইয়ি,খুর-আস লয়েরে বইয়ি"
"ছেলেমেয়েরা পড়ে, গুরুমশাই পড়ান, খাতায় লেখে","পুয়া মাইপুয়া অলে পড়ে,ওস্তাদে পড়াই,হাতাত লেহে।"
গ্রামের মাতব্বররা কি বলেন?,গেরামর মুরুব্বি/ছদ্দার অল কি হয় দে?
পুকুরে নেমে গোসল করি আর মাছ ধরি,পইরুত নামি গোছল গরি আর মাছ ধরি
বাঁশবনের ভিতর দিয়ে।,বাঁশ বুনুর ভিতুর দিয়েরে ।
"হ্যাঁ, সব চ্যানেল দেখি","অয়অ,বেগ চ্যানেল চাইছি"
জেলেরা জাল ফেলছে।,জাইল্লে অলে জাল ফেলার ।
"চাচু, আমরা আগামী শুক্রবার আসছি কিন্তু","চাচা, আগামী শুক্কুরবার আরা আইর কিন্তু"
জাকাত হিসাব করেছেন?,জাহাত ইসেব গইজ্জুন না ?
কিভাবে পড়া মনে রাখেন?,পড়া কেন গরি মনত রাহন দে?
পছন্দের মিষ্টি কি?,পছন্দর মিষ্টি কি?
"শীতে বাচ্চাদের স্পোর্টস হয়, মজা লাগে","শীতুত গুরপুয়া অলর স্পোর্টস অয়, মজা লাগে"
আপনি কি নিয়মিত খবর পড়েন?,অনেয়কি পইত্তেইন হবর পড়ন না?
"গরম পরোটা-ডিম, চা আর সবজি কিনি","গরম পরটা -ডিম,চা ইয়ের তরহারি কিনি"
সন্ধ্যা ছয়টায়,আজইন্নে ছটা বাজে
আমি মিরপুরে থাকি।,আই মিরপুরুত থাগি।
আপনি কি নিয়মিত নোট করেন?,অনেকি পইত্তেন নোট গরন না?
আড়াই হাজার টাকা,আড়াই আজার টিয়া
কার সাথে ঘুরতে যান?,হার লয় ঘুইত্তু যন দে?
আপনি কি নিয়মিত শাকসবজি খান?,অনে কি পইত্তেন শাক সবজি হন না?
কোন ধরনের গামলা ব্যবহার করেন?,হন ডইল্লে জাম ব্যবার গরন দে?
কার সাথে ভ্রমণে যান?,বেড়াইতু হার লয় যন দে?
দাদি আর নানী মিলে সুন্দর নকশা তোলেন,দাদী ইয়ের নানী মিলিয়েরে সুন্দর নকশা তোলে
তোর এলাকার নতুন দোকানটা কেমন?,তোর এলাহাত নোয়া দোআন ইয়েন কেন?
হজ্জ করতে গিয়েছিলাম।,হজ্ব গইত্তাম গেইদি ।
ছোট ভাইবোনদের সাথে,ছোট ভাই-বইনুর লয়
কোথায় পিঁড়ি রাখেন?,পিড়ে হনডে রাহন দে?
আপনি কি নিয়মিত ডেটা মাইন করেন?,অনে কি পইত্তেন ডেটা মাইন গরন না?
কোন বাজারে যান?,হন বাজারত যন দে?
লেখালেখি করে,লেহালেহি গরিয়েরে
কাউকে খুঁজছি এদিকে।,কিয়ারি থোয়াইর ইনদি ।
"ছেলেরা সাঁতার কাটে, মাছ ধরে, গল্প করে","পুয়া অলে আচুরে,মাছ ধরে,গফ মারে"
চা খাবেন?,চা হাইবেন?
সার্কাসের খেলা দেখাব।,সার্কাসত খেলা দেহাইয়ুম।।
বাসায় কে কে আছে?,বাসাত হন হন আছে?
"ভাবি, মার্কেটে যাবেন নাকি?","ভাবি, মার্কেডত যাইবেন না?"
"হ্যাঁ, প্রতিদিন খাই","অয়অ, পইত্তেন হাজির"
ঢাকা কলেজে পড়ে,ঢাহা কলেজত পড়ে দে
স্ট্রিট ফুড আর পুরনো ঢাকার গলি,স্ট্রিট ফুড ইয়ের পুরনো ঢাকার গলি
মোগল আমলের স্থাপত্য ছবি তুলি,মোগল আমলর স্থাপত্য/ইমারতর ছবি তুলি
এখনও কাঁচা।,এহনও কেচাঁ।
কোথায় রিপোর্ট করবেন?,রিপোর্ট হডে গরিবেন দে?
নিজেদের ব্যবসা শুরু করছে ঘরে বসে,নিজুর ব্যবসা শুরু গইজ্জি ঘরত বইয়েরে
জানালার ধারে,জানালার ডাগত
"হ্যাঁ, ভাজা করে","অয়অ,ভাজি গইজ্জে"
মাটি পরিষ্কার করেছি।,মেডি সাফ গইজ্জি।
"হ্যাঁ, বন্ধুদের সাথে খেলি","অয়অ,বন্ধু অলর লয় খেলি দি"
বিকেল গড়ালে,বিকেলবেলা অইলি
মিডিয়াম সাইজ পরি,মাঝারি সাইজ পরি দি
অনেক কিছু।,বউত কিছু ।
ঢেউয়ের তালে তালে মাছ ধরতে বেরিয়েছি,ঢেউর তালে তালে মাছ ধরিবেল্লায় বাইর অয়
এখন কোথায় যাচ্ছ?,এহন হডে যঅর?
কিভাবে মাছ কেনেন?,মাছ কেন গরি কিনন দে?
"আরে, তুমি এখানে?","আরে,তুঈ এনডে ?"
নিউ মার্কেটে,নিউ মার্কেটত
কবে ফিরবেন দেশে?,দেশত হত্তে যাইবেন?
আলু আর পেঁয়াজ।,আলু ইয়ের পিয়েজ।।
ময়লা ফেলা হয়েছে?,ছাদা ফেলা অইয়ি না ?
বাড়ির পেছনে কি?,ঘরর পিচুদি কি?
"ও মা, এত দেরি কেন?","ওমা,এত দের কা অইয়ি ?"
নুন দিয়েছেন?,নুন দিয়ুন না ?
কি খেলা হচ্ছে?,কি খেলা অদ্দে?
জামালপুরের নাচনা পিঠা খেতে যাবে?,জামালপুরর নাচনা পিডে হাইতে যাইবে?
গ্রামের বিয়ে বাড়িতে ভাত-মাছ আর পায়েস,গেরামর বিয়ে বাড়িত ভাত-মাছ আর পায়েস
তোমার ইন্টারভিউ কেমন হলো?,তোয়ার ইন্টারভিউ ক্যান অইয়ি?
কোন প্ল্যাটফর্মে ভালো রেসপন্স পাস?,হন প্লাটফর্মত ভালা রেসপন্স পছ দে?
বগুড়ার মিষ্টি দই খেতে খুব ভালোলাগে,বগুড়ার দই মিডে হাইতু বেশি গম লাগে
চাষাবাদ করেন।,চাষ গরিবেন না ।
কিভাবে ফল ধোন?,ফলফ্রুট কেন গরি দোন দে?
কোন ধরনের কালিয়া পছন্দ?,হালিয়া হন ডইল্লে মজা দে?
সব কিছু একসাথে। দামও কম,বেগ কিছু এককোয়ারে। দামও হম/অস্তা
এই সিজনে কি ট্রেন্ড করছে?,এই সিজনত কি ট্রেন্ড চলের?
কিভাবে ফল খাওয়ার আগে ধোন?,ফলফ্রুট হাইবের আগে কেন গরি দোন দে?
কি নিয়ে এলেন?,কি লয় আইসসুন ?
কার সাথে ভ্রমণে যেতে ভালোলাগে?,হার লয় ঘুইত্তু যাইত্তু গম লাগে দে?
"হ্যাঁ, লাইট কন্ট্রোলের জন্য","অয়অ,লাইট কন্ট্রোল গরিবে্ল্লায়"
বাংলাদেশের শিক্ষকরা কি করেন?,বাংলাদেশর মাষ্টর অলে কি গরে দে?
কত টাকা লাগবে?,হটিয়া লাগিবু?
পাড়ার মোড়ে,পাড়ার মোড়ত
বর্ষা উৎসব পছন্দ,বর্ষা উৎসব গম লাগে দে
সুন্দর করে বাছাই করে,সুন্দর গরি বাছিয়েরে
কি অবস্থা ভাই?,কি অবস্থা ভাই?
"হ্যাঁ, বেশ ঠাণ্ডা।","অয়অ,বেশি ঠান্ডা।"
কি প্রবলেম বলেন তো?,কি প্রবলেম হন চাই?
আপনার কি বারান্দায় দোলনা আছে?,অনর বারান্দাত কি দক্ক আছে না?
আপনার কি বাড়িতে দোপাটি ফুল আছে?,অনর ঘরত কি দোপাটি আছে না?
কোন ধরনের মিষ্টি পছন্দ?,কিরহম মিষ্টি মজা লাগে/ ভালা লাগে?
বাক্সে কয়েকটা আছে।,বাক্সত হয়েগগো আছে ।
বাজারের কোন জিনিস বেশি কেনেন?,বাজারত্তুন হন জিনিস বেশি কিনন দে?
"হ্যাঁ, বিকেলে আসে","অয়অ, বিকেলবেলা আইয়ি দে"
শহরের সুবিধা গ্রামেও পৌঁছাচ্ছে,শঅরর সুবিধে গেরামত পৌছাদ্দে
হাতের কাজে বাংলার ঐতিহ্য বাঁচিয়ে রাখেন,আথর হাজ বাংলার ঐতিহ্য বাঁচায় রাহে
এক মুঠো দিন।,এক মুঠ দিয়ন ।
"ধানমন্ডিতে, অফিসের কাছে","ধানমন্ডিত, অফিসুর ডাগত"
কোন সময় রান্না করেন?,হন সমত রান্না গরন/রাধন দে?
"হ্যাঁ, একটা অ্যাপল ওয়াচ আছে","অয়অ, ওগো অ্যাপল ওয়াচ আছে ত"
ঈদের প্ল্যান কি?,ঈদুর প্লেন কি?
কোন ধরনের ফিশ ফ্রাই পছন্দ?,হনডইল্লে ফিশ ফ্রাই ভালা লাগে দে?
আপনি কি নিয়মিত অডিও বই শোনেন?,অনেকি পইত্তেন অডিও বই ওনুন না?
"সব দোকান থেকে পাওয়া যায়, ফাস্টও আসে","বেগ দোআনত্তুন পা যায়, ফাস্টও আইয়ি"
কিভাবে ঘর সাজান?,ঘর কেন গরি সাজায় রাহন দে?
মুলোটা চেঁছে দেব?,মুলো ইয়িন চাছি দিয়ুম না ?
তোর এলাকার নতুন রাস্তা কেমন?,তোর এলাহার নোয়া রাস্তা কেন?
"হ্যাঁ, ছবির বই আছে","অয়অ,ছবির বই আছে ত"
কোন ধরনের খাবার পছন্দ?,কি রহম হানা গম লাগে দে?
ঢোল-করতাল থেকে দোতারা-একতারা,ঢোল-করতালত্তুন দোতারা-একতারা
রমনায় সকালে অনেক মানুষ আসে,রমনাত বেয়িন্নে বউত মানুষ আইয়ি
"বিকাশে পেমেন্ট নেয়, হোম ডেলিভারিও দেয়","বিকাশত পেমেন্ট লয়, হোম ডেলিভারিও দে"
সব বন্ধু একসাথে দেখা হয়,বেগ বন্ধু এককোয়ারে দেহা অয়
বাড়ির কোন জায়গায় আলো কম পড়ে?,ঘরর হন জাগাত ফঅর হম পরে দে?
পুরনো ঐতিহ্য নতুন রূপে ফুটিয়ে তোলেন,পুরন ঐতিহ্য নোয়া রুপে ফুডয় তোলেন
কোন ধরনের শাহী টুকরি পছন্দ?,কিরহম শাহী টুকরি গম লাগে দে?
আপনার কি বাড়িতে ভ্রমর আসে?,অনর ঘরত কি ভোলা আইয়ি না?
বাজারের কোন সময় যান?,বাজারত হত্তে যন দে?
হারাম কি?,হারাম কি?
"হ্যাঁ, সবজি কিনতে হবে","অয়অ,তরহারি কিনিবেল্লায়"
আপনি কি নিয়মিত জোগিং করেন?,অনে কি পইত্তেইন জগিং গরন না ?
গুড় মাখিয়ে বৈশাখের মেলায় খাই,মিডে মাখিয়েরে বৈশাখর মেলাথ হাদ্দে
"হ্যাঁ, রাজশাহীতে","অয়অ,রাজশাহিত"
আপনার কি বাড়িতে বেজি আছে?,অনর ঘরত কি মোআফ আছে না?
কি নিয়ে আসবেন?,কি লয় আইবেন ?
বড় বড় করে কেটে মসলা মাখিয়ে,ডঅর ডঅর গরি হাডি মসল্লা মাখিয়েরে
রাস্তায় কি হচ্ছে?,রাস্তাত কি অর দে ?
ব্রিটিশ কাউন্সিলে,ব্রিটিশ কাউন্সিলুত
লিস্ট করেছেন?,লিস্টি গইজ্জুন না ?
নতুন কি শিখতে চান?,নোয়া কি শিখতু চন দে?
"হ্যাঁ, ভাজি করে","অয়অ,ভাজি গরিয়েরে"
কোন সময় চা খেতে মজা?,হন সমত চা হাইতু পোয়াদ লাগে দে?
ভাই খুব ভাল। রাতেও কাজ করে দেয়,ভাই খুব ভালা। রাতিয়েও হাম গরি দেয়
পনির কোফতা পছন্দ,পনির কোফতা গম লাগে দে
তারা দেখি আর গান শুনি,তারা চাইর আর গান ওনির
প্রকৃতির সাথে মিশে মধু সংগ্রহ করেন,প্রকৃতির লয় মিয়েইয়েরে মধু যোগার গরন
কি লাগবে?,কি লাগিবু দে?
কোথায় বসে লিখতে ভালোলাগে?,হনডে বইয়েরে লেখতু গম লাগে দে?
বাড়ির কোন জায়গায় শীত কম?,ঘরর হন জাগাত শীত হম দে?
কিভাবে ফল খান?,ফল কেন গরি হন দে?
কাঁচা পেঁপে এসেছে।,কেচাঁ কুইয়ে আইসসি ।
কার কাছে হাতের লেখা সুন্দর?,হার আথর লেহা সুন্দর দে?
দোতলার বারান্দায়,দোতলার বারান্দাত
"রোদে শুকিয়ে, মশলা মিশিয়ে","রইদুত পোঅয়,মশল্লা মিয়েই"
কলসি ভর্তি?,গরা পুরইয়ে না ?
চায়না থেকে,চায়নাত্তুন
কোথায় হোস্ট করবেন?,হোস্ট হডে গরিবেন দে?
"নানা রকম পিঠা খাই, মহিলারা পিঠা বানানোর কৌশল শেখায়","বউত ডইল্লে পিডে হায়,বেডি অল পিডে বানাইবের কৌশল শিখেই"
"দিদিমা, কি শিখিয়েছিলে?","দিদিমা,কি শিখেইয়ি দে?"
গানের আসরে কি শুনলে?,গানর বয়ডুকুত কি ওইনুন দে?
সন্ধ্যাবেলায়,আজইন্নে
নদীর পাড় ধরে সন্ধ্যাবেলা ঘুরি,নদীর পাড় ধরি আজইন্নে ঘুরি দি
আলুটা সিদ্ধ হয়েছে?,আলু ইজ্জি না ?
লাল শাক আর পুঁই শাক,লাল শাক ইয়ের পুঁই শাক
আপনার কি গাড়ি আছে?,অনত্তে কি গাড়ি আছে না?
আপনি কি নিয়মিত পান সাজেন?,অনে কি পইত্তেন পান হন না?
"হ্যাঁ, ওয়েব পেজ","অয়অ,ওয়েব পেইজ"
ইন্টারনেট স্পিড কেমন?,ইন্টারনেট স্পীড ক্যান?
টেপটা কাটবেন?,টেপ ইবে হাডিবেন না ?
আপনার কি স্কেল আছে?,অনত্তে কি স্কেল আছে না?
ওদের সাথে কোথায় দেখা করবে?,ইতারার লই হডে দেহা গরিবে?
জেলেদের নৌকা আর জাল বোনা দেখি,জাইল্লে অলর নৌক আর জাল বানানি চাইর
নতুন কি খেতে ভালো লাগে?,নোয়া কি হাইতু গম লাগে দে?
পোলাও আর মুরগি।,পোলা ভাত ইয়ের খুর গোস্ত ।
এই রাস্তায় কি জ্যাম হয়?,রাস্তা ইবেত কি জাম অয় না?
দেশি খাবারের নতুন নতুন স্বাদ খুঁজে বেড়াই,দেশি হানার নোয়া নোয়া পোয়াদ তোআয় বেড়ায়
আজ অফিস আছে?,আজিয়ে অফিস আছে ?
আপনার কি বাড়িতে মাছরাঙা আসে?,অনর ঘরত কি মাছহনি পাখি আইয়ি না?
আপনার কি ফোন স্ট্যান্ড আছে?,অনত্তে কি ফোন স্ট্যান্ড আছে না?
আমাদের পল্লী সাহিত্য কি বলে?,আরার গেরামর সাহিত্য কি হয় দে?
চিকেন ফ্রাই পছন্দ,চিকেন ফ্রাই গম লাগে দে
কার সাথে মেলায় যেতে চান?,হার লয় মেলাত যাইতু চন দে?
টাটকা বেটে দিচ্ছি।,তাজা বাডি দির।
"হ্যাঁ, গাড়িতে লাগিয়েছি","অয়অ, গাড়িত লাগায় দি"
কিভাবে ফল সংগ্রহ করেন?,ফল কেন গরি পাড়ন দে?
আপনার কি বাড়িতে মৌমাছি আছে?,অনর ঘরত কি মমাছি আছে না?
আপনার কি গার্ডেন আছে?,অনত্তে কি গার্ডেন আছে না?
চাল কত সের?,চাল হ সের ?
রাতে কি খান?,বিয়েলে কি হন দে?
নিরিবিলি ছাদের ঘরটায় লেখার টেবিল পেতেছি,ছাদর নিজপত ঘর ইয়েন লেখিবেল্লায় টেবিল বোআয়
প্লাস্টিকের বালতি,পেলাস্টিকর বালতি
চশমাটা কোথায় রেখেছি?,চশমা ইয়েন হডে লাহিলাম?
ফুটবল খেলা হচ্ছে।,ফুটবল খেলা অর ।
পনেরো শতাংশ।,পনেরো শতাংশ ।
"নতুন ক্যাফে খুলছে, মেনু ভালো","নোয়া ক্যাফে খুইল্লি, মেনু ভাল"
ভাগ্নে-ভাগ্নিদের জন্য সব সময় উদগ্রীব,ভাইনে -ভাইনি অলর লায় অক্ষল সমে চিন্দেইত
আপনার কি বাড়িতে চাঁপা গাছ আছে?,অনর ঘরত কি চাপা গাছ আছে না?
জামদানি শাড়ি বোনা শিখতে ইচ্ছে করে,জামদানি শাড়ি বানানি শিখতু মনে হয় দে
কনফারেন্স রুমে,কনফারেন্স রুমুত
সন্ধ্যায় বসে মাছ ধরি,আজইন্নে বইয়েরে মাছ ধরিদ্দি
রং মিলিয়ে,রং মিলিয়েরে
"হ্যাঁ, বেড়ার পাশে","অয়অ,বেড়ার ডাগদি"
কোথায় পার্টি করবেন?,পার্টি হডে গরিবেন দে?
"হ্যাঁ, নতুন কিনেছি","অয়অ,নোয়া কিন্নি দি"
চালের বস্তা কত কেজি?,চইলুর বস্তা হত কেজি ?
মহররম মাসে।,মহররম মাসত।।
কোথায় বই পড়েন?,বই হনডে পড়ন দে?
আপনি কি নিয়মিত জগিং করেন?,অনেক কি পইত্তেন জগিং গরন না?
কয়টার সময় রিহার্সেল?,রিহার্সাল হটার সমত?
বারান্দার দোলনা চেয়ারটায় বসতে ভালোলাগে,বারান্দার ডুলনি চেয়ারুত বইসতু গম লাগে
পদ্মার ইলিশ সরষে দিয়ে ঝাল করে রাঁধি,পদ্মার ইলিশ অড়ই দিয়েরে ঝাল গরি রাধিঁর
নামাজ পড়ছেন।,নামাজ পইজ্জুন না ।
কোথায় রইলে?,হনডে রয়গেইয়ুন দে?
আপনার পছন্দের রং কি?,অনত্তে হন রং গম লাগে দে ?
শীতের সকালে,শীতকাইল্লে বেয়িন্নে
জল খাবেন?,পানি হাইবেন না ?
কোন এলাকায় বাসা খুঁজছিস?,হন এলাহাত বাসা তোঅর দে?
"বাংলার মাস্টার মশাইয়ের কাছে, উনি সুন্দর আবৃত্তি করেন","বাংলার মাষ্টরত্তুন,ইবে সুন্দর গরি আবৃতি গরে"
জিলাপি বানাচ্ছেন?,জিলেপি বানাইতে লাইগ্গুন না ?
ফ্যাশন ব্লগাররা কি করছে?,ফ্যাশন ব্লগার অলে কি গরেদ্দে?
"অনলাইনে লোগো ডিজাইন করে দেই, ভালই আসে","অনলাইনুত লোগো ডিজাইন গরি দি,ভালা আইয়ি"
কোথায় ডিপ্লয় করবেন?,ডিপ্লয় হডে গরিবেন দে?
দেয়ালে ঝুলছে।,দেবালত লটকের ।
মোবাইলে কোন বাংলা খবর পড়েন?,মোবাইলুত হন বাংলা হবর পড়ন দে?
আপনি কি নিয়মিত ফ্রিল্যান্সিং করেন?,অনে কি পইত্তেন ফ্রিল্যান্সিং গরন না?
"হ্যাঁ, লিভিং রুমে","অয়অ, লিভিং রুমে"
কি করছো মোবাইলে?,মোবাইলুত কি গরর?
কোথায় চুল কাটাবেন?,চুল হডে হাডিবেন দে?
মার্কশীট পেয়েছেন?,মার্কশীট হনডে ?
আপনি কি নিয়মিত কলা খান?,অনে কি পইত্তেন কেলা হন না?
আপনি কি নিয়মিত ব্যাক এক্সারসাইজ করেন?,অনে কি পইত্তেন ব্যাক এক্সারসাইজ গরন না?
"হ্যাঁ, ট্রাভেল ব্লগ","অয়অ, ট্রাভেল ব্লগ"
নৌকায় কি করতে ভালোলাগে?,নৌকত কি গইত্তু মনে হয় দে?
কলসিতে কি?,গরাত কি?
"বাড্ডায় নতুন জায়গা খুলছে, ভাইব ভালো","বাড্ডাত নোয়া জাগা খুইল্লি, ভাই ভালা"
"দাবা-পাশা খেলি, আড্ডা দেই","দাবা-পাশা খেলির, গফ মারির"
কিভাবে পড়াশোনা করেন?,পড়ালেহা কেন গরি গরন দে?
রঙ মিলিয়ে,রং মিলিয়েরে
কোন রকম খাবার রাঁধেন?,হন ডইল্লে হানা রাধন দে?
"আচ্ছা বলো তো, কি হয়েছিল?","আইচ্ছে হ ত, কি অইয়িলু?"
জারি গানের আসরে কি হয়?,বান্ডারি গানর আসরত কি অয় দে?
"হ্যাঁ, ভাজি করে","অয়অ,ভাজি গরিয়েরে"
ব্রিটিশ কাউন্সিলে,ব্রিটিশ কাউন্সিলুত
"ঘি-এলাচ দিয়ে, গরম মশলার গন্ধে","ঘি-এলাচি দি,গরম মসল্লার বাশে"
এলাকার মসজিদে কি হচ্ছে?,এলাহার মসদুত কি অদ্দে?
"হ্যাঁ, সন্ধ্যায় বসি","অয়অ, আজইন্নে বয়দি"
মায়ের পাশে দাঁড়িয়ে দেখে দেখে শিখছি,মার ডাহত চায় চায় শিক্ষিদি
নদীর চরে কি?,নদীর চড়ত কি ?
কোথায় ঝুড়ি রাখেন?,ঝুড়ি হনডে রাহন দে?
কিভাবে চা বানান?,চা কেন গরি বানন দে?
নীলফামারীর ভাপা পিঠা কেমন?,নীলফামারীর দুপিডে কেন?
কিভাবে শরবত বানান?,শরবত কেন গরি বানন দে?
আপনার কি বাড়িতে টুনটুনি আসে?,অনর ঘরত কি টুনটুনি আইয়ি না?
"চাচাজান, কি উপহার দেবেন?",চাচা জান কি উপহার দিবেন দে?
দুপুরের আগে,দুইজ্জের আগে
তুলসী গাছ রোপণ করেছে।,তুলসী গাছ রুঈলাম ।
বাজারে কি পেলে?,বাজারত কি পাইয়ুন দে?
তোর পাড়ার গ্যারেজ কেমন?,তোর পাড়াত গ্যারেজ কেন?
কাপড়টা ধোপায় দিয়েছেন?,হঅর ধোলাত দিয়ুন না ?
কোন ধরনের আচারি পছন্দ?,কিরহম আচারি গম লাগে দে?
টক হবে বেশি।,হর অইবু বেশি ।
কখন বাগানের কাজ করেন?,বাগানত মাইজ্জি হত্তে হাম গরন দে?
"কুমোর ভাই, কোন পাত্র বানাচ্ছো?","হুঅর ভাই,হন ডইল্লে পাতিলে বানাইতে লাইগ্গুন দে?"
"ভোরবেলা উঠে, যখন ফুলে শিশির থাকে","বেয়িন্নে উডি,যেত্তে ফুলুত শিশির থাগে"
অনলাইন গ্রুপে কি শেয়ার করেন?,অনলাইন গুরুপুত কি দিয়ন দে?
কোথায় বেড়াতে যাবেন?,বেড়ায়তু হডে যাইবেন দে ?
নারকেল কুরে চিনি ছড়িয়ে খাই,নাইরকুল হুরাই চিনি মাখি হায়দি
আপনার কি স্পাইস বক্স আছে?,অনত্তে কি স্পাইস বক্স আছে না?
হা-ডু-ডু থেকে নৌকা বাইচ সব আছে,হা-ডু-ডুত্তুন নৌকা বাইচ বেগ আছে
আপনি কি নিয়মিত আপলোড করেন?,অনে কি পইত্তেন আপলোড গরন না?
আপনার কি বাড়িতে সূর্যমুখী আছে?,অনর ঘরত কি সূর্যমুখী আছে না?
কিভাবে মাছ রান্না করেন?,মাছ কেন গরি রাধন দে?
কোন ধরনের রাত পছন্দ?,হন ডইল্লে রাইত গম লাগে দে?
কোথায় চা খান?,চা হনডে হন দে?
"নতুন প্লাজা হবে, ফুড কোর্টও থাকবে","নোয়া প্লাজা অয়বু, ফুড কোর্টও থাগিবু"
তোর ইন্সটা পেজ থেকে কি বেচস?,তোর ইন্সটা পেইজত্তুন কি বেচছ দে?
কি প্ল্যান এই সপ্তাহে?,কি প্ল্যান এই সপ্তাত?
"হ্যাঁ, খেয়েছি।","অয়অ, হায়।"
কোন ধরনের চানাচুর পছন্দ?,হন ডইল্লে চেনাচুর মজা লাগে?
বিনয়ী আচরণ,ভদ্র মিক্ষে
পানের বরজে কি দেখেন?,পানর বরজত কি চন দে?
নতুন কি প্ল্যান করছিস?,নোয়া কি প্ল্যান গরদ্দে দে?
চায়ের দোকান খুলেছে।,চাআর দোআন খুইল্লি ।
শালবনে কি করেন?,শালবনত কি গরন দে?
তোমার প্রেজেন্টেশন কখন?,তোয়ার পেজেনটেশন হত্তে?
কত দূর যাবি?,হতদূর দূরে যাবি ?
পছন্দের খাবার কি?,পছন্দর খানা কি?
কি জানো?,কি জান দে?
সুপারি কাটা আছে?,সুঅরি হাইট্টে আছে না ?
"হ্যাঁ, ছোটবেলার ছবি","অয়অ,গুর থাকতের ছবি"
পানের বাটায়,পানার বাট্টাত
সব পরিষ্কার করেছি।,বেজ্ঞিন সাফ গইজ্জি।
"গল্পের আসর জমায়, পুরান ঢাকার কথা বলে","গফর বয়ডুক বইয়ির, পুরন ঢাহার হথা হয়"
বাড়িতে কি চাষ করেন?,ঘরত মাইজ্জি কি ক্ষেত/চাষ গরন দে?
দোকানে পেমেন্ট আর রিচার্জ করি,দোআনত পেমেন্ট ইয়ের রিচার্জ গরি
রবীন্দ্র সংগীত গাইছি।,রবীন্দ্র সংগীত গাইর ।।
ফজরের নামাজ পড়েছেন?,ফজরর নামাছ পইজ্জুন না?
কোন ধরনের সুর পছন্দ?,হন ডইল্লে সুর ভালা লাগে দে?
"পুরোহিত ঠাকুর, কি পূজা হবে?","পুরহিত ঠাহুর,কি পূজ অইবু দে?"
"হ্যাঁ, প্রতি মাসে যাই","অয়অ,পইত্তেক মাসত যাই"
নামাজের জায়গায়,নামাজর জাগাত
"হ্যাঁ, সিদ্ধ করে","অয়অ,সিদ্ধ গরিয়েরে"
জালের ঘরে কি করেন?,জালর ঘরত কি গরন দে?
কোথায় ছবি তোলেন?,ছবি হনডে তোলেন দে?
গরম খিচুড়ি আর ভাজা খাই,গরম খিচুরি ইয়ের ভাজা হায়
নদীর পাড় ধরে,নদীর পাড় ধরিয়েরে
আপনি কি নিয়মিত ডেইরি খাবার খান?,অনেকি পইত্তেন ডেইরি হানা হন না?
নিয়মিত পানি দিয়ে,পইত্তেন পানি দিয়েরে
ঢাকার কোন মিষ্টি পছন্দ?,ঢাহার হন মিষ্টি মজা লাগে দে?
"হ্যাঁ, ঘরে ঢোকার আগে","অয়অ,ঘরত ডুকিবের আগদি"
বাংলা গজল কখন শোনেন?,বাংলা গজল হত্তে ওনন দে?
"হ্যাঁ, মোবাইলে তুলি","অয়অ,মোবাইলুত তুলি দি"
বাসার কাছে নতুন কি হচ্ছে?,ঘরর ডাহত কি অদ্দে?
এই মডেলে কি সুবিধা?,এই মডেলত কি সুবিধে?
"মাস্টার চায়ের দোকানে, যেখানে মালাই চা পাওয়া যায়","মাস্টর চাআর দোআনত,যেনডে মালাই চা পা যায়"
কোন ইন্ডাস্ট্রিতে জব করেন?,হন ইন্ডাস্ট্রিত জব গরোন?
কোন রঙের শাড়ি পরতে ভালোলাগে?,হন রংর শাড়ি পিনতে গম লাগে দে?
বাজারের কোন সময় ভিড় বেশি?,বাজারত হন সমত জাম থাগে দে?
কোন ধরনের আচরণ পছন্দ?,হন ডইল্লে হাইচ্চুত গম লাগে দে?
"হ্যাঁ, খাবার ঢাকার জন্য","অয়অ,হানা ঢাকি রাখিবেল্লায়"
বাটার পিঠা কোথায় পান?,বাডার পিডে কেন গরি বানন দে?
স্ট্রবেরি জাম পছন্দ,স্ট্রবেরি জাম গম লাগে দে
আপনি কি নিয়মিত পান্তা ভাত খান?,অনে কি পইত্তেন পানি ভাত হন না?
ধারালো খড়কে,ধারগইজ্জে হরহঅ
"একটা কমিউনিটি সেন্টার, জিম-টিম থাকবে","এক্ষান কমিউনিটি সেন্টারত, জিম-টিম থাগিবু"
গরুর গোয়ালে,গরুর গোতাইলুত
"নিজের রুমে, হেডফোন লাগিয়ে","নিজুর রুমুত,হেডফোন লাগায়"
কি দেখছ আকাশে?,কি চায়তে লাইগ্গু দে?
কোথায় বসে প্রোজেক্ট করবে?,হডে বই প্রজেক্ট গরিবে?
বারান্দার খুঁটিতে,বারান্দার খুডঁত
কোর্সটা কেমন যাচ্ছে?,কোর্স ইবে ক্যান যার?
কোর্সটা কত মাসের?,কোর্স ইবে হ মাসোর?
কোন ধরনের খোঁপা বাঁধেন?,চুল কেনগরি বাধন দে?
বাজারের কোন সবজি সস্তা?,বাজারত হন তরহারি অস্তা দে?
"একটু পরে, এখনো সেদ্ধ হয়নি।",এক্ষানা পর এহনো ন ইজে ।
কি করছে জেঠা?,কি গরের জেডা ?
চালের পিঠা কিভাবে খান?,চইলুর পিডে কেন গরি বানন দে?
টাটকা দেখে বেছে,তাজা চায় বাছিয়েরে
মাঝে মাঝে মশলা,মাঝে মাঝে মসল্লা
আপনার হবি কি?,অনত্তে কি মনে হয় দে ?
ব্যাংকে।,ব্যাংকত।
কোন দিকে বারান্দা আছে?,হনদি বারান্দা আছে দে?
কেন ফোন ধরছিলেন না?,কিল্লেই ফোন ন ধরন দে?
ভোরবেলা খেজুর গাছ থেকে সংগ্রহ করে,পোয়াত্তে বেয়িন্নে হাজুর গাছত্তুন আনি দি
পেকে গেছে।,পাগি গেইয়ি ।
কুষ্টিয়ার লালন আখড়ায় গিয়ে শুনি,কুষ্টিয়ার লালন আখরাত যাইয়েরে ওনি দি
একটু বই পড়ে,এক্ষানা বই পড়িদ্দে
বিড়াল বসে আছে।,বিলেই বয় রইয়ি ।
কোন এলাকায় থাকেন?,হন এলাহাত থাগন?
এখানে কি পাওয়া যাবে?,এন্ডে কি পঅন যাইবু?
কালোজাম কোথায় পান?,হালা জাম হনডে পন দে?
আপনি কি নিয়মিত হাদিস পড়েন?,অনে কি পইত্তেন হাদিস পড়ন না?
বাসায় কি ফ্রিজ আছে?,ঘরত কি ফিরিজ আছে না?
দাদা আমাকে রবীন্দ্রনাথ পড়িয়ে শোনান,দাদা আরে রবীন্দ্রনাথ পড়ি ওনয়
আপনার কি ছোট ভাই আছে?,অনত্তে কি গুর ভাই আছে না?
মাদুরের চাটাই,মাদুরর চাডা
ইলিশ মাছ এসেছে।,ইলিশ মাছ আইসসি ।
বাজারের কোন জিনিস দামি?,বাজারত হন জিনিস মংগা দে?
"রাকিব ভাই, ফুটবল ম্যাচটা কোথায় দেখবেন?","রাকিব ভাই, ফুটবল ম্যাচ ইয়েন হডে চাইবেন?"
স্থানীয় খাবার আর গ্রামীণ জীবনের ভিডিও,এনডিয়ারর হানা ইয়ের গেরামর ভিডিও
রাঙ্গামাটিতে,রাঙামাটিত
মায়ের কাছে,মাত্তুন
কিভাবে ফল রাখেন?,ফলফ্রুট কেন গরি রাহন দে?
বাড়ির কোন জায়গায় গাছ বেশি?,ঘরর হন জাগাত গাছ বেশি আছে দে?
কোন রকম গান পছন্দ?,হন ডইল্লে গান ভালা লাগে দে?
পাঁচটা নিয়ে নিন।,পাঁচ্চ লয় ফেল।
টেবিলের ড্রয়ারে,টেবিলুর ড্রয়ারত
"হ্যাঁ, আম গাছ।","অয়অ, আম গাছ।"
দেশি ফ্যাশন কি চলছে?,দেশি ফ্যাশন কি চলের দে?
তেঁতুল আছে?,তেঁতয় আছে না?
"হ্যাঁ, কাঁচা খাই","অয়অ,কেচা হায়"
গানের আসরে কি হয়?,গানর বয়ডুকুত কি অয় দে?
কোন রকম সিনেমা দেখেন?,কিরহম সিনেমা/ছবি ছন দে?
"হ্যাঁ, ভাজা করে","অয়অ,ভাজি গরিয়েরে"
রাস্তায় জ্যাম কেমন?,রাস্তাত জাম কেন?
কার কাছে আঁকা শিখছেন?,আঁকাআঁকি হাত্তুন শিক্ষুন দে?
মসলিনের শাড়ি বুনছি।,মসলিনুর শাড়ি বুনির ।
পুরনো দিনের গল্প শুনি আর আদর পাই,পুরন দিনুর কিস্তে ওনির আর আদর গরের
"হ্যাঁ, রাতে খাই","অয়অ,রাতিয়ে হায় দে এরি"
আজকে কি করবি?,আজিয়ে কি গরিবি?
"হ্যাঁ, বই রাখার জন্য","অয়অ,বই রাখিবেল্লায়"
কোথায় ক্যারাম খেলেন?,ক্যারাম হডে খেলন দে?
"হ্যাঁ, রাতে লিখি","অয়অ,রাতিয়ে লেখি দি"
"ঘরে বসে কাজ, মাথা ঠান্ডা থাকে","ঘরেত বয়েরে হাম, মাথা ঠান্ডা থাগে"
কোন ধরনের চাঁদ পছন্দ?,হন ডইল্লে চান গম লাগে দে?
নিকাহ পড়বেন?,নিকাহ পড়িবেন না?
নফল পড়েছেন?,নফল পইজ্জুন না ?
ইউটিউব দেখে,ইউটিউব চাইয়েরে
খুলনার গলদা চিংড়ি কিভাবে রান্না করেন?,খুলনার ইছে মাছ কেন গরি রাধন দে?
কোথায় সাবমিট করবেন?,সাবমিট হডে গরিবেন দে?
"হ্যাঁ, সব জিনিসের দাম বেড়েছে","অয়অ,বেগ জিনিস মংগা অয় যার"
"জমিদার বাবু, কোন জমি দেবেন?","জমিদের বাবু,হন জবিন দিবেন ?"
দরজা বন্ধ?,দরজা বাঁধা ?
জাম পাকা আছে?,জাম পাইক্ষে আছে না ?
গ্রামের মুদিরা কি করেন?,গেরমর বাজমালর দোআনদার অলে কি গরে দে?
পুঁইশাক কেমন?,পুঁই শাক কেন?
কিভাবে দুধ গরম করেন?,দুধ কেন গরি গরম গরন দে?
রিকশায় যাব।,রিকশেত গরি যাইয়ুম ।
দেশি গেম ডেভেলপাররা মাথা নষ্ট জিনিস বানাচ্ছে,দেশি গেম ডেভেলপার অলে মাথা নষ্ট গরিবের মতন জিনিস বানার
কিভাবে চাল ধোন?,চইল কেন গরি দোন দে?
"না, দুধ ছাড়া বানিয়েছি","না,দুধ ছাড়া বানায় দি"
বাটার নান পছন্দ,বাটার নারুটি গম লাগে দে
কোন ধরনের কাপড় পছন্দ?,হন ডইল্লে হর ভালা লাগে দে?
রিসার্চ পেপার কোথায় পাবলিশ হবে?,রিসার্চ পেপার হডে পাবলিশ অইবু?
কি ধরনের গাড়ি লাগবে?,হন ধরনর গাড়ি লাগিবু?
আপনি কি নিয়মিত গিটার বাজান?,অনে কি পইত্তেন গিটার বাজান না?
রাজশাহীর আম কখন খান?,রাজশাহীর আম হত্তে হন দে?
পথের বাঁকে।,পথর বেহাত ।
"হ্যাঁ, দুইবার মাজি","অয়অ, দুইবার মাজি দি"
কোন স্টেশনে নামবেন?,হন স্টেশনত নামিবেন দে?
কোন জায়গায় বসে খাবার খান?,হনডে বইয়েরে হানা হন দে?
দাম একটু বেশি নেয় কিন্তু টাটকা দেয়,দাম এক্ষানা বেশি লয় কিন্তু তাজা দেয়
কার কাছে গানের তালিম নেন?,হাত্তুন গানর ওয়াইজ্জে লন দে?
পথে কাদা ছিল।,পথত ফোড আছিল ।
তোমার মঙ্গল চেয়েছি।,তোয়ার ভালা চাই লাম ।
গুড় গলানো হয়েছে?,মিডে গলা অইয়ি .
বইয়ের সাথে,বইয়ুর লয়
খিচুড়ি আর মাটির হাঁড়িতে মাছ,খিচুরি ইয়ের মেডির ডেকসিত মাছ
কি করছে ধোপা?,কি গরের দে ধুইন্নে ?
মৌরি কত নেবেন?,মৌরি হতদূর লয়বেন ?
গোয়াল ঝাড়ু দিয়েছেন?,গোথাইল পুইজ্জুন না ?
কালকের গুলো আছে।,হালিয়ের ইয়িন আছে।
"হ্যাঁ, সব ডাটার","অয়অ,বেগ ডাটার"
কার কাছে বই ধার নেন?,হাত্তুন বই ওদর লন দে?
"হ্যাঁ, রাতের খাবারে","অয়অ,রাতিয়ের হানার লয়"
বিকেলে।,বিকেলবেলা ।
"কাজী দেওয়ানের, তবে দাম বেশি নেয়","কাজী দেওয়ানের, তবে দাম বেশি লয়"
কোন ধরনের নকশি কাঁথা আছে?,হন ডইল্লে কেথা আছে দে?
কোন ধরনের মোবাইল গেম খেলেন?,হন ডইল্লে মোবাইল উত গেইম খেল দে?
কার কাছে গল্প শোনেন?,হাত্তুন কিস্তে ওনন দে?
বাজারের কোন দোকানে যান?,বাজারত হন দোআনত যন দে?
বাঙালি খেলোয়াড়রা কি করে?,বাআল খেলা হাইদে ইতারা কি গরে দে?
"হ্যাঁ, সকালে যাই","অয়অ, বেয়িন্নে যাইদি"
"চিনি ছিটিয়ে, ঠান্ডা করে",চিনি ছিডিয়েরে ঠান্ডা গরি
খাতায় লিখা আছে।,হাতাত লেইক্ষে আছে ।
কুয়াকাটা বীচে কি করেন?,কুয়াকাটা বীচুত কি গরন দে?
"হ্যাঁ, উঠানে নাচে","অয়অ,উডনত নাচে ত"
"ননদ, কোন শাড়ি পরবে?","ননদ,হন শাড়ি পরিবে দে?"
কার সাথে শপিং করতে যাও?,হার লগে শপিং গইত্তু য?
"হ্যাঁ, সকালের নাশতায়","অয়অ,বেয়িন্নের নাস্তার লয়"
কি করছে কামার?,"কি গরের দে হামারে ,?"
ফেসবুক থেকে রেগুলার কাস্টমার পাই,ফেসবুকুত্তুন রেগুলার কাস্টমার পাই
কোথায় লেখাপড়া করেন?,হনডে লেহাপড়া গড় দে?
স্কুলের বন্ধুদের সাথে,স্কুলুর বন্ধু অলর লয়
ড্রেসিং টেবিলে,ডেসিং টেবিলুত
পাড়ার বটতলায় কি?,পাড়ার বটতলে কি ?
কাঁঠাল পাড়ছি।,হাট্টল পাড়ির ।
কি খুঁজছেন?,কি থোয়াইথে লাইগ্গুন দে ?
প্রতিদিন পানি দিয়ে,পইত্তেন পানি দিয়েরে
তোর বাসার সামনে কি হচ্ছে?,তোর ঘরর সাম্মদি কি অদ্দে?
বাংলা সঙ্গীত কিভাবে শেখেন?,বাংলা গান কেন গরি শিখন দে?
বন্ধুর বাসায়,বন্ধুর বাসাত
বাবার কাছ থেকে,বাপত্তুন
আজকের মিটিং কেমন গেল?,আজিয়ের মিটিং ক্যান গেলু?
আলু আর পেঁয়াজ,আলু ইয়ের পিয়েজ
দইয়ের পিঠা বানাতে খুব পারি,দইয়ুর পিডে বানাইত পারি খুব
উপজাতীয় খাবার খাই আর হাতবুনা কাপড় কিনি,চাম্ম অলর হানা হায় আর হাতে তৈয়ের গইজ্জে হর পড়ি
"হ্যাঁ, শীতকালে করি","অয়অ,শীতকাইল্লে গরি দি"
"বারান্দার কোণে, যেখানে প্রাকৃতিক আলো সবচেয়ে ভালো","বারান্দার হোনুত,যেনডে সুন্দর ফঅর পড়ে"
বারান্দার খুঁটিতে,বারান্দার খুঁডত
অফিস থেকে ফোন করে বাসায় পাঠাই,অফিসুত্তুন ফোন গরি বাসাত/ঘরত পাঠাই
কোথায় ফুল তুলেন?,ফুল হনডে তোলন দে?
বাসার ছাদে বসি রাত পর্যন্ত,ঘরর ছাদত বয় রাইত পর্যন্ত
পিঠা পুলি কে বানায়?,পুলি পিডে হনে বানায় দে?
জিরা বাটা লাগবে?,জিরে বাডা লাগিবু না ?
"হ্যাঁ, জিমে করি","অয়অ,জিমুত গরি দি"
"হ্যাঁ, বাগানের মাঝে","অয়অ,বাগানর মাঝদি"
কোন নাম্বারে?,হন নাম্বারত?
উনুনে কি রান্না করেন?,চুলত কি রাধন দে?
শালিক আর দোয়েল,শালিক ইয়ের দোয়েল
কাঁসার বাটি,কাঁসার হোটারা
"খিচুড়ি আর মাছের ঝোল, ধোঁয়ায় স্বাদ বাড়ে","খিচুরি ইয়ের মাছর ঝোল,ধোঅয় পোয়াদ বাড়ে"
রুটি আর ডাল,রুটি ইয়ের ফাইল
"হ্যাঁ, ময়মনসিংহে","অয়অ, ময়মনসিংহ"
ডেলিভারি চার্জ কত?,ডেলিভারি চার্জ হত?
লাউ কত বড়?,বাইলে হদু হত্তর ডঅর ?
কিভাবে খিচুড়ি রান্না করেন?,খিচুরি কেন গরি রাধন দে?
অনলাইনে ভালো শিক্ষকের কাছে শিখি,অনলাইনুত ভালা মাষ্টরত্তুন শিখি দি
আপনি কি নিয়মিত ঢ্যাঁড়স খান?,অনে কি পইত্তেন ঢেঁড়স হন না?
পোলাও রান্না করবেন?,পোলা ও রাধঁঅ অইয়ি না ?
আপনার কি বাড়িতে মাছ আছে?,অনর ঘরত কি মাছ আছে না?
পেকে গেলে পাড়ি,পাগি যাইলি পাড়ি দি
কোথায় শপিং করবেন?,শপিং হডে গরিবেন?
জীবনের সত্য কথা।,জীবনের সত্য কথা।।
নতুন দোকানে গিয়ে সাজানো খাবারের ছবি তুলি,নোয়া দোআনত যাইয়েরে সাজাইন্নে হানার ছবি তুলি
"কি রে, এখন কি পড়ছিস?",কিরে এহন কি পইজ্জুস দে?
ড্রয়ারের ভিতরে,ডয়ারর ভিতুরি
গ্রামের মৌলভি সাহেবরা কি বলেন?,গেরমর মুলিসাপে কি হয় দে?
পূর্ণিমার চাঁদ।,পূর্ণিমের চাঁন।
সন্ধ্যার আজান কেমন লাগে?,মহরিবর আজান কেন লাগে দে?
বাজারের কোন জিনিস বেশি চলে?,বাজারত হন জিনিস বেচা যাইদে?
মেডিকেল কলেজে,মেডিকেল কলেজ
ছবিটা কার?,ছবি ইবে হার ?
কোথায় অডিট করাবেন?,অডিট হডে গরিবেন দে?
কোন ধরনের বালতি ব্যবহার করেন?,হন ডইল্লে বালটি ব্যবার গরন দে?
সকাল বেলায়,বেয়িন্নে
বারান্দায় কে?,বারান্দাত হন ইবে ?
সামান্য সম্মানীতে মানুষের সেবা করেন,হম টিয়া দিয়েরে মাইনষুর সেবা গরে দে
"খালু জান, কোথায় ছিলেন?","খালু জান,হনডে আছিলেন ?"
রাবার কোথায়?,রাবার হনডে ?
মৃদু আঁচে,হালকা জ্বালত
হাদিস থেকে শিখেছি।,হাদিসুত্তুন শিক্ষি।
কোন খাবার বানাতে ওস্তাদ?,হানা বানাতে হনে হাবিল দে?
বাড়িতে কি রকম রান্না করেন?,ঘরত মাইজ্জি কিরহম রাধন দে?
"হ্যাঁ, গর্ত করে","অয়অ,গাত গরিয়েরে"
সকালে মেলে দিয়েছি।,বেয়িন্নে মেলি দির ।
চা খুব ভালো বানায়,চা বঅত ভালা বানায়
নদীর ঘাটে কি দেখেন?,নদীর/হালর পাড়ত কি চন দে?
মৌসুমি সবজি,সিজনর তরহারি
পড়াশোনায় ছেলেদের থেকেও এগিয়ে যাচ্ছেন,পড়ালেহাত পুয়া অলত্তুন ও আগায় যাইতে লাইগ্গুন
আপনি কি নিয়মিত ওষুধ খান?,অনে কি পইত্তেন দাবায় হন না?
নাতি-নাতনিদের আদরে ভরিয়ে রাখেন,নাতি -নাতিনুরে আদরে ভরায় রাহন
বরফ দিয়েছি।,বরফ দি ।
"লাল-সবুজ পোশাক পরি, ঐতিহ্যবাহী খাবার খাই","লাল-সবুজ হোত্তা পরি, নামগরা হানা গায়"
বাড়ির কোন জায়গায় খেলেন?,গরর হন জাগাত খেলা খেলন দে?
দুধের রসে ভিজিয়ে খাই,দুধুর রসত ভিজিয়েরে হায়
কোন সময় ফুল ফোটে?,ফুল হন সমত ফোডে দে?
কোন রকম ফুল ভালোবাসেন?,হন ডইল্লে ফুল গম লাগে দে?
"হ্যাঁ, উইকএন্ডে দেখি","অয়অ,উইকএন্ড চাইদ্দি"
কবুতরের খোপ।,হতুরুর হোপ ।
কোথায় ডেলিভারি দিবেন?,ডেলিভারি হনডে দিবেন দে?
কাক বসে আছে।,হাওঅ বয় আছে ।
বিদেশি কাজ করে দেশে বসে ডলার আনে,বিদেশি হাম গরি দেশে বইয়েরে ডলার আনে
ঢাকা বিশ্ববিদ্যালয়ে,ঢাহা বিশ্ববিদ্যালয়
কি শিখলেন?,কি শিক্ষুন দে ?
কেন আসেননি?,কিল্লে ন আইয়ু দে ?
কোন এলাকায় খেতে যান?,হন এলাহাত হাইতু যন দে?
আলু বেগুনি পছন্দ,আলু বায়ুনি গম লাগে দে
দোয়েল পাখি কোথায়?,দোয়েল পাখি হনডে ?
কিভাবে চা বানান?,চা কেন গরি বানন দে?
নতুন কি হবি আছে?,নোয়া গরি কি গইত্তু মনে হয় দে?
রোজ অনুশীলন করে সুন্দর করার চেষ্টা করি,পইত্তেন পইত্তেন গরি সুন্দর গরিবের চেষ্টা গরি
কোন ধরনের কাজ পছন্দ?,হন ডইল্লে হাম ভালা লাই দে?
তোদের মেসের নতুন ছেলে কেমন?,তোর ঘরর নোয়া পুয়া কেন?
বয়স হলে করাব।,বয়স অইলি গইজ্জুম।
মেলা বসেছে।,মেলা বইসসি ।
"হ্যাঁ, ভাজি করে","অয়অ,ভাজি গরিয়েরে"
গ্রামের বাড়িতে,গেরামর বাড়িত
দাম কত হলো?,দাম হত অইয়ি?
দেশি খেলা নিয়ে লাইভস্ট্রিম করছে,দেশি খেলা লইয়েরে লাইভস্ট্রিম গরের
পটল কুচি করব?,পটল কুডম পরিবু ?
প্রতিদিন সকালে টাটকা সবজি আনি,পইত্তেন বেয়িন্নে তাজা তরহারি আনি
কোন ধরনের তরকারি পছন্দ?,কিরহম তরহারি ভালা লাগে দে?
কোন ধরনের দই খান?,দই কিরহম হন দে?
কোথায় বিশ্রাম নেন?,জিরদে হন যাগাত?
"পাকা আম কুড়াই, ছায়ায় বসে খাই, দোয়েল পাখি দেখি","পাইক্ষে আম তোআই,ছামাত বইয়েরে হায় দোয়েল পাখি চাইর"
মিটার দেখে বলব।,মিটের চাইয়েরে হইয়ুম ।
ঐতিহ্য বজায় রেখে নতুনের সাথে মিলন,ঐতিহ্য বজায় রাখে নোয়া অলর লয় মিলন
দই কার কাছে পাব?,দই হার হাছে পাইয়ুম দে?
"হ্যাঁ, রাইস কুকার আছে","অয়অ,রাইস কুকার আছে ত"
লাঞ্চে কি খাবি?,লান্চত কি হাবি?
কার সাথে দেখা করতে যান?,হারলয় দেহা গইত্তু যন দে?
পুড়ে যাচ্ছে নাকি?,পুড়ি যারগু না ।
জগিং করে চা খেতে যাই দোকানে,জগিং গরি চাআ হাইতু যাইর দোআনত
ডাক্তার প্যারাসিটামল দিয়েছেন,ডাক্তরে প্যারাসিটামল দিয়ি দে
আপনার কি বাড়িতে পুদিনা আছে?,অনর ঘরত কি পুদিনা আছে না?
কোন ধরনের কাবুলি পছন্দ?,হন ডইল্লে হাবুলি গম লাগে দে?
ঐতিহাসিক উপন্যাস,ঐতিহাসিক উপন্যাস
"হ্যাঁ, ভিডিও শুটিংয়ের জন্য","অয়অ,ভিডিও শুটিংওর রায়"
কোন মার্কেটপ্লেসে বেচস?,হন মার্কেট পপ্লেসত বেছচ দে?
"কি রে, লাইভে আসিস না কেন?",কিরে লাইভুত ন কা আইয়ুচ?
পাড়ার গুরুজির কাছে,পাড়ার মুরুব্বিত্তুন
ওস্তাদ সাহেবের কাছে,ওস্তাদত্তুন
এই রুটে কত ভাড়া?,এই রোডত ভাড়া হত?
কোন রকম সাবান ব্যবহার করেন?,কিরহম সাবান ডল দে?
আপনার কি মাথা ব্যথা করছে?,অনে কি মাথাথ দুঃখইতে লাইগগুন না?
নতুন সাবান রেখেছি।,নোয়া সাবান রাইক্ষি দি ।
মিষ্টির হাঁড়ি।,মিষ্টির গরা।
কোন বই পড়ছেন?,হন বই পইত্তে লাইগ্গুন ?
আপনার কি বাড়িতে পুতিনা গাছ আছে?,অনর ঘরত কি পুদিনা গাছ আছে না?
দরজার বাইরে।,দরজার বাদ্দি ।
কোন ধরনের চিড়া পছন্দ?,কি রহম চোড় ভালা লাগে দে?
শনিবার সন্ধ্যায় ছোট টুর্নামেন্ট হয়,শনিবার আজন্নে গুর টুর্নামেন্ট অয়
"হ্যাঁ, প্রতি রুমে","অয়অ,পইত্তেক রুমুত"
নতুন একটা পডকাস্ট শুরু করছি দোস্ত,নোয়া ওগগো পডকাস্ট শুরু গইজ্জি দোস্তঅ
আপনার কি মাউস প্যাড আছে?,অনত্তে কি মাউস প্যাড আছে না?
"হ্যাঁ, খাবার তৈরি।","অয়অ,হানা তৈয়ের"
কোন ধরনের বাজনা পছন্দ?,কিরহম সন গম লাগে দে?
বাঁশ ঝাড়ে কি পাওয়া যায়,বাঁশ বুনুত কি পা যায় দে?
দুধ খাচ্ছে।,দুধ হার ।
আগুনে পুড়িয়ে,অনুত পুড়িয়েরে
আমাদের বাড়ির পিছনে মাচায়,আরঅ ঘরর পিছুদি চাংঅত
আপনার কি টুথব্রাশ হোল্ডার আছে?,অনত্তে কি টুথ ব্রাশর হোল্ডার আছে না?
ফুড প্যান্ডায়,ফুড পান্ডাত
মাটির পাত্রে,মেডির পাতিলেত
"কানকো দেখে, চোখ টাটকা কিনা বুঝে","হান চাইয়েরে, চোখদি তাজা আছে কিনা বোঝা যায়"
পাড়ায় সার্কাস এসেছে।,পাড়াত সাইর্কেস আইসসি ।
মিটিং টা কখন?,মিটিং হত্তে?
আপনি কি নিয়মিত কড়াইশুটি খান?,অনে কি পইত্তেন ওনি ভর্তা হন না?
খান জাহানের ঐতিহাসিক মসজিদ ঘুরে দেখি,খান জাহানের ঐতিহাসিক মসদুত ঘুরে চাইর
ছোট ছোট স্বপ্ন নিয়ে এগিয়ে যান,গুর গুর স্বপ্ন লয়েরে আগায় জ
"যা খাওয়াবে, তাই খাব।","যা হাবাইবে,ইয়েন হাইয়ুম ।"
"হ্যাঁ, প্রেশারের ওষুধ",অয়অ প্রেশারর ওষুধ
বাড়ির কোন দিকে হাওয়া বেশি?,ঘরর হনদি বাতাস বেশি থাগে দে?
"হ্যাঁ, নারকেল গাছে","অয়অ,নাইরকুল গাছত"
ভোরের সবজি,বেয়িন্নের তরহাআরি
কাঁচা বাঁশের চালুনি দিয়ে পান্তা ভাত খাই,কেচাঁ বাঁশর চালইন দি পানি ভাত হায়
"গ্রামের মানুষ জমা হয়, গল্প করে, পঞ্চায়েত বসে","গেরামর মানুষ একত্র অয়,গফ মারে শালিশ অয়"
গ্রামের উঠানে কি হয়?,গেরমর উডনত কি অয় দে?
সকালে এসে নিয়ে যান।,বেয়িন্নে আইয়েরে লয় যায় ।
"হ্যাঁ, রান্নাঘরে আছে","অয়অ,রান্নাঘরত আছে দে"
কি শব্দ?,কি ছন ?
গ্রামের হস্তশিল্প শহরে নিয়ে আসছে,গেরামর হস্তশিল্প শঅরত দায়েরের আইয়ির
কোথায় বন্ধুদের সাথে দেখা হয়?,বন্ধু অলর লয় হনডে দেহা অয় দে?
নীলগিরি থেকে কবে ফিরবে?,নীলগিরিত্তুন হত্তে যাইবে?
বিসমিল্লাহ খানি কবে?,বিসমিল্লাহ হানি হত্তে ?
এ্যাকোরিয়ামে,একোরিয়ামত
চন্দ্রবাড়ি কেমন জায়গা?,চন্দবাড়ি ইয়েন জাগা কেন?
আপনি কি নিয়মিত খবরের কাগজ পড়েন?,অনে কি পইত্তেন হবরর হাগজ পড়ন না?
সাধারণ পোশাক,সাধারন হরছোর
নিউজ পড়ার আর রান্নার রেসিপি দেখার অ্যাপ,হবর পড়িবের ইয়ের রান্নার রেসিপি চাইবের অ্যাপ
আপনি কি নিয়মিত স্কেচ করেন?,অনে কি পইত্তেন স্কেচ গরন না?
গ্রামের মাঝিরা কি করেন?,গেরমর মাঝি অল কেন?
গ্রামের মসজিদে কি হয়?,গেরামর মসদুত কি অয় দে?
মিষ্টি কোথা থেকে আনো?,মিষ্টি হত্তুন আনন দে?
কোথায় দাঁড়িয়ে নামাজ পড়েন?,হনডে থিয়েয় এরে নামাজ পরন দে?
কোন ধরনের শার্ট পছন্দ করেন?,হন ডইল্লে শার্ট গম লাইদে অনত্তে?
"হ্যাঁ, সালাদে দিই","অয়অ,সালাদত দি"
ধানমন্ডি লেকে হাঁটতে যাবে?,ধানমন্ডি লেকত আইটতে যাইবে?
খতমে তারাবি হবে?,হতম তারাবি অয়বু না ?
কোন প্যাকেজটা ভালো হবে?,প্যাকেজ হন্নো ভালা অইবু?
কোথায় পানি বিল দিবেন?,পানির বিল হডে দিবেন দে?
কোথায় চটি রাখেন?,সেনটল হনডে রাহন দে?
কোথায় ল্যাংগুয়েজ কোর্স করেন?,ল্যাংগুয়েজ কোর্স হত্তুন গরন দে?
নিজের সন্তানের মতো ভাতিজাদের দেখেন,নিজুর পোয়া অলর মতন ভাইপুত অলরে চন
স্বীট দই পছন্দ করি,স্কীট দই গম লাগে দে
"হ্যাঁ, শিউলি ফুল।","অয়অ, শিউলি ফুল ।"
কোথায় ইফতার করবেন?,ইফতের হডে গরিবেন দে?
ময়দা মাখা হয়নি।,ময়দা মাখা ন অয় ।
আপনি কি নিয়মিত দরজা বন্ধ করেন?,অনে কি পইত্তেন দরজা বাধি এরন না?
"দক্ষিণের রোদে, যেখানে সকালে ভালো আলো পড়ে","দইনদির রইদুত,যেইনদি বেয়িন্নের ফঅর পড়ে"
আপনার কি বাড়িতে পুঁই শাক আছে?,অনর ঘরত কি পুঁই শাক আছে না?
কি দেখছেন?,কি চাইতে লাইগ্গুন ?
"জেলে ভাই, কি মাছ পেলে?","জাইল্লে ভাই,কি মাছ পাইলে ?"
কিভাবে বাগান করা শিখলেন?,কেন গরি বাগান গরনি শিক্কুন দে?
কালকে বদলেছি।,হালিয়ে বদলায় ।
রাতে ছাদে বসে গপ্পো হয়,রাতিয়ে ছাদত বইয়েরে গফ মারা অয়
চিংড়ি দিয়ে রান্না করি,ইছে মাছ দিয়েরে রাধিঁদ্দি
"খালা জান, কি রাঁধবে আজ?","হালাজান,কি রাধিঁবে দে আজিয়ে ?"
তোর ক্যাফের স্পেশাল কি?,তোর ক্যাফের স্পেশাল কি?
কি সবজি কিনবেন?,কি তরহারি কিনিবেন?
প্যাড দেখছেন?,প্যাড দেক্ষুন না ?
"হ্যাঁ, অফিসের ডকুমেন্ট","অয়অ,অফিসুর ডকুমেন্ট"
আপনি কি নিয়মিত সরিষা শাক খান?,অনি কি পইত্তেন অরই শাক হন না?
তালাক হয়েছে?,তালাক অইয়ি না ?
ছোট ভাইয়ের সাথে,ছোট ভাইয়ুর লয়
"হ্যাঁ, চা দিয়ে","অয়অ,চা দিয়েরে"
আম আর কাঁঠাল।,আম ইয়ের হাট্টল।।
কোন ধরনের পান খান?,পান কিরহম হন দে?
শেয়ার মার্কেটে,শেয়ার মার্কেট
নিয়ম মেনে,নিয়ুম মানিয়েরে
প্র্যাকটিস করে,প্রাকটিইস গরিয়েরে
জীবনের মূল্যবান শিক্ষা নাতি-নাতনিদের দেন,জীবনর মূল্যবান শিক্ষে নাতি -নাতিনুরে দন
কোন ধরনের হাঁড়ি ব্যবহার করেন?,কি রহম ডেকসি ব্যবার গরন দে?
"ছোট ভাই-বোনদের নিয়ে, বিকেলের দিকে","ছোট ভাই-বঈন লইয়েরে, বিকেলবেলার ইক্ষে"
"হ্যাঁ, স্টুডেন্টদের কাছ থেকে","অয়অ, স্টুডেন্টত্তুন লয় দি"
টিকেটের দাম কত?,টিকিটুর দাম হত ?
"হ্যাঁ, ভাপা করে","অয়অ,ভাপ দিয়েরে"
কোথায় নামবেন?,হডে নামিবেন?
কিভাবে ফুল গাছে পানি দেন?,ফুল গাছত কেন গরি পানি দিয়ন দে?
তাঁতের শাড়ি কত দাম?,তাতর শাড়ির দর/দাম হত?
গ্রামের পথে কি?,গেরামর পথত কি ?
আজ মাছের দাম কম।,আজিয়ে মাছর দাম অস্থা।
কোন ধরনের চুড়ি পরেন?,কিরহম চুড়ি পরন দে?
ফুল চড়াবেন?,ফুল চরাইবেন না ?
আপনার কি বাড়িতে কাঠবিড়ালি আসে?,অনর ঘরত কি চোলা আইয়ি না?
বিকেলে চা খেতে যাবে?,বিয়েলে চা হাইতে যাইবে?
চিংড়ি পরিষ্কার করেছেন?,ইছে মাছ সাফ গইজ্জুন না ?
বউদি কি করেন?,বউদি কি গরন?
কিভাবে মাছ বাছেন?,মাছ কেন গরি ভাজন দে?
মেনুতে কি কি আছে?,মেনুত কি কি আছে?
হাঁস-মুরগি নামছে।,আসঁ -খুর নামের ।
কোন ধরনের বাতাস পছন্দ?,কি রহম বাতাস গরিলি ভালা লাগে দে?
"হ্যাঁ, দাদার দেওয়া","অয়অ,দাদার দিয়ে"
"গ্রামের সবাই মিলে পোলাও-কোরমা খাই, গল্প করি","গেরামর বেজ্ঞুনে মিলিয়েরে পোলা- হোরমা হায়,গফ মারি"
সব সাজিয়ে গুছিয়ে,বেজ্ঞিন সাজায় গুছায়
বিরিয়ানি কেমন হল?,বিরেনী কেন অইয়ি?
কি করছে মেসো?,কি গরের দে মেসো ?
বাংলাদেশি ইউটিউবাররা কি দেখান?,বাংলাদেশি ইউটিউবার অলে কি দেহায় দে?
ধীরে সুস্থে,আস্ত ধীরে
গ্রামের কুমোররা কি করেন?,গেরামর কুঅর অলে কি গরে দে?
"হ্যাঁ, দুটো দিন।","অয়অ,দুঅ দিন।"
আপনার কি বাড়িতে ভোমরা আসে?,অনর ঘরত কি ভোরা আইয়ি না?
সাদা-কালোর সাথে রঙের মেলবন্ধন,সাদা-হালার লয় রঙের মেলবন্ধন
বিশেষ অনুষ্ঠানে পরি আর যত্ন করে রাখি,বিশেষ অনুষ্ঠানত পরি আর যত্তন গরি রাহি
"হ্যাঁ, বাথরুমে লাগানো",অয় বাথরুমত লাগাইয়ে আছে
"হ্যাঁ, পুরনো ফাইল","অয়অ,পুরন ফাইল"
গেমটা কেমন লাগল?,গেইম ইবে ক্যান লাইগ্গি?
এই এলাকায় নতুন কি হচ্ছে?,এই এলাহাত নোয়া কি অদ্দে
মায়ের পাশে,মার ডাগদি
গেস্ট রুমে,গেস্ট রুমুত
শরবত খাবেন?,শরবত হাইবেন না ?
উত্তরা থেকে বনানী পর্যন্ত কভার করি,উত্তরাত্তুন বনানী পর্যন্ত কভার গরি
"হ্যাঁ, এ্যাকোরিয়ামে","অয়অ,একোরিয়ামত"
আপনার কি বাড়িতে মেহেদি গাছ আছে?,অনর ঘরত কি মেদি গাছ আছে না?
বড় হাসপাতালে,বড় হাসপাতালে
আপনার কি বাড়িতে শালিক আসে?,অনর ঘরত কি মনা আইয়ি না?
ইটালিয়ান পাস্তা। ইউটিউব দেখে দেখে,ইটালিয়ান পাস্তা। ইউটিউব চায় চায়
তাঁতি কাপড় বুনছে।,তাঁতি হঅর বুনের ।
বাংলা একাডেমিতে কি প্রোগ্রাম আছে?,বাংলা একাডেমিত কি প্রোগ্রাম আছে?
সব পরিষ্কার করেছি।,বেগ সাফ গইজ্জি ।
তোর এলাকায় কি ডেলিভারি ভালো?,তোরা এলাহাত কি ডেলিভারি ভালা না?
ধানমন্ডি লেকে। সন্ধ্যায় হাঁটি,ধানমন্ডি লেকত। আজইন্নে আঁটি
"আপা, মেকআপ আর্টিস্ট কখন আসবে?","আপা, মেকআপ আটিস ইবে হত্তে আইবু?"
কোন রকম বাতাস পছন্দ?,বাতাস হত্তেভালা লাগে দে?
"হ্যাঁ, খাবারের পরে","অয়অ,হানার পরে"
দেশি অ্যাপ কি ব্যবহার করো?,দেশি কি অ্যাপ ব্যবার গরন দে?
"হ্যাঁ, জামাতে পড়ি","অয়অ,জমাতে পড়ি দি"
"হ্যাঁ, পিছনের দিকে","অয়অ,পিছুদি"
আপনি কি স্পাইসি খাবার খেতে পারেন?,অনেকি ঝাল হানা হাইত পারন না?
ফুল স্লিভ কটন শার্ট,ফুল স্লিভ কটন শার্ট
অনলাইন কোর্স কি করেন?,অনলাইনুত কোর্স গরন না?
আপনার কি বাড়িতে প্রজাপতি আসে?,অনর ঘরত কি প্রজাপতি আছে না?
কোথায় গান শোনেন?,গান হডে ওনন দে?
পিছনের দিকে,পিছুদি
ভালো করে ধুয়ে কেটে খাই,ভালা গরি ধুয় হাডি হায়দি
হালকা শীত পছন্দ,হম শীত গম লাগে দে
খাতা কলম।,হাতা হলাম।
আপনি কি অনলাইন শপিং করেন?,অনে কি অনলাইন উত্তুন শপিং গরন না?
যেখানে পথ নিয়ে যায়।,যেনডে পথে লয় যায় ।
চারুকলার সামনে কি হয়?,চারুকলার সাম্মদি কি অয় দে?
রুই মাছের ফ্রাই,রুই মাছর ফেরাই
সিলেটের চা-বাগান কেমন?,সিলেটর চা বাগান কেন লাগে?
সেমাই আর গরুর রেজালা বানাই,সেমাই ইয়ের গরুর রেজালা রাঁধের
ছানার দই কোথায় পান?,ছানার দই হনডে পন দে?
বাংলা গজল কখন শোনেন?,বাংলা গজল হত্তে ওনন দে?
রজনীগন্ধা আর গোলাপ,রজনী গন্ধা ইয়ের গোলাপ
বারান্দার চেয়ারে,বারান্দার চেয়ারুত
শহীদদের শ্রদ্ধা জানিয়ে ফুল দিয়ে আসি,শহীদ অলরে শ্রদ্ধা জানিয়েরে ফুল দিয়েরে আইর
মেঠো পথে কেন যাও?,মেডির রাস্তাদি কিল্লে যন দে?
আপনি কি নিয়মিত খবর শোনেন?,অনে কি পইত্তেন হবর ওনুন না?
"বউ, রান্নায় নুন ঠিক আছে?","অ বো, রান্নাত নুন ঠিক আছে না?"
কোন ধরনের কাজল পরেন?,কিরম হাজল পরন দে?
"গ্রামের তাঁতিপাড়ায় শাড়ি বোনা হয়, নকশা দেখি","গ্রামের তাঁতিপাড়াত শাড়ি বোনা অয়, নকশা চায়"
দেশের শিল্প-সাহিত্য কি বলে?,দেশর শিল্প সাহিত্য কি হয় দে?
আপনার বাসায় কি কুকার আছে?,অনর বাসাত কি কুকার আছে না?
বাংলাদেশের পল্লী বিনোদন কি?,বাংলাদেশর গেরামর আনন্দ কি?
"হ্যাঁ, নতুন আপডেট","অয়অ,নোয়া আপডেট"
আপনার কি বাড়িতে ছায়া আছে?,অনর ঘরত কি ছামা আছে না?
দাফন হয়েছে?,দাফন গইজ্জি না?
কোন ট্রেনে যাবে ঠিক করেছো?,হন ট্রেনুত যাইবু বুলি ঠিক গইজ্জু?
নারকেল দিয়ে,নাইরকুল দিয়েছে
দেশের হকাররা কি করেন?,দেশর হকার অলে কি গরে দে?
"দাদি, কবে পিঠা বানাবেন?","দাদি, পিডে হত্তে বানাইবেন?"
আজকে কি বার?,আজিয়ে কি বার?
একটা বাঘ দেখা গিয়েছিল মাঠে।,ওগগো বাঘ দেহা গেইয়িল বিলুত ।
বর্ষাকালে কি করেন?,বর্ষা হালে কি গরন দে?
নতুন কি রান্না শিখলেন?,নতুন কি রান্না শিক্ষুন দে?
শীতের পিঠা কোথায় খান?,শীতকাইল্লে পিডে হনডে হন দে?
"সেলসম্যান ভাই, দামটা কমাইয়া রাখেন","সেলমেন ভাই, দাম এক্কানা হমায় রাহন।"
আপনি কি নিয়মিত মেডিটেশন করেন?,অনে কি পইত্তেন মেডিটেশন গরন না?
কোথায় ফুল সাজান?,ফুল হডে সাজ দে?
"বউ মা, কি ভাবছো?","বউ মা,কি ভাইবতে লাইগ্গুন দে ?"
প্র্যাকটিস সেশন কখন?,প্রেকটিস সেশন হত্তে?
মোবাইল চার্জ কত?,মোবাইল চাজ হত ?
কোন সময় লেখেন?,হন সমত লেহন দে?
কোথায় রেকর্ড করবেন?,রেকর্ড হনডে গরিবেন দে?
চিনি গলানো হচ্ছে।,চিনি গলন পরিবু ।
বাড়ির কোন জায়গায় ঘুমান?,ঘরর হন জাগাত ঘুম যন দে?
কোথায় বসে গল্প করতে ভালোলাগে?,হনডে বইয়েরে গফ মাইত্তু গম লাগে দে?
বিফ হালিম পছন্দ,বিফ হালিম গম লাগে দে
আলমারির শেলফে,আলমারির শেলফত
দারুণ রান্না করে। প্রতি শুক্রবার ডাকে,সুন্দর রান্না গরে। পইত্তেক শুক্কুরবার ডাহে
"স্পনসরশিপ নেই, সুপারচ্যাটও আসে","স্পনসরশিপ নাই, সুপারচ্যাটও আইয়ি"
কোথায় পাব?,হনডে পাইয়ুম দে?
"হ্যাঁ, ঘাস ভিজে গেছে।","অয়অ,খেড় ভিজি গেইয়ি ।"
শিক কাবাব পছন্দ,শিক কাবাব গম লাগে দে
কলেজ-ইউনিভার্সিটির স্টুডেন্টরা,কলেজ-ইউনিভার্সিটির স্টুডেন্ট অল
আপনার কি রান্নার বই আছে?,অনত্তে কি রাদিবের বই ইবে আছে না?
গরুর খাঁটি ঘি।,গরুর হাঁটি ঘি ।
লম্বা লম্বা করে,লাম্বা লাম্বা গলি
বাজারের কোন জিনিস নিয়মিত কেনেন?,বাজারত্তুন হন জিনিস পইত্তেন কিনন দে?
মসজিদের চাঁদা দিয়েছেন?,মসদুত চাদা দিয়ুন না ?
মধু আসল?,মধু আসল না?
নতুন কি ফরম্যাট ট্রাই করছস?,নোয়া কি ফরম্যাট ট্রাই গরছ দে?
আপনি কি নিয়মিত ব্লগ পড়েন?,অনে কি পইত্তেন ব্লগ পড়ন না?
কোন ধরনের কবিতা পছন্দ?,কি রহম কবিতা ভালা লাগে দে?
তোর কন্টেন্ট কিভাবে ভাইরাল হয়?,তোর কনটেন্ট কেন গরি ভাইরাল অয় দে?
কাজটা শেষ হয়েছে?,হাম ইয়েন শেষ অয়ি না?
সন্ধ্যায় কি করো?,আজইন্নে কি গরন দে?
আপনি কি নিয়মিত গার্ডেনিং করেন?,অনে কি পইত্তেন গার্ডেনিং গরন না?
কার কাছে গল্প শুনতে ভালো?,হাত্তুন কিস্তে ওইনতু গম লাগে দে?
বিলের ধারে কি?,বিলুর ধারত কি ?
প্রজন্ম থেকে প্রজন্মে ছড়িয়ে যাওয়া শিকড়,প্রজন্মত্তুন প্রজন্মর ছড়ায় যাওয়া শিকড়
কিভাবে মশা তাড়ান?,মশা কেন গরি দুরঅ দে?
গ্রাফিক্স স্টুডিওতে,গ্রাফিক্স স্টুডিও ত
আপনার কি স্মার্ট স্পিকার আছে?,অনত্তে কি স্মার্ট স্পিকার আছে না?
পানির কলটা বন্ধ?,পানির হল ইবে বন্ধ ?
বাড়ির কোন জায়গায় বিশ্রাম নেন?,ঘরর হন জাগাত জিরন দে?
"হ্যাঁ, খাবার গরম করি","অয়অ,হানা গরম গরিদ্দি"
"কি রে, চাকরিটা কেমন লাগতেছে?",কেরে চরি কেন চলের?
ভাজা কাজুবাদাম পছন্দ,ভাইজ্জে হাজু বাদাম গম লাগে দে
চশমাটা কোথায় রাখলাম?,চশমা ইয়েন হডে রাহিলাম?
ধনে পাতা আছে?,বড়পাতা আছে না?
"চাষা ভাই, কোন ফসল হল?","চাষা ভাই,হন ক্ষেত অইয়ি?"
নতুন রেস্তোরাঁ কেমন?,নতুন রেস্তোরাঁ ইয়েন ক্যান?
পাতা কুড়াই আর পাখির ডাক শুনি,পাতা কুড়ই আর পাখির ডাক ওনি
সবজি বিক্রেতা।,তরহারি বিয়ারি ।
সব কিছুই পাবি। দামও কম,বেগ কিছুই পাবি। দামও হম/অস্তা
কোন সাইড হাসল করছস?,হন সাইড হাম/হাছিল গইজ্জুস?
"টাটকা সবজি কেটে, লেবুর রস দিয়ে","তাজা তরহারি হাডি,হজির রস দি"
জামদানি শাড়ি কিভাবে কেনো?,জামদানি শাড়ি কেন গরি কিনন দে?
আপনার কি বাড়িতে বকুল গাছ আছে?,অনর ঘরত কি বকুল গাছ আছে না?
"পাড়ার মোড়ের চায়ের দোকানে, বিকেলের দিকে","পাড়ারমোড়র চাআর দোআনত, বিকেলবেলার ইক্ষে"
পড়াশোনা করে নিজের পায়ে দাঁড়াচ্ছেন,পড়ালেহা গরি নিজের পাত থিয়েন
কোথায় চা খেতে ভালোলাগে?,হনডে চা হাইতু গম লাগে দে?
শুটকি-বেগুন একসাথে বাটা,ওনি বায়ুন এককোয়ারে বাটা
"তেল কম দিয়ে, ঢাকনা দিয়ে","তেল হম দি,ঢাকনা দিয়েরে"
কার সাথে ঈদ করেন?,ঈদ হারলয় গরন দে?
মাছটা টাটকা তো?,মাছ তো তাজা আছে?
জোনাকির আলো।,জোনি পোকুর ফঅর ।
কোথায় বাসন মাজেন?,বাসন হনডে মাজন দে?
ফলের বাগান,ফলর বাগান
কিভাবে সালাদ কাটেন?,সালাদ কেন গরি হাডন দে?
হাতিরঝিল পার্কে,মতিঝিল পার্কত
কি খেলে সকালে?,সকালে কি হাইয়্যু?
আলু কচুরি পছন্দ,আলু কচুরি গম লাগে দে
কোথায় যাচ্ছেন?,হনডে যাইতেলাইগ্গুন?
কোথায় ঘুমান?,হনডে ঘুম যন দে?
কোথায় চাবি রাখেন?,চাবি হনডে রাহন দে?
কোন সময় লেখালেখি করেন?,হন সমত লেহালেহি গরন দে?
চিকেন দোপেয়াজা পছন্দ,চিকেন দোপেঁয়াজা গম লাগে দে
আমাদের বর্ষা কালীন উৎসব কি?,আরার বর্ষাহাইল্লের অনুষ্ঠান কি?
আড়াই টাকা আটি।,আড়াই টিয়া বুদা ।
বেতের ঝুড়ি কি হবে?,বেতর ঝুড়ি কি অইবু দে?
কলগেট ব্যবহার করি,কলগেট ব্যবার গরি দি
খাবার কেমন লাগলো?,হানা কেন লাইগ্গি ?
কোন দিকে যাবে মুচি?,"হন যাইবুদে মুচিই ,?"
আমার নাম রহিম।,আর নাম রহিম।
গরু দুধ দেয়?,গরু দুধ দে না ?
"তিন হাজার, লাইফটাইম এক্সেস","তিন আজার, লাইফটাইম এক্সেস"
বিদ্যুৎ চলে গিয়েছিল।,কারন গেইল গুদে।
কার সাথে ভ্রমণে যান?,হার লই ঘুইত্তু যন দে?
মেশিন বন্ধ।,মেশিন বন্ধ।।
"জ্যাঠি মা, কোন পুকুরে যাবেন?","জ্যাঠি মা,হন পইরুত যাইবেন দে?"
কার কাছে আঁকা শিখছেন?,হাত্তুন আঁকাআঁকি শিক্ষুন দে?
"না, আজ ছুটি নিয়েছি","না,ছুটি লয় দি"
শসা টাটকা তো?,শশা তাজা ত?
"হ্যাঁ, একটু হাই প্রেশার আছে","অয়অ,এক্কানা হাই প্রেশার আছে দে"
কার কাছে কাজ শিখেন?,হার লয় হাম শিখতে লাইগ্গুন দে?
"হ্যাঁ, শীতকালে","অয়অ,শীতকাইল্লে"
কোন ধরনের ঘুগনি পছন্দ?,কিরহম ঘুন্নি ভালা লাগে দে?
আমাদের পল্লী কবিতা কি বলে?,আরার গেরাইম্মে কবিতা কি হয় দে?
"বউদি গো, কি সেলাই করছো?","বউদি,কি সিলেইতে লাইগ্গুন দে ?"
বাড়ির কোন গাছে পাখি বাসা বাঁধে?,ঘরর হন গাছত পাখি বা বাঁধে দে?
কার কাছে শিক্ষা নিয়েছেন?,হাত্তুন শিক্ষুন দে?
আইটি পার্কে,আইটি পার্কত
পাখির বাসা।,পাখির বাআ ।
কাল আসবে।,হালিয়ে আইবু ।
ভাই কোথায়?,ভাই হনডে ?
"লেবু-পুদিনা দিয়ে, বরফ কুচি মিশিয়ে","হজি-পুদিনে দিয়েরে,বরফ কুচি মিয়েইয়েরে"
কোথায় ফুল কিনবেন?,ফুল হনডেত্তুন কিনিবেন দে?
ঘরে শুয়ে আছে,ঘরত পরি শায়িত
গোসল করে নিই।,গোছল গরি লয়।
সকালের সবজি,বেয়িন্নের তরহারি
গ্রামের হাটে কি করো?,গেরমর আটখোলাত কি গরন দে?
প্রজেক্ট শেষ হইছে?,প্রজেক্ট শেষ অয়ি না?
গ্রামের পথে কি?,গেরামর রাস্তাত কি ?
আজ বুধবার।,আজিয়ে বুধবার।
গোয়ালে কি হল?,গোতাইলুত কি অইয়ি?
লিচু আর জামের সময়।,লেচু ইয়ের জামর সম।।
"স্যার, প্রেজেন্টেশনটা কেমন হলো?",স্যার পেজেনটেশন ক্যান অইয়ি?
কার বিয়ে শুনলাম?,হার বিয়ে ওইনুন দে ?
কেজি চল্লিশ টাকা,কেজি চল্লিশ টিয়া
কোন সময় লেখাপড়া করেন?,লেহাপড়া হত্তে গরন দে?
আপনি কি নিয়মিত ইনভেস্ট করেন?,অনে কি পইত্তেন ইনভেস্ট গরন না?
পেঁয়াজ কুটছি।,পিয়েজ কুইট্টি।
মন্দিরে পুজো দিতে।,মন্দিরুত পূজ দিতু ।
কি করছে নাতি?,কি গরের দে নাতি ?
"খালাজান, কোন রান্না শিখবেন?","খালা জান,হন ডইল্লে রান্না শিখিবেন দে?"
"স্কুলের বন্ধুদের সাথে, যারা ঘুরতে ভালোবাসে","স্কুলুর বন্ধু অলর লয়,ইতেরাত্তে ঘুইত্তু গম লাগে দে"
পাড়ার দোকান থেকে,পাড়র দোআনত্তুন
কোন ব্যাংকে একাউন্ট আছে?,হন ব্যাংকঅত একাউন্ট আছে দে?
এখনই এসেছে।,এহনই আইসসি ।
কোন স্কুলে পড়েন?,হন স্কুলুত পড়ন ?
কোথায় লেখাপড়া করেন?,লেহাপড়া হনডে গরন দে?
কোথায় ছাতা রাখেন?,ছাতি হডে রাহন দে?
নতুন নতুন ক্লাউড কিচেন খুলতেছে,নোয়া নোয়াক্লাউড কিচেন খুলেদ্দে
আপনি কি নিয়মিত মধু খান?,অনে কি পইত্তেন মধু হন না?
"হ্যাঁ, প্রতিদিন করি","অয়অ, পইত্তেন গলি"
কোথায় ফ্ল্যাট ভাড়া নিবেন?,ফ্ল্যাট হত্তুন ভাড়া গরিবেন?
মাতৃভাষার মর্যাদা রক্ষায় কাজ করেন,মাতৃভাষার ইজ্জুত রাখিবেল্লায় হাম গরন
কোথায় মিট করবি?,হডে মিট গরিবি?
পশ্চিম আকাশে,পচিম আকাশত
কোথায় চা বাগান আছে?,চা বাগান হডে আছে দে?
ছাদে দাঁড়িয়ে বৃষ্টি দেখি আর খিচুড়ি রান্না করি,ছাদত তিয়েইয়েরে ঝড় চাইর আর খিচুরি রাধিদ্দি
"আপু, শাড়ি কিনতে যাবেন কবে?","আপু, শাড়ি কিনতু হত্তে যাইবে?"
কোথায় কোরবানি করবেন?,কোরবানি হনডে গরিবেন দে?
খড়ের গাদায় কি?,কুইজ্জেত কি ?
হালাল খাবার?,হালাল হানা?
গ্রামের মেলায় কি?,গেরামর মেলাত কি ?
"ভাবি রে, কোন রান্না শিখছো?","ভাবি রে,হন রান্না শিখতে লাইগ্গুন দে?"
কোথায় হলুদ রাখেন?,অলইদ হনডে রাহন দে?
শীতের সকালে কি করতে ভালোলাগে?,শীতকাইল্লে বেয়িন্নে কি গইত্তু মনে হয় দে?
কোথায় যাচ্ছো?,হনডে যাইতেলাইগ্গুন দে?
কেন এত হাঁটছো?,এতো আডর কিল্লাই?
জানালা খোলা কেন?,জানালা খোলা কা ?
এলাকার নতুন মসজিদে। হাফেজ সাহেব দারুণ পড়ান,এলাহার নো মসদুত। আফজ সাআব সুন্দর গরি পড়ায়
কফি হাউসে,কফি হাউসে
বর্ষার দিনে কি করো?,বর্ষার দিনুত কি গরন দে?
ট্রেন কখন ছাড়বে?,ট্রেন হত্তে ছাড়িবু
কোথায় বসে আড্ডা হয়?,হনডে বইয়েরে গফ মারন দে?
"লাইব্রেরিতে এসি আছে, চার্জও কম","লাইব্রেরিত এসি আছে, চার্জও হম"
কিভাবে বাগান করেন?,বাগান কেন গরি গরন দে?
পুঁথির পাতা।,পুঁথির পাতা ।
পিঠা বানাচ্ছে।,পিডে বানার ।
"হ্যাঁ, ঘুমানোর আগে","অয়অ,ঘুম রাজিবের আইদি"
কোথায় ঘুমান?,ঘুম যে দে হডে?
এখনই বন্ধ করছি।,এহনি বন্ধ গরির ।
নতুন সংসারের কথা।,নোয়া সংসারর হথা ।
"হ্যাঁ, ডোবায় আছে","অয়অ,ডোপয়ে আছে"
কোথায় পুঁথি রাখেন?,পুঁথি হডে রাহন দে?
গ্রামের কাঁচা রাস্তা,গেরামত কেচাঁ রাস্তা
"হ্যাঁ, রেডিওতে শুনি","অয়অ, রেডিওত ওনি দি"
পুঁই শাক কাটছেন?,পুঁই শাক হাইট্টুন না ?
ঢাকার জাদুঘরে পুরনো মসলিনের টুকরো দেখি,ঢাহার জাদুঘরত পুরন মসলিনের টুওরো চাইর
লাইব্রেরির সামনে,লাইব্রেরির সাম্মদি
আপনি কি নিয়মিত ব্লাড ডোনেট করেন?,অনে কি পইত্তেন ব্লাড ডোনেট গরন না?
"নবাবপুরের, তবে এখন দাম বেড়েছে","নবাবপুরুত, তবে এহন দাম বাইজ্জি"
পুরনো জিনিস সংগ্রহ করা খুব ভালোবাসি,পুরন জিনিস সংগ্রহ গরন বউত গম লাগে
গুলিস্তানের বই দোকানে যাবি?,গুলিস্তানর বই ওর দোয়ানত যাবি?
তোমাদের পাড়ায় কি হয়?,তোয়ার পাড়াত কি অয় দে?
ওয়েব ডেভেলপমেন্ট আর ডিজিটাল মার্কেটিং শিখছি,ওয়েব ডেভেলপমেন্ট ইয়ের ডিজিটাল মার্কেটিং শিখির
গ্রামের রাস্তায় কি?,গেরামর রাস্তাত কি?
ধান আর পাট হবে।,ধান ইয়ের পাট অইবু ।
তোর পাড়ার মুরগির দোকান কেমন?,তোর পাড়ার খুরর দোআন কেন?
ডাক্তারের অ্যাপয়েন্টমেন্ট কখন?,ডাক্তরর অ্যাপয়েন্টমেন্ট হত্তে ?
"শিলনোড়ায়, সব একসাথে মিশিয়ে","শিলোর পাডাত,এক্ষোয়ারে বেজ্ঞিন মিয়েইয়েরে"
দেশি মুরগি আর টাটকা শাক-সবজি বেছে কিনি,দেশি খুর ইয়ের তাজা শাক- তরহারি বাছি কিনি
কাপড় কাচছে।,হঅর ধুর।
অনলাইন টিকেট কাটেন?,অনলাইনুত্তুন টিকিট হাডন না?
পারিবারিক ছুটি,পারিবারিক বন্ধ লয় দি
"হ্যাঁ, আত্মীয়দের","অয়অ, আত্মীয় অলর"
"হ্যাঁ, ধুলা থেকে বাঁচাতে","অয়অ,বালুত্তুন বাঁচিবেল্লায়"
কোথায় ডাউনলোড করবেন?,ডাউনলোড হনডে গরিবেন দে?
সাতগম্বুজ মসজিদ কেমন?,সাত গম্বুজ মসদ কেন?
ফাইলটা কার?,ফাইল ইবে হার ?
হাতঘড়ি কত দেখায়?,আথর গরি হটা দেহায় ?
অফিসিয়াল পোর্টালে,অফিসিয়াল পোর্টালে
কিভাবে চা বানাতে পছন্দ?,চা কেন গরি বানন দে?
গরম পিঠা খাব।,গরম গরম পিডে হাইয়ুম ।
দরজার পাশে,দরজার ডাহত
জলপানের দোকানে চানাচুর আর ঝালমুড়ি,পান সুঅরির দোআনত চেনাচুর ইয়ের ঝালমুড়ি
বাইরে যাবি নাকি?,বাইরে যাবিনি?
লাড্ডু গোল করেছেন?,লাড্ডু গোল গইত্তে লাইগ্গুন না?
গোয়ালঘরে কি করেন?,গোতাইলুত কি গরন দে?
কোথায় দাওয়াত খেতে যান?,দত হাইতু হনডে যন দে?
তোর পছন্দের জায়গা কোনটা?,তোরত্তে হন জাগা গম লাগে দে?
রিপোর্টটা রেডি?,রিপোর্ট ইয়েন রেডি না?
কোন ধরনের ছুটি পছন্দ?,কি রহম বন্ধ পাইলি গম লাগে দে?
কোন দিকে বেড়াতে যান?,বেড়াই বেল্লায় হনডে যন দে?
কোন ধরনের মেঘ পছন্দ?,কি রহম মেঘ গরিলি ভালা লাগে দে?
তোর পছন্দের আড্ডার জায়গা?,তোরত্তে হন জাগাত গফ মাইত্তু গম লাগে দে ?
যুব শিল্পীরা স্ট্রিট আর্ট করে দেয়াল সাজাচ্ছে,যুব শিল্পী অলে স্ট্রিট আর্ট গরি দেয়াল সাজার
আপনি কি নিয়মিত চা খান?,অনে কি পইত্তেন চা হন না?
ওয়ারেন্টি কত দিনের?,ওয়ারেন্টি হ দিনুর?
গরু-বাছুর বাঁধা।,গরু- ডেহা বাঁধা ।
কি ফরম্যাটে লাগবে?,কি ফরমেট লাগিবু?
কোথায় চিরুনি রাখেন?,অনি হনডে রাহন দে?
আপনার কি বাড়িতে বেলি ফুল আছে?,অনর ঘরত কি বেলী ফুল গাছ আছে না?
মাছওয়ালার কাছে,মাছঅলার হাছে
"মেম, আমি কি ছুটি নিতে পারি?","মেম, আই কি ছুটি লইত পাইজ্জুম না?"
আমার নাম লেখা আছে।,আর নাম লেইক্ষে আছে ।
পঞ্চাশ টাকা।,পঞ্চাশ টিয়া।
কোথায় কলাপাতা রাখেন?,কেলার পাতা হনডে রাহন দে?
গাজীপুরের ভাওয়াল রাজবাড়ি যাবে?,গাজীপুরুর ভাওয়াল রাজবাড়ী যাইবে না?
"পুরান ঢাকার গলিতে, ভিউ দারুণ আসে","পুরান ঢাহার গলিত, ভিউ বউত আইয়ি"
"হ্যাঁ, বাসায় রাখি","অয়অ,ঘরত রাহি দি"
সোশ্যাল মিডিয়ায় কি দেখেন?,সোশ্যাল মিডিয়াত কি চন দে?
আজ কি বার?,আজিয়ে কি বার ?
"হ্যাঁ, বাচ্চারা খেলে","অয়অ,গুর পোয়া অলে খেলের"
সাগর কলা পছন্দ,সাগরী কেলা গম লাগে দে
আলমারির উপরে,আলমারির উর
আপনার কি স্পীকার আছে?,অনত্তে কি স্পিকার আছে না?
আপনার কি বাড়িতে পেঁচা আসে?,অনর ঘরত কি পেঁচা আইয়ি না?
বারান্দার চেয়ারে বসে সন্ধ্যাবেলা,বারান্দার চেয়ারুত বইয়েরে আজইন্নে
চায়ের সাথে কি খাবেন?,চার লই কি হাইবেন?
পান্তুয়া বানাচ্ছেন?,পান্তুয়া বানাইতে লাইগ্গুন না ?
বিমান মিউজিয়ামে যাবে কবে?,বিমান মিউজিয়ামত হত্তে যাইবে?
মিক্সড ফ্রুট সালাদ,মিক্সড ফ্রুট সালাদ
বাজারে যাবেন নাকি আমি যাব?,বাজারত যাইবেন না আই যাইয়ুম?
মোয়া বাঁধা হচ্ছে।,মোয়া বাঁধা অর ।
নবান্ন থেকে পহেলা বৈশাখ সবই উৎসবময়,নবান্নত্তুন পইলা বৈশাখ বেগসমত উৎসবময়
আপনি কি নিয়মিত তেঁতুল খান?,অনে কি পইত্তেন তেতই হন না?
"হ্যাঁ, সব চাষ শেষ।","অয়অ,বেগ চাষ শেষ ।"
লক্ষ্মীপূজার রাতে উঠানে সাজিয়ে,লক্ষীপূজর রাতিয়ে উডনত সাজাইয়েরে
কোন ধরনের লাচ্ছা পছন্দ?,কিরহম লাচ্ছা মজা লাগে দে অনত্তে?
আজকাল কার সাথে ঘুরিস?,আইজকেল হারলয় ঘুরছ দে?
মোবাইলে চার্জ আছে?,মোবাইলোত চাজ আছে না?
"হ্যাঁ, চিনি দিয়ে","অয়অ,চিনি দি"
তাঁতীপাড়ায় হাতে বোনা গামছা,তাতী পাড়াত আথে বুনইন্নে গামছা
ভাত বেড়েছেন?,ভাত ভাইজ্জুন না?
"আম্মু, ওষুধ খেয়েছেন?",আম্মু ওসুধ হাইয়ুন না?
দক্ষিণ পাড়ায়।,দইনদির পাড়াত ।
কোন সময় লেখাপড়া করেন?,হন সমত পড়ালেহা গরন দে?
আজকে এত সাজগোজ কেন?,আজিয়ে এতো সাজগোজ ক্যা?
আপনার কি স্মার্ট টিভি আছে?,অনত্তে কি স্মার্ট টিভি আছে না?
"হ্যাঁ, সোশ্যাল মিডিয়ায়","অয়অ,সোশল মিডিয়াত"
"পাখিদের কলতানের সাথে, ভোরের আজানের সময়","পাখি চেঁচামেচির লয়,ফজরর আজানর লয়"
আজ আবহাওয়া কেমন?,আজিয়ে আবহাওয়া কেন?
শীতের রাতে কি রান্না হয়?,শীতকাইল্লে রাতিয়ে কি রাধন দে?
কোন সময় লেখেন?,লেহা হন সমত লেহন দে?
"ছাদে বসে চা খাই, গল্প করি","ছাদত বইয়েরে চা হায়, গফ মারি"
"বারান্দার ইজিচেয়ারে, চায়ের কাপ নিয়ে","বারান্দাত ইজি চেয়ারুত,চাআর হাপ লয়"
বিজনেস সেন্টারে,বিজনেস সেন্টারত
বৃষ্টি পড়লে কি করো?,ঝড় পড়িলি কি গরন দে?
করলা তিতো হবে না?,হরলা তিতে অইবু না?
"কি রে, তোর সেই গেম কি হলো?",কিরে তোর সেই গেমর কি অইয়ি দে?
জীবনের সার কথা।,জীবনর ছোট হথা/ কাহিনী ।
"হ্যাঁ, রঙবেরঙের","অয়অ,বউত রংঅর"
কোন ধরনের পকোড়া পছন্দ?,কিরহম পকোরা গম লাগে দে?
"হ্যাঁ, গ্রামে আছে","অয়অ,গেরামত আছে"
কিভাবে সময় কাটে?,সম কেন গরি শেষ গরন দে?
কি খেলা পছন্দ?,কি খেলা গম লাগে দে ?
মনের কথা।,মনর হথা ।
বাড়ির পিছনে কি?,ঘরর পিছুদি কি?
বিখ্যাত নাশতার দোকানগুলো খুঁজে বেড়াই,নামগরা নাস্তার দোআন ইয়িন তোআইদ্দি
মাদ্রাসায় যাবেন?,মাদ্রাসাত যাইবেন না ?
আমড়া দিয়ে টক-ঝাল করে,আমড়া দিয়েরে হর ঝাল গরি
পুরনো গান।,পুরন গান।
লোকাল ব্র্যান্ডের ফ্যাশন আর ফুড কোর্ট জমজমাট,লোকাল ব্র্যান্ডের ফ্যাশন ইয়ের ফুড কোর্ট জমজমাট
হিলি-পঞ্চগড়ের কফি বিশ্বমানের হচ্ছে,হিলি-পঞ্চগড়ের কফি বিশ্বমানর অর
কক্সবাজারে কোন হোটেলে উঠবে?,কক্সবাজারর হন উটেলত উডিবে?
বই পড়ে আর লিখে,বই পড়ি আর লেহি
মহাখালীর নতুন জায়গাগুলো ট্রাই কর,মহাখালীর নোয়া জায়গাইয়িনুর ট্রাই গরির
বিকাশে করে সব পেমেন্ট মিটিয়ে দিচ্ছি,বিকাশে গরি বেগ পেমেন্ট মিটেয় দের
কোথায় বেড়াতে যাবেন?,বেড়ায়তু হডে যায়বেন?
"হ্যাঁ, নামাজের আগে","অয়অ,নামাজর আগদি"
দূরের পাহাড়ে।,দুরর পাআড় ।
"দাদীর সাথে, উনার কাছে অনেক পুরনো গল্প শুনি","দাদীর লয়,ইবেত্তুন বউত পুরন হথা উনি"
ছাদে কি পড়ল?,ছাদত কি পইজ্জি ?
আপনার বাসা কোথায়?,অনর বাড়ি হডে?
নতুন সকাল।,নোয়া বেয়িন্নে ।
"হ্যাঁ, নলেজ শেয়ার করি","অয়অ,নলেজ শেয়ার গরি দি"
আপনি কি নিয়মিত কাঁথা ব্যবহার করেন?,অনে কি পইত্তেন কেতা গঅত দিয়ন না?
"ছাদের চেয়ারে বসে, যখন চারদিক শান্ত থাকে",ছাদর চেয়ারুত বইয়েরে
রহস্য গল্প,কাহিনীর গল্প/কিস্তে
সমাজের ভালো-মন্দ বিচার করে সিদ্ধান্ত দেন,সমাজর ভালা-হারাপ বিচের গরিবের সিদ্ধান্ত লয়
বন্ধুদের সাথে দেখা করব,বন্ধু অলর লয় দেহা গইজ্জুম
"ও ভাই, একটু শুনবেন?","ও ভাই এক্ষানা ওনিবেন না,?"
কাঁচা মরিচ দিয়ে পান্তা ভাতের সাথে,কেচাঁ মরিচ দিয়েরে পানি ভাতর লয়
রঙ মিলিয়ে,রং মিলেয়
রুই মাছের ঝোল,রুইত মাছর ঝোল
কোন ধরনের স্মৃতি মনে রাখেন?,হন ডইল্লে হথা মনত পরে দে?
দিদির বাড়ি।,দিদির বাড়ি ।
কোন রকম আবহাওয়া পছন্দ?,হন ডইল্লে আবহাওয়া গম লাগে দে?
বাজারের কোন জিনিস নিত্য কেনেন?,বাজারত্তুন হন জিনিস পইত্তেন কিনন দে?
অফিসিয়াল সার্ভিস সেন্টারে,অফিসিয়াল সার্ভিস সেন্টারত
"হ্যাঁ, লাইসেন্সও আছে","অয়অ,লাইসেনও আছে"
পিতলের ঘটি,পিতলর ঘটি
আপনার ফোনটা কোন ব্র্যান্ড?,অনর ফোন ইবে হন ব্র্যান্ড অর?
"ভাবি, বিরিয়ানি কেমন হইছে?","ভাবি, বিরেনি ক্যান অইয়ি?"
লাইটটা কেন জ্বলছে না?,লাইট ইবে ন জলের ক্যা?
কোন ধরনের ডেকচি ব্যবহার করেন?,হন ডইল্লে পাতিলে ব্যবার গরন দে?
কোথায় বসে লিখেন?,হন বইয়েরে লেহন দে?
"ড্রাইভার ভাই, সকালে কটায় রেডি থাকবেন?","ড্রাইবার ভাই, সকালে হটায় রেডি থাহিবেন?"
আপনার কি বাড়িতে পেঁচা আসে?,অনর ঘরত কি পেঁচা আইয়ি না?
কোথায় মালসা রাখেন?,মালসা হনডে রাহন দে?
খালার কাছে,হালাত্তুন
এলাকার ফুটবল টিম কেমন?,এলাহার ফুটবল টিম কেন?
গুরুজির কাছে,মুরুব্বিত্তুন
রান্নাঘরে,পাকঘরত
যাত্রাপালা বসেছে।,যাত্রা পালা বইসসি ।
কি করে যোগাযোগ করব?,কেন গরি যোগাযোগ গইজ্জুম?
কোন ধরনের বাতাস পছন্দ?,কি রহম বাতাস গম লাগে দে?
"হ্যাঁ, সকালে করি","অয়অ,বেয়িন্নে গরি দি"
"মেয়েরা কাপড় কাচে, ছেলেরা সাঁতার কাটে, নৌকা ভিড়ে","মাইপুয়া অলে হঅড় ধুয়, পুয়া অলে আচুরে, নৌক বাই"
ফিশ চপ পছন্দ,ফিশ চপ গম লাগে দে
নবান্নে নতুন ধানের সুবাস ছড়ায়,নবান্নত নোয়া ধানের বাশ ছড়ার
আপনার কি বাড়িতে গন্ধরাজ আছে?,অনর ঘরত কি গন্ধরাজ গাছ আছে না?
মাটির হাঁড়ি-পাতিল বানিয়ে জীবন চালান,মেডির ডেকসি -পাতিলে বানাইয়েরে জীবন চালন
লোকাল সার্ভারে,লোকাল সার্ভারে
"হ্যাঁ, ট্রাভেলের জন্য","অয়অ,ট্রাভেলর রায়"
"না, ইনভার্টার আছে","না,ইনভার্টার আছে দে"
হরিদাসি গান কে গায়?,হরি দাসি গান হনে গায় দে?
দেশি মসলা,দেশি মসল্লা
আপনার কি টয়লেট টিস্যু হোল্ডার আছে?,অনত্তে কি টয়লেট টিস্যু হোল্ডার আছে না?
আপনি কি চশমা পরেন?,অনেক কি চশমা পড়ন না?
মা প্রতিদিন নতুন রান্না শেখান,মা পইত্তেন নোয়া নোয়া রান্না শিখেয়
কোরআন শিক্ষা হচ্ছে।,কোরআন শিক্ষা অর ।
কোথায় যাচ্ছ মা?,হনডে যাইতে লাইগ্গু মা/আম্মু?
"হ্যাঁ, মিউচুয়াল ফান্ডে","অয়অ, মিউচুয়াল ফান্ডে"
কাঁচা বাজারে যাব,কেচা বাজারত যাইয়ুম দে
"মেম, কাল টিচার্স ডে'র প্রোগ্রাম কখন?","মেম, হালিয়ে টিচার্স ডের প্রোগ্রাম হত্তে?"
স্ট্রিট ফুড চ্যালেঞ্জ আর ট্রাভেল রিলস,স্ট্রিট ফুড চ্যালেঞ্জ ইয়ের ট্রাভেল রিলস
আপনার নাম কি?,অনর নাম কি?
বুক শেলফে,বুক শেলফত
কোন ধরনের সবজি পছন্দ?,হন ডইল্লে সবজি/তরহারি গম লাগে দে?
পুকুর ঘাটে কি করেন?,পইরু ঘাটত কি গরন দে?
তোর এলাকার ডিম পরোটা কেমন?,তোর এলাহার ডিম পরটা কেন?
রহস্য গল্প পছন্দ,কাহিনী অলা কিস্তে গম লাগে দে
তোমার গাড়ি কোথায়?,তুয়ার গাড়ি হন্ডে?
কোন চ্যানেলে ম্যাচ দেখাবে?,হন চেনেলত ম্যাচ দেহাইবু দে?
কোন ধরনের নকশি কাজ করেন?,কিরহম আথর হাম গরন দে?
সোফায় পড়ে আছে।,সোফাত পড়ি আছে ।
পাঁচ ওয়াক্ত পড়ি।,পাঁচ অত্ত পড়ি।
দুই পক্ষের মীমাংসা।,দুইপক্ষর মীমাংসা ।
পোলাও-এর সাথে স্পেশাল করে রান্না করি,পোলাও অর লয় ভালা গরি রাধিঁ দি
"চাইনিজ-বাঙালি মিক্স খাবার, টেস্ট ভালো","চাইনিজ-বাআলি মিক্স হানার, টেস্ট ভালা"
বন্ধুদের আসরে,বন্ধু অলর বইডুকুত
বারান্দার চেয়ারে,বারান্দার চেয়ারুত
ছাদে গেলে কি হয়?,ছাদত যাইলি কি অয় দে?
শোল মাছ কালো জিরে দিয়ে,শোল মাছ হাইল্লে জিরে দি
কোন ধরনের দোপেয়াজা পছন্দ?,কিরহম দোপেঁয়াজা ভালা লাগে দে অনত্তে?
বুকিং কনফার্ম হয়েছে?,বুকিং কনফারম অয়ি না?
আপনার কি ক্যামেরা আছে?,অনত্তে কি ক্যামেরা আছে না?
শাহবাগে।,শাহবাগত ।
চিড়া ভিজিয়ে রাখুন।,চোড় ভিজেয় রাহন ।
আপনার কি বুক এন্ড আছে?,অনত্তে কি বুক এন্ড আছে না?
স্টার্টআপ মিট আর টেক কনফারেন্স,স্টার্টআপ মিট ইয়ের টেক কনফারেন্স
জামাটা কাচা হয়েছে?,হোত্তা ধু অইয়ি না ?
কোন মুভি দেখবেন?,হন মুভি চাইবেন?
পাড়ায় কি হচ্ছে?,পাড়াত কি অর ?
কোন ধরনের রং পছন্দ?,হন ডইল্লে রং গম লাগে দে?
"হ্যাঁ, রাতে ডাকে","অয়অ,রাতিয়ে ডাহে"
রিফান্ড পাওয়া যাবে?,রিফান্ড পাওয়া যাইবু?
আপনার কি মাউস প্যাড আছে?,অনত্তে কি মাউস প্যাড আছে না?
কোথায় রিহার্সাল দিবেন?,রিহার্সাল হডে গরন দে?
শিশির মাখা ভোরে,হোয়া ভিজে বেয়িন্নে
আপনি কি নিয়মিত বাগান করেন?,অনে কি পইত্তেন বাগান গরন না?
দেশের কুটির শিল্পীরা কি করেন?,দেশর কুটির শিল্প অলে কি গরে দে?
আপনি কি নিয়মিত তাসবিহ পড়েন?,অনে কি পইত্তেন তসবিহ গরন না?
মশলার সঠিক ব্যবহার আর হাতের স্পর্শ,মসল্লার সঠিক ব্যবার ইয়ের আথ বাজনি
কত দিনের ট্যুর প্ল্যান করছো?,হত দিনুর ট্যুর প্ল্যান গইজ্জু?
"হ্যাঁ, ছাদে লাগিয়েছি","অয়অ,ছাদত লাগাই দি"
গ্রামের বাড়িতে কি করতে ভালোলাগে?,গেরামর বাড়িত কি গইত্তু মনে হয়দে?
কি খাবার অর্ডার দেব?,কি হানা অর্ডার দিয়ুম?
বাজারের কোন সময় ভিড় কম?,বাজারত হন সমত ঠেলাঠেলি হম দে?
আপনার কি বাড়িতে কদম গাছ আছে?,অনর ঘরত কি হদম গাছ আছে না?
পটুয়াখালির কাঁকড়া কেমন রাঁধেন?,পটুয়াখালীর কেরাঁ কেন গরি রাধন দে?
জায়নামাজে,জায়নামাজত
"হ্যাঁ, মাটিতে থাকে","অয়অ,মেডিত থাগে"
নতুন বাসায় প্রতিবেশী কেমন?,নতুন বাসার প্রতিবেশী এগুন ক্যান?
পুরনো বন্ধুদের সাথে কি করেন?,পুরন বন্ধু অলর লয় কি গরন দে?
আপনি কি নিয়মিত গান শোনেন?,অনেকি পইত্তেন গান ওনুন না?
আপনি কি নিয়মিত দান করেন?,অনে কি পইত্তেন হরাত দিয়ন না?
নতুন কিনতে হবে।,নোয়া কিনম পরিবু ।
কোন ধরনের চালুনি ব্যবহার করেন?,হন ডইল্লে চালইন ব্যবার গরন দে?
"হ্যাঁ, পুকুরে আছে","অয়অ,পইরুত আছে দে"
ছাদে কি করেন?,ছাদত কি গরন দে?
"হ্যাঁ, নানীর রেসিপি","অয়অ,নানীর রেসিপি"
কোন ধরনের ফুল পছন্দ?,হন ডইল্লে ফুল গম লাগে দে?
আপনার কি বাড়িতে বক আসে?,অনর ঘরত কি বোগা আইয়ি না?
নোয়াখালির ভর্তা কিভাবে খান?,নোয়াহালির ভর্তা কেন গরি হন দে?
আপনি কি নিয়মিত ডেন্টিস্টে যান?,অনে কি পইত্তেইন ডেন্টিস্টোর এনডে মন না?
"হ্যাঁ, নকশী কাঁথা","অয়অ,সিলেই কেথা"
শুক্রবার রাতে।,শুক্কুরবার রাতিয়ে।
"ফেসবুকে টারগেট করি, রোই ভালো","ফেসবুকুত টারগেট গরি, রোই ভালা"
"না, এখনো করি নি","না,এহনো ন গরি"
কার্তিকের শেষে কি পাওয়া যায়?,হাতি মাসর পর কি পা যায় দে?
"হ্যাঁ, টেবিলে রাখি","অয়অ,টেবিলুত রাইক্ষি দি"
পায়রা উড়ছে?,হতুর উড়ের ?
ঠান্ডা রসমালাই পছন্দ,ঠান্ডা রসমালাই গম লাগে দে
কোথায় মোবাইল সারাবেন?,মোবাইল সরাইবেন হডে?
"মেম, প্রেজেন্টেশনটা কখন দিব?","মেম, পেজেন্টেশন হত্তে দিয়ুম?"
চার মাস দশ দিন।,চাইর মাস দশ দিন ।
ভোরবেলা নদীর ঘাটে মাঝিরা যখন জাল তোলে,বেয়িন্নে নদীর ঘাটত মাঝি অল যেত্তে জাল তোলে
"হ্যাঁ, ডেস্কে রাখা","অয়অ,ডেকসত রাইক্ষে আছে"
কোন ধরনের চাল রান্না করেন?,হন ডইল্লে চইল রাধন দে?
কি খাওয়াবেন?,"কি হাবাইবেন দে,?"
"হ্যাঁ, ছয় মাস পর পর","অয়অ,ছ মাস পর পর"
আপনার কি ডিজিটাল ওজন মাপার যন্ত্র আছে?,অনত্তে কি ডিজিটাল ওজন মাপিবের মেশিন আছে না?
আপনি কি নিয়মিত ঘর ঝাড়ু দেন?,অনে কি পইত্তেন ঘর পুর না?
কর্নার থেকে পরোটা আর ডিম আনি,কর্নারত্তুন পরোটা ইয়ের ডিম আইন্নি
আপনি কি নিয়মিত ফলো আপে যান?,অনে কি পইত্তেন ফলো আপত যন না?
বইয়ের পাতায়।,বইয়ুর পাতাত ।
তোর কন্টেন্ট কিভাবে প্রমোট করস?,তোর কনটেন্ট কেন গরি প্রমোট গরছ দে?
"ডাবল স্টোরে, ওরা সাপোর্ট ভালো দেয়","ডাবল স্টোরুত, ইতারা সাপোর্ট ভালা দেয়"
প্রজেক্ট ডেডলাইন কবে?,প্রজেক্টর ডেডলাইন হত্তে?
বাংলাদেশের ছাত্রীরা কেমন?,বাংলাদেশর স্কুইল্লে মাইপুয়া অল কেন?
গলি গলি ঘুরে জিনিস বিক্রি করেন,গলি গলি ঘুরি জিনিস বেচন গুই
"কি রে, তোর চ্যানেল মার্জ করলি কেন?",কিরে তোর চ্যানেল মার্জ গইজ্জুস কেনে?
বাজারের কোন জিনিস নিত্য কেনেন?,বাজারত্তুন হন জিনিস পইত্তেন কিনন দে?
পাড়ার সালুনে যাব,পাড়ার সেলুনুত যাইয়ুম দে
আগারগাঁও অফিসে,আগারগাঁও অফিসুত্তুন
লাউয়াছড়া জাতীয় উদ্যানে কি আছে?,লাউয়াছড়া জাতীয় উদ্যানে কি আছে দে?
সিলেটি কমলা পছন্দ,সিলেটি কমলা গম লাগে দে
ঢ্যাঁড়স কাটতে হবে?,ঢেড়স হাডম পরিবু না?
"হ্যাঁ, বাগানে আসে","অয়অ,বাগানত আসে"
কোন ধরনের বাজার পছন্দ?,হন ডইল্লে বাজার গম লাই দে?
কাঁচা লঙ্কা লাগবে?,কেচাঁ মরিচ লাগিবু?
কার হাতের পিঠা সবচেয়ে ভালো?,হার আথর পিডে বেশি পোয়াদ দে?
কুয়াকাটা বীচে কি করেন?,কুয়াকাটার বীচুত কি গরন দে?
"হ্যাঁ, অফিস রুমে","অয়অ,অফিস রুমুত"
কিভাবে ফুল তোলেন?,ফুল কেন গরি তোলন দে?
কোন ধরনের ভাত পছন্দ?,কিরহম ভাত মজা লাগে দে?
কপি কত বড়?,হবি হত্তর ডঅর ?
বড়দের পায়ে হাত দিয়ে সালাম করা,বড় অলর টেংত আথ দিয়েরে সালাম গরন:
"বিকাশ-নগদে রাখি, দোকানে দিই","বিকাশ-নগদে রাহি,দোআনত দি"
স্টাডি টেবিলে,স্টাডি টেবিলুত
সুজি ভাজা হচ্ছে।,সুজি ভাজা অর ।
বাড়ির কোন জায়গায় বেশি ঠান্ডা?,ঘরর হন জাগাত বেশি ঠান্ডা লাগে দে?
কোন ধরনের মাছ রান্না করেন?,হন ডইল্লে মাছ রাধন দে?
কোথায় কফি খাবেন?,কফি হডে হাইবেন?
"হ্যাঁ, ফজরের পর পড়ি","অয়অ, ফজরর পর পড়ি দি"
দুইটা মিটিং ছিল,দুইয়েন মিটিং আছিল
কোথায় আনন্দ পান?,হনডে খুশি লাগে দে
মানবিক মূল্যবোধ আর প্রকৃতির সাথে সম্পর্ক,মানবিক মূল্যবোধ আর প্রকৃতির লয় সম্পর্ক
শুক্রবার রাতে বন্ধুরা মিলে খাই,শুক্কুরবার রাতিয়ে বন্ধু অলে মিলি হায়
আপনি কি ফেসবুক ব্যবহার করেন?,অনে কি ফেইসবুক চালান না?
কার কাছে আশীর্বাদ নেন?,হাত্তুন দোয়া লন দে?
কোথায় পিকনিক করবেন?,পিকনিক হনডে গরিবেন?
কার হাতের রান্না ভালো?,হার আথর রান্না বেশি পোয়াদ দে?
বাঁশবনের ভিতর দিয়ে।,বাঁশ বুনুর ভিতুর দি ।
নতুন কি বিজনেস করতে চাও?,নতুন কি বিজনেস গইত্তু চন দে?
অনেক চওড়া। ট্রাফিক আর নাই,বউত লাম্বা। ট্রাফিক আর নাই
এইমাত্র উঠলাম।,এহন উইট্টি দি ।
নতুন চাকরিটা কেমন?,নতুন চরি ইয়েন ক্যান?
কোথায় সিঙ্ক করবেন?,সিঙ্ক হনডে গরিবেন দে?
গরুর হাট কেমন লাগে?,গরুর বাজার কেন লাগে দে?
পাঁচতারা হোটেলে,পাঁচ তারা ওটেল
বাঁশি বাজাচ্ছে।,বাঁশি বাজার ।
মোহনপুরার দোপেঁয়াজা কেমন?,মোহনপুরার পিয়েজু কেন লাগে?
তোর ফ্রিল্যান্সিং কি নিয়ে?,তোর ফ্রিল্যান্সিং কি লইয়েরে?
আমি নিজেই নিই,আই নিজি লয় দি
"কি রে, তোর বাসার ভাড়া কত?",কিরে তোর ঘর/বাসা ভাড়া হট্টা?
"হ্যাঁ, পাটিসাপটা।","অয়অ,পাটিসাপটা ।"
অতিথিকে দেবতা মনে করে আপ্যায়ন করে,মেমানরে দেবতা মনে গরি হাতিরদারি গরে
কার সাথে দেখা করলে আনন্দ পান?,হার লয় দেহা গইল্লি গম লাগে দে?
কফি হাউসে যাবে নাকি?,কফি হাউজুত যাইবে না?
কিভাবে ফুল তোলেন?,ফুল কেন গরি তোলন দে?
কোথায় কাপড় কেনেন?,হর হত্তুন কিনন দে?
কোন মুভি দেখবে?,হন মুভি চাইবে?
"হ্যাঁ, ভ্রমণের জন্য","অয়অ,ভ্রমণর লায়"
"হ্যাঁ, রাতে করি","অয়অ,রাতিয়ে গরি দি"
"হ্যাঁ, চায়ের সাথে","অয়অ,চার লয়"
পুরনো স্কুলে,পুরন স্কুলুত
কোন রকম বই পড়েন?,হন ডইল্লে বই পড়ন দে?
লেবুর শরবত কত?,হজির শরবত হত গরি ?
মোবাইলে।,মোবাইলুত ।
কোন সময় ফ্রি থাকেন?,হন সমত ফিরি থাগন ?
হাঁড়িতে কি রান্না হচ্ছে?,ডেকসিত কি রাধাঁ অইয়ি?
চিরুনি দেখছেন?,অনি চাইয়ুন না ?
কোন মার্কেটে সেল বেশি হয়?,হন মার্কেটত সেল বেশি অয় দে?
যা চেয়েছো।,যিয়েন চাইয়ু ।
আপনার ছুটি কবে?,অনর ছুটি হত্তে?
কার সাথে মেলায় যান?,মেলাত মাইজ্জি হারলয় যন দে?
লাইন ধরে ধরে,লাইন ধরি ধরি
কোন ধরনের শরবত পছন্দ?,কিরহম শরবত গম লাগে দে?
আশুরার রোজা আছে?,আশুরত রোজা আছে না ?
কোথায় ধ্যান করেন?,হনডে এলাম দি বয়তন দে?
মাছটা কেমন হয়েছে?,মাছ ইবে কেন অইয়ি?
সন্ধ্যাবেলা গুরুর কাছে তালিম নিই,আজইন্নে ওস্তাদত্তুন উপদেশ লয়
গুলশান টুতে নতুন নতুন জায়গা খুলতেছে,গুলশান টুত নোয়া নোয়া জাগা খুইল্লি
নতুন কোন হবি আছে?,নতুন হন ইচ্ছে আছে না?
তোর নতুন কনটেন্ট কেমন?,তোর নোয়া কনটেন্ট কেন?
কোথায় যাচ্ছেন?,হনডে যাইতেলাইগ্গুন?
"হ্যাঁ, পুকুরের ধারে","অয়অ,পইরুর হাছাত"
আম আর লিচু।,আম ইয়ের লেচু।
তাল পাকা আছে।,তাল পাক্ষে আছে ।
কলিংবেল বাজল?,কলিং বেল বাজের ?
অডিওবুক শুনি আর পডকাস্ট চালাই,অডিওবুক ওনি ইয়ের পডকাস্ট চালাইর
চাবি লাগানো আছে।,চাবি লাগাইয়ে আছে ।
পান্তা ভাত কি দিয়ে খান?,পানি ভাত কি দি হন দে?
বন্ধুদের সাথে কোথায় আড্ডা দাও?,বন্ধু অলর লগে হডে আড্ডা দ?
এখানে বসব?,এন্ডে বইস্সুম না?
বাথরুমে সাবান আছে?,বাথরুমুত সাবান আছে না ?
পাড়ার ক্লাবে কি?,পাড়ার কেলাফত কি ?
শালিক পাখি কোথায়?,মনা পাখি হনডে ?
কোন ধরনের শাক পছন্দ?,হন ডইল্লে শাক মজা লাগে দে?
কে জানে।,হনে জানে ।
ভাই কি করেন এখনকার দিনে?,ভাই/ বদ্দা কি গরন দে এহন?
চায়ের দোকানে ভিড়।,চাআর দোআনত জাম ।
"হ্যাঁ, ব্রডব্যান্ড আছে","অয়অ,ব্রড ব্র্যান্ড আছে দে"
ছয় ঋতুর রং বদলায় প্রকৃতির সাজে,ছ ঝতুর রং বদলার প্রকৃতির লয়
জুমার নামাজে সবার সাথে মিলে,জুমর নামাজত বেজ্ঞুনের লয় মিলে
"আর্মি স্টেডিয়ামের চারপাশে, অনেকে যায়","আর্মি স্টেডিয়ামর চাইরু ডাগদি, বউত কিয়ায়যায়"
কলিং কার্ড কোথায়?,কলিং কার্ড হনডে ?
সার্ভিস সেন্টারে,সার্ভিস সেন্টারত
আপনি কি নিয়মিত টিউশন পড়ান?,অনে কি পইত্তেন টিউশনি গরন না?
পুকুরে মাছ ছাড়বেন?,পইরুত মাছ ফেলায়বেন না ?
চোখের কাজল,চগুর হাজল
কিভাবে সবজি কাটেন?,তরহারি কেন গরি হাডন দে?
কিভাবে রান্নাঘর গুছান?,পাকঘর কেন গরি গুছন দে?
দোকানটা কখন খুলবে?,দোয়ান হত্তে খুলিবেন দে?
কোন দিকে জানালা খোলা রাখেন?,জানালা হনদি মেলা থাগে দে?
নতুন মার্কেটে কি পাওয়া যায়?,নোয়া মার্কেটত কি পা যায় দে?
কোন সময় রোদ ভালো লাগে?,রইদ হন সমত গম লাগে দে?
বাংলা নাটক কি করেন?,বাংলা নাটক কি চন দে?
আজকে কি খেলা আছে?,আজিয়ে কি খেলা আছে না?
সামনের দিকে,সাম্মদি
সুতির চাদর,সুতির চাদর
"হ্যাঁ, গোলাপ আর গাঁদা আছে","অয়অ,গোলাপ ইয়ের গাদা আছে দে"
কোথায় শিকা বাঁধেন?,শিক হডে বাধন দে?
তোর এলাকার চাচা কি করে?,তোর এলাহার চাচা কি গরে দে?
নরম তুলার বালিশ,নরম তুলর বালুশ
আপনি কি নিয়মিত পেইন্টিং করেন?,অনে কি অক্ষল সময় পেইন্টিং গরন না?
"বিকেলে গিয়ে নতুন বই কিনি, লেখকদের সাথে কথা বলি","বিকেলবেলা বেলা যাইয়েরে নোয়া বই কিনি,লেখক অলর হথা উনি"
বারবার রিভিশন দিয়ে,বারবার রিভিশন দিয়েরে
আধুনিক বাংলা গান।,আধুনিক বাংলা গান ।
যুব শিল্পীরা কি আঁকছে?,জোয়ান শিল্পী অলে কি আঁকে দ্দে?
ইনফ্লুয়েন্সারদের কি ফলো করেন?,ইনফ্লুয়েন্সা অলরে কি ফলঅ গরন না?
আপনি কি নিয়মিত আলু খান?,অনে কি পইত্তেন আলু হন না?
"হ্যাঁ, চাটনি করে","অয়অ,চান্নি গরিয়েরে"
কিভাবে চুল শুকান?,চুল কেন গরি পোঅন দে?
বাসায় আরাম করি,ঘরত জিরেদ্দি
টিকিট কাটবেন?,টিকিট হাডিবেন না ?
মগবাজারে ট্রাফিক কেমন এখন?,মগবাজারর ট্রাফিক ক্যান এহন?
করমচা পাব?,করমচা পাইয়ুম না ?
কোন ধরনের খুন্তি ব্যবহার করেন?,হন ডইল্লে হনতি ব্যবার গরন দে?
"ভালো রান্না করে, সবার সাথে মিশে","ভালা রান্না গরে, বেজ্ঞুনুর লয় মিশে"
কোন গেম খেলছো?,হন গেম খেলর?
বাংলা কবিতার আসরে কি করেন?,বাংলা কবির আসরত কি গরন দে?
তোর বাসার সামনের দোকানদার কেমন?,তোর ঘরর সাম্মদি দোআনদার ইবে কেন?
কি উৎসব চলছে?,কি অনুষ্ঠান/উৎসব চলের?
"আপু, মেকআপ আর্টিস্ট ঠিক করেছো?","আপু, মেকআপ আটিস্ট ঠিক গইজ্জু না?"
বসন্ত কাল পছন্দ,বসন্তকাল গম লাগে দে
বিস্কুট দেন,বিস্কুট দিয়ে
কোন ধরনের রেজালা পছন্দ?,রেজালা কি রহম গম লাগে দে?
আপনার কি পুরনো ঘড়ি আছে?,অনত্তে কি পুরোন ঘড়ি আছে না?
পানি ঠান্ডা না গরম?,পানি ইয়িন গরম না ঠান্ডা?
"হ্যাঁ, গন্ধ ছড়ায়","অয়অ,বাশ দায় দে"
তোর কাজিনের বিয়েতে কি করবি?,তোর কজিনর বিয়েত কি গরিবি দি?
রহস্য উপন্যাস,কাহিনীর উপন্যাস
কি শুনবে?,কি ওনিবু ?
"বাবা গো, এত চিৎকার কেন?","অবাজি,এত্তর চিক্ষর কা ?"
সফটওয়্যার কোম্পানিতে,সফটওয়্যার কোম্পানিত
কোন ধরনের পথ পছন্দ?,হন ডইল্লে রোড অইলি ভালা লাগে দে?
আপনি কি নিয়মিত মেহমান আপ্যায়ন করেন?,অনে কি পইত্তেন মেমানঅরে আইসতু হন না?
"হ্যাঁ, পুকুরে আছে","অয়অ,পইর পারত আছে দে"
"হ্যাঁ, গত মাসে করেছি","অয়অ,গত মাসত গইজ্জ দি"
ব্যবসা করেন।,ব্যবসা গরন না ।
"জামিল ভাই, ম্যাচটা দেখবেন?",জামিল ভাই ম্যাচ ইয়েন চাইবেন না?
"হ্যাঁ, ক্রিকেট দেখি","অয়অ, ক্রিকেট চাইদ্দি"
কার সাথে গল্প করেন?,হার লয় গফ মারন দে?
পাখি ডাকছে?,পাখি ড হের না?
আলুর দম আর হালুয়া দিয়ে,আলুর দম ইয়ের আলুয়া দি
এক্সটার্নাল হার্ড ড্রাইভে,এক্সটার্নাল হার্ড ড্রাইভে
কোথায় মাছ ধরেন?,মাছ হত্তুন দরন দে?
কোথায় রেজিস্টার করবেন?,রেজিস্টার হডে গরিবেন?
"ধৈর্য ধরে, সব মশলা ঠিকমতো মিশিয়ে","সবর গরি,বেগ মসল্লা ঠিকভাবে মিয়েইয়েরে"
"বাপু রে, কি করছো গাছে?","বাপরে,কি গইত্তে লাইগ্গুন দে গাছত ?"
প্রাইভেট টিউটরের কাছে,প্রাইভেট মাষ্টরর সাথে
কুমড়ো কত?,হদু হত গরি ?
মেঘ বলেছে যাব যাব।,মেঘ হদ্দে যাইয়ুম যাইয়ুম ।
তোর এলাকার নতুন ফ্ল্যাট কেমন?,তোর এলাহার নোয়া ফ্ল্যাট কেন?
সরল মানুষের,সরল মানুষুর
শেষ কটা আছে।,শেষ হওঅ আছে ।
আপনি কি নিয়মিত দুধ খান?,অনে কি পইত্তেন দুধ হন না?
খোঁচা দিয়ে দেখুন।,হোচা দি চন ।
ক্লাউড স্টোরেজে,ক্লাউড স্টোরেজত
কোন এরিয়ায় স্পেশালাইজ করবেন?,হন এরিয়েত স্পেশালাইজ গরিবেন?
কিভাবে পরোটা বানান?,পরটা কেন গরি বানন দে?
কখন থেকে রোজা রাখছেন?,হত্তেতুন রোজা রাহন দে?
ঈদের দিন কেমন কাটে?,ঈদুর দিন কেন গরি যায় দে?
দরজার পেছনে,দরজার পিছুদি
"হ্যাঁ, সকালে করি","অয়অ,বেয়িন্নে গরি দি"
গোপালভোগ আম কেটে চিনি দিয়ে,গোপালভোগ আম হাডি চিনি দি
সেন্ট মার্টিনে,সেন্টমার্টিনে
পরীক্ষার আগে কি করো?,পরীক্ষার আগে কি গরো?
"লোকাল প্রোডাক্ট রিভিউ করি, মানুষ দেখে","লোকাল প্রোডাক্ট রিভিউ গরি, মাইনষি চায়"
কোথায় সেহরি খাবেন?,পোয়াত্তে ভাত হডে হাইবেন দে?
কাঁচা বাজারে সকালে গেলে ভালো পাওয়া যায়,কেঁচা বাজারত বেয়িন্নে গেলি ভালা পা যায়
ঠাণ্ডা পানি দিয়ে গোসল করি।,ঠান্ডা পানি দিয়েরে গোছল গরি ।
শীতে কি খান?,শীতকালে কি হন দে?
একটু সাহায্য।,এক্ষানা সাইজ্জু ।
এটা আমার ছোট ভাইয়ের,ইয়েন আর ছোট ভাইয়ুর
কোন ধরনের আকাশ পছন্দ?,হন ডইল্লে আকাশ ভালা লাগে দে?
জীবনের অভিজ্ঞতা দিয়ে নতুন প্রজন্মকে পথ দেখান,জীবনর শিক্ষে দিয়েরে নোয়া প্রজন্মরে পথ দেহায়
পাখি উড়ছে।,পাখি উরের ।
আপনি কি নিয়মিত পটোল খান?,অনে কি পইত্তেন পটল হন না?
ফুলকপি আছে?,ফুলহবি আছে না ?
বর্ষা নামবে বোধহয়।,বর্ষা নামিবু মনয় ।
নানীর হাতের,বেডির আথর
ট্রেনটা কখন ছাড়বে?,ট্রেন ইয়েন হত্তে ছারিবু?
রংপুরের শীতল পাটি কোথায় পাতেন?,রংপুরুর শীতল পাটি হনডে বিছন দে?
আপনি কি নিয়মিত মেথি শাক খান?,অনে কি পইত্তেন মেথি শাক হন না?
কোথায় আড্ডা দেন?,গফ হনডে মারন দে?
ইলিশ মাছ আর ভাত,ইলিশ মাছ ইয়ের ভাত
পুরনো বাজারে কি পাওয়া যায়?,পুরন বাজারত কি পা যায় দে?
কোন ধরনের রাস্তা পছন্দ?,হন ডইল্লে রাস্তা ভালা লাগে দে?
"হ্যাঁ, জিমে নিয়ে যাই","অয়অ,জিমুত লয় যাই দি"
ময়মনসিংহের কচুরি কেমন?,ময়মনসিংহর কচুরি কেন?
কোথায় চা খেতে ভালো?,হনডে চা হাইতু গম লাগে দে?
ধানের খেতে কি করেন?,ধানর ক্ষেতত কি গরন দে?
বন্ধুর বাসায়,বন্ধুর ঘরত
কার হাতের পিঠা সবচেয়ে ভালো?,হার আতর পিডে বেশি পোয়াদ দে?
"সন্ধ্যায় ক্রিকেট খেলে, মজার হৈচৈ","আজইন্নে ক্রিকেট খেলে, মজার হৈচৈ"
"নাগরদোলা চলে, যাত্রাপালা হয়, পিঠা-পুলির ভিড়","হলরদক্ষত চড়ি,যাত্রা পালা অয় পিডে পুলির জাম"
সূর্য উঠতে এখনও দেরি।,সূজ্জু উঠতে এহনো দেরি আছে।
ভাত আর মাছের ঝোল,ভাত ইয়ের মাছর ঝোল
সালিশি মীমাংসা হল।,সালিশুর মীমাংসা অইয়ি ।
"ভালো আছি, আপনি কেমন আছেন?","গম আছি, অনে কেন আছন?"
তোর টিমে কে কে আছে?,তোর টিমুত হন হন আছে দে?
"বসুন্ধরায় খুলছে, এসি-সাউন্ড সব ভালো","বসুন্ধরাত খুইল্লি, এসি-সাউন্ড বেগ ভালা"
দশ টাকার দিন।,দশ টিয়ার দিয়ন ।
পুড়ে যাচ্ছে নাকি?,পুড়ি যারগু না ।
বন্ধুরা মিলে চিৎকার করে উৎসাহ দেই,বন্ধু অলে মিলিয়েরে চিক্ষরিয়েরে সঅস দি
কোথায় দাওয়াত খেতে যান?,দত হাইতু হনডে মন দে?
আপনার কি ফার্স্ট এইড বক্স আছে?,অনত্তে কি ফার্স্ট এইড বক্স আছে না?
নিজের কাছে,নিজুর হাছে
এখন কি নিয়ে কাজ করছো?,এহন কি লইয়েরে হাম গরন দে?
কার সাথে ঘুরতে যান?,হার লয় ঘুইত্তু যন দে?
নতুন জামা পরে সেলফি তুলি সবার সাথে,নোয়া হোত্তা পরি সেলফি তুলির বেজ্ঞুনুর লয়
আপনার কি বাড়িতে আদা গাছ আছে?,অনর ঘরত কি আদা গাছ আছে না?
ইফতার কখন?,ইস্তের হত্তে?
নারকেল কাটা?,নাইরকুল হাইট্টে না ?
"চাচি, রোজার ইফতার কোথায় করবেন?","চাচি, রোজার ইফতার হডে গরিবেন?"
"হ্যাঁ, সালাদের সাথে","অয়অ,সালাদর লয়"
"ধানমন্ডি লেকের পাশে, ভিউ ফাটাফাটি","ধানমন্ডি লেকর ডাহত, ভিউ ফাটাফাটি"
মাছ ধরছে খালে।,মাছ ধয়জ্জি হালত।
জামগাছ।,জামগাছ।।
"হ্যাঁ, সালাদে","অয়অ,সালাদত"
বাড়িতে কি উৎসব হয়?,ঘরত মাইজ্জি কি অনুষ্ঠান অয় দে?
ছুটির ঘণ্টা বাজল।,ছুটির ঘন্টা বাজের ।
কোন মুভি দেখবি?,হন মুভি চাআবি?
শেষ দুটো আছে।,শেষ দুঅ আছে।
কোন ধরনের আনারস পছন্দ?,কিরহম আনারপ গম লাগে দে?
পাটিসাপটা আর চিতই পিঠা বানাই,পাঠিসাফটা ইয়ের চিতল পিডে বানাইর
কোন দোকানে চপ ভালো পাস?,হন দোআনত চপ ভালা পাই যায় দে?
মাটির হাঁড়িতে কি রান্না করেন?,মেডির পাতিলেত কি রাধন দে?
সকালে উঠে অনলাইন পত্রিকা দেখি,বেয়িন্নে উডি অনলাইনুত হবর চাইর
এটা স্যামসাং,ইবে স্যামসাং
সোনার হরিণ দেখলাম।,সোনার হরিণ দেখিলাম ।
বাঁদর ঝাঁক এসেছে।,বাদঁরর ঝাঁক আইসসি ।
"টুর্নামেন্টে খেলি, স্পনসরও পাইতেছি","টুর্নামেন্টে খেলি, স্পনসরও পাইর"
"হ্যাঁ, টিউটোরিয়াল দেখি","অয়অ,টিউটোরিয়াল চায়দ্দি"
"ছোট বোন, কোন স্বপ্ন দেখলে?","ছোট বইন,হন স্বপ্পনত দেখলিন দে?"
আপনি কি নিয়মিত অ্যানালাইসিস করেন?,অনে কি পইত্তেন অ্যানালাইসিস গরন না?
টাঙ্গাইলের পোড়ন পিঠা খান?,টাঙ্গাইলুর পোড়ন পিডে কেন?
পুরান ঢাকার গলিতে খাবার খেতে খেতে,পুরন ঢাহার গলিত হানা হাইতে হাইতে
শেষ টুকরোটা আছে।,শেষর টুরঅ আছে।
কোন সময় লেখাপড়া হয়?,লেহাপড়া হত্তে গরন দে?
কোন ধরনের বাটি ব্যবহার করেন?,কি রহম হোটারা ব্যবার গর দে?
"হ্যাঁ, তরকারিতে","অয়অ,তরহারিত"
কোথায় ভর্তি হবেন?,হডে ভর্তি অইবেন দে?
"হ্যাঁ, খাঁটি গরুর ঘি।","অয়অ, হাটি গরুর ঘি ।"
ভোরের বাজারে কি পান?,পোয়াইত্তে বাজারত কি পন দে?
বাড়ির কোন জায়গায় পড়েন?,ঘরর হন জাগাত পড়ন দে?
"হ্যাঁ, সপ্তাহে একবার","অয়অ, সপ্তায় একবার"
"হ্যাঁ, সেখানে বসি","অয়অ,এনডে বেয়দি"
রসগোল্লা কেমন হল?,রসগোল্লা কেন অইয়ি?
কি বানাচ্ছ দিদি?,কি বানাইতে লাইগ্গু দে দিদি?
বাগানের মাঝে কি?,বাগানর মাঝদি কি ?
দুধের পরমান্ন পছন্দ,দুধের পরমান্ন গম লাগে দে
শীতকালে,শীত কাইল্লে
আপনার কি ল্যাপটপ স্ট্যান্ড আছে?,অনত্তে কি ল্যাপটপ স্ট্যান্ড আছে না?
ছেলে কখন ফিরবে?,পুয়া হত্তে আইবু ?
সামনের উঠানে,সাম্মদির উডনত
কোন ধরনের ছোলা পছন্দ?,কি রহম ছোলা গম লাগে দে?
সই বাকি আছে।,সই বাকি আছে।
কোন ধরনের কোফতা পছন্দ?,হন ডইল্লে কোফতা গম লাগে দে?
কুরিয়ার অফিস থেকে,কুরিয়ার অফিসুত্তুন
তোর ফুপুর রান্না কেমন?,তোর ফুর রান্ন কেন?
কোন ধরনের সুপ পছন্দ?,সুপ কিরহম মজা লাগে দে?
বক দাঁড়িয়ে আছে।,বোগা থিয়েই লইয়ি।
আপনি কি গ্লাস পরেন?,অনেক কি গেলাস পরন না?
চারা কিনে,চারা কিনিয়েরে
কালী পূজা হবে।,হালী পূজ অইবু ।
কোথায় কবিতা লেখেন?,কবিতা হনডে লেহন দে?
কি সিরিয়াল দেখেন?,কি সিরিয়েল চন দে ?
তামাক খাচ্ছে।,আদা পাতা হার ।
বাংলা সিনেমা হলে কি করেন?,বাংলা সিনেমার হলত কি গরন দে?
কি করে সময় কাটে?,কি গরি সময় হাডে?
বাড়িতে কোন ফুল বেশি ফোটে?,ঘরত মাইজ্জি হন ফুল বেশি ফোডে দে?
আপনি কি নিয়মিত কুরআন পড়েন?,অনেকি পইত্তেন কোরান শরীফ পরন না?
বাল্যবন্ধুর সাথে,গুর থাকতের বন্ধুর লয়
রাঙ্গামাটির হাঁসের ডিম পাওয়া যাবে?,রাঙ্গামাটির আঁসর ডিম পওন যাইবু?
স্বপ্ন সুপার শপ থেকে,স্বপ্ন সুপার শপত্তুন
পার্কের সামনে নতুন পার্লার খুলছে,পার্কর সাম্মদি নোয়া পার্লার খুইল্লি
স্টাডি টুরে কারা যাচ্ছে?,স্টাডি টুরত হারা হারা যার?
বাম দিকের দোতলায়।,বাম ডদির দোতলাত ।
"বুবু, কোন পাখি ধরলে?","বব্বু,হন পাখি ধয়জ্জুন দে?"
শুক্রবারে ক্রিকেট টুর্নামেন্ট হয়,শুক্কুরবারে ক্রিকেট টুর্নামেন্ট অয়
কার কাছে বাজার টাকা চান?,বাজারর টিয়া হাত্তুন লন দে?
ক্যারাম।,ক্যারাম ।
কোন ধরনের তরমুজ পছন্দ?,হন ডইল্লে তরমুজ গম লাগে দে?
কিভাবে পান সাজেন?,পান কেন গরি সাজান দে?
বাজার থেকে কি আনতে ভুলে যান?,বাজারত্তুন কি আইনতু ভুলি যন দে?
এটিএম বুথে,এটিএম বুথে
বড় মসজিদে,বড় মসইদ
বৃষ্টি হলে কি করবি?,বৃষ্টি অইলি কি গরিবি?
পুরনো বন্ধুদের সাথে,পুরন বন্ধু অলর লয়
"কি রে, তোর রিভিউ চ্যানেল কেমন?",কিরে তোর রিভিউ চ্যানেল কেন?
কোন ফল পাকল?,হন ফল পাইক্ষি ?
কোথায় নামাজ পড়েন?,নামাজ হনডে পড়ন দে?
ঘাটের সিঁড়িতে কি?,ঘাটর সিঁড়িত কি ?
শীতের সকালে কোথায় যাচ্ছো?,শীতকাইল্লে বেয়িন্নে হনডে যন দে?
স্মার্ট সিটিতে কি সুবিধা পান?,স্মার্ট সিটিত কি সুবিধে লাগে দে?
সকালে কখন উঠিস?,বেয়িন্নে হত্তে উডছ দে?
বাড়ির কোন দরজা সব সময় খোলা?,ঘরর দরজা হননান সবসময় মেলা থাগে দে?
তোমার এসাইনমেন্ট শেষ?,তোয়ার এসাইনমেন্ট শেষ?
কোথায় রিহার্সাল করবেন?,রিহার্সাল হডে গরিবেন দে?
আপনার কি বাড়িতে শঙ্খচূড় আছে?,অনর ঘরত কি শঙ্খচূড় আছে না?
স্কয়ার হাসপাতালে,স্কয়ার হাসপাতালত
বাঁশবনে কি?,বাঁশবনত কি?
কাঠবিড়ালি লাফাচ্ছে।,গাছর চোলা পাল্লার ।
কোথায় তসবি রাখেন?,তসবি হনডে রাহন দে?
কি ধরনের ফল পছন্দ?,কিরহম ফলফ্রুট পছন্দ অনর?
বাড়ির কোন দিকে বাতাস আসে?,ঘরর হনদি বাতাস আইয়ি দে?
আলমারিতে রাখা।,আলমারিত রাইক্ষে ।
কোথায় ডেন্টাল চেকাপ করাবেন?,ডেন্টাল চেকআপ হডে গরিবেন দে?
রংপুরের কাচ্চি কোথায় খাওয়াবে?,রংপুরর কাচ্চি হডে হাবাইবে?
কোন মসজিদে জুমা পড়েন?,হন মসদুত জুমার নামাজ পড়ন দে?
শিউলি আর জবা।,শিউলি ইয়ের জবা।।
টুথব্রাশ করতে যাচ্ছি।,টুথ ব্রাশ গইত্তাম যাইর।
"হ্যাঁ, সকালে ফুল কুড়াই","অয়অ,বেয়িন্নে ফুল তোয়াইরদি"
অনেক কিছু।,বউত কিছু ।
"হ্যাঁ, দিনে দুইবার","অয়অ,দিনি দুইবার"
আপনি কি নিয়মিত সিঙ্ক করেন?,অনে কি পইত্তেন সিল্ক গরন না?
"হ্যাঁ, চচ্চড়ি করে","অয়অ,চচ্চরি গরিয়েরে"
দেড় কেজি।,দেড় কেজি ।
কোথায় ছবি প্রিন্ট করাবেন?,ছবি হত্তুন প্রিন্ট গরিবেন দে?
ভালোই হয়েছে।,ভালা অইয়ি।
কোথায় পড়াশোনা করেন?,পড়ালেহা হন্ডে গরন দে?
"হ্যাঁ, ফল রাখার জন্য","অয়অ, ফলফ্রুট রাহিবেল্লায়"
নতুন কি শিখছেন?,নোয়া কি শিক্ষুন দে?
বাদাম বাটা চাই?,বাদাম বাইট্টে চাই ?
কত বছর ধরে এখানে আছেন?,হ বছর ধরি আছন এড়ে?
"আন্টি, কেক টা কেমন হয়েছে?",আন্টি কেক ইবে ক্যান অইয়ি?
দাদার বিয়ে ঠিক হয়ে গেছে।,দাদা বিয়ে ঠিক অয় গেইয়ি ।
পুরনো ঢাকার গলিতে কি করেন?,পুরন ঢাহার গলির মাইজ্জি কি গরন দে?
"মুচি ভাই, কোন জুতা সারাবে?",মুচি ভাই হন জুতা সিলেইবেন দে?
নারকেল কুরে গুড় দিয়ে,নাইরকুল হুরাই মিডে দিয়েরে
দরজার পাশে রাখা।,দরজার ডাগত রাহন ।
কলার বাগানে,কেলার বাগানত
"জাল-বড়শি নিয়ে যাই, মুড়ি-চিড়া সাথে থাকে","জাল-বরকি লয় যায়,মুড়ি -চোড় ওয়ারে থাগে"
বাজারের কোন দোকানে চা ভালো?,বাজারত হন দোআনত চা ভালা লাগে দে?
কোথায় ঘুরতে ভালোলাগে?,হডে ঘুইত্তু গম লাগে দে?
মসজিদে যাবেন?,মসদুত যাইবেন না?
প্রকৃতির মাঝে,প্রকৃতির মাঝে/মধ্যে
কিভাবে সময় কাটান?,সম কেন গরি শেষ গর দে?
মাটির উনুন,"অয়অ,মেডির চুলঅ"
ফোনটা বাজে?,ফোন ইবে বাজের না ?
দেশি ফ্যাশন কি পছন্দ?,দেশি ফ্যাশন কি সুন্দর লাগে না?
হারানো দিনগুলি।,ফেলায় আইসসি দিন ইয়িন ।
মাছের ঝোল।,মাছর ঝোল।
বসার ঘরের টেবিলে,বইয়ি দে ঘরর টেবিলুত
আপনার কি ডিভিডি প্লেয়ার আছে?,অনত্তে কি ডিভিডি প্লেয়ার আছে না?
"নারকেল কুরে দিয়ে, পাঁচফোড়ন দিয়ে ফোড়ন দিই","নাইরকুলুর গুরি দি,পাচপোড়ন দি"
কোন ধরনের গল্প শুনতে ভালো লাগে?,হন ডইল্লে কিস্তে ওইনতু গম লাগে দে?
কিভাবে বাগান করা শিখলেন?,বাগান গরনি শিক্কুন দে কেনে?
কোথায় হাঁটতে যান?,আটিবেল্লায় হডে যন দে?
শেষ দশকে।,শেষ দশকত ।
"না, আজ হরতাল আছে","না,আজিয়ে এসটাইক আছে"
সেমিনার লাইব্রেরি। চুপচাপ পড়া যায়,সেমিনার লাইব্রেরিত নিজেপত পড়া যায়
কোন চ্যানেল দেখছেন?,হন চ্যানেল চাইতেলাইগ্গুন ?
মূল দরজায়,মেন দরজাত
আজকে কি মার্কেট খুলবে?,আজিয়ে কি মার্কেট খুলিবু না?
আজকে বিকেলে কি করছো?,আজিয়ে বিয়েলে কি গইজ্জু?
কার সাথে আড্ডা জমে?,হার লয় গফ মাইত্তু গম লাগে দে?
কোন রকম আবহাওয়া ভালোলাগে?,হনডইল্লে আবহাওয়া গম লাগে দে?
ফুলের বাগানে,ফুলুর বাগানত
তোর এলাকার নতুন পার্কটা কেমন?,তোর এলাহা নোয়া পার্ক ইয়েন কেন?
"প্রতিদিন সকালে উঠে, নিয়ম মেনে যত্ন নিয়ে","পইত্তেন বেয়িন্নে উডিয়েরে,নিয়ুম মানিয়েরে যত্তন লয়"
সুন্দরবন কুরিয়ারে,সুন্দরবন কুরিয়ারে।
বাইরে যাবেন নাকি?,বাদ্দি যাইবেন না?
পুকুরে কারা মাছ ধরে?,পইরুত হনে মাছ ধরে দে?
"হ্যাঁ, রাতে ডাকে","অয়অ,রাতিয়ে ডাহে"
"আপু, হোমওয়ার্কটা বুঝিয়ে দিবেন?",আফু হোমওয়ার্ক ইয়েন এক্কানা বুঝয় দিবেন না?
কোন রকম বাগান করতে চান?,হন ডইল্লে বাগান গইত্তু মনে হয় দে?
কোন এরিয়ায় অফিস ভাড়া কম?,হন এরিয়েত অফিস ভাড়া হম দে?
টেবিলের উপরে।,টেবিলুর উদ্দি ।
পুরনো বাড়িগুলো কেমন লাগে?,পুরন বাড়ি ইয়িন কেন লাগে?
গ্রুপ স্টাডি কোথায় করবি?,গ্রুপ স্টাডি হডে গরিবি?
কোথায় যাবে ছুটিতে?,ছুটিত হডে যাইবে?
সকালের গানের অনুষ্ঠান আর রাতের গল্প,বেয়িন্নের গানর অনুষ্ঠান আর রাতিয়ের গল্প
"হ্যাঁ, সামনের দিকে","অয়অ,সাম্মদি"
এই জামাটার সাইজ আছে?,হোত্তা ইবের মাপ হত?
আপনার কি বাড়িতে টুনটুনি আসে?,অনর ঘরত কি টুনটুনি আইয়ি না?
নতুন কোন মামার বাসায় যাস?,নোয়া হন মামার ঘরত যচ দে?
হেড অফিসে,হেড অফিসুত
"হ্যাঁ, গাছের ডালে","অয়অ,গাছর টেইলুত"
গোয়াল ঘরে কি?,গোতাইল ঘরত কি?
ছাতা নিয়ে অফিস যাই,ছাতি লয়েরে অফিসুত যাইর
বাংলার স্যারের কাছে,বাংলার স্যারত্তুন
পরিবারের সবার সাথে,পরিবারর বেজ্ঞুনের লয়
"হ্যাঁ, মেঘ করছে","অয়অ,মেঘ গইজ্জি"
"না, এখনো ভেজা।","না, এহনো ভিজে ।"
কি সময় আছে?,কি সম আছে ?
ট্রিপে কি কি লাগবে?,ট্রিপুত কি কি লাগিবু?
মাছের ঝোল চড়িয়েছি।,মাছর ঝোল বোআয় /চরাই ।
মৌমাছিরা এসে ভিড় করছে,মমাছি অলে জাম গরের
ফর্ম পূরণ হয়েছে?,ফরম পুরন অইয়ি না ?
কোন ধরনের কলা পছন্দ?,কি রহম কেলা গম লাগে দে অনত্তে?
কিভাবে শাক রান্না করেন?,শাক কেন গরি রাধন দে?
"হালকা মেঘলা দিন, যখন বৃষ্টির গন্ধ থাকে","হালকা মেয়িল্লে দিনুত,যেত্তে ঝড়র বাশ থাগে"
আপনি কি নিয়মিত ভিটামিন খান?,অনেক কি পইত্তেন ভিটামিন হন না?
কোথায় রিপোর্ট করবেন?,রিপোর্ট হডে গরিবেন দে?
এই জায়গাটা কি খোলা থাকবে?,এই জাগা ইয়েন কি খোলা থাইবু না?
আপনি কি নিয়মিত লাউ খান?,অনে কি পইত্তেন বাইলে হদু হন না?
"হ্যাঁ, বসন্তকালে","অয়অ,বসন্তহালে"
শাশুড়ি কেমন?,অরি কেন?
ভোরের আলো ফুটলে লেখায় মন বসে,বেয়িন্নের ফঅর অইলি লেখতু মন বয়ি
ওটা মতিন চাচার।,ইয়েন মতিন চাচার ।
তোর ইনস্টা রিলস কিভাবে বানাস?,তোর ইন্সটা রিলস কেন গরি বানস দে?
নতুন অফিসের লোকেশন কেমন?,নোয়া অফিসুর লোকেশন কেন?
কার সাথে ঘুরতে যান?,হার লয় ঘুইত্তু যন দে?
পকেটে রেখেছি।,পকেটত রাইক্ষি দি।
কোন ধরনের গল্প পছন্দ?,কিরহম কিস্তে ভালা লাগে দে?
"হ্যাঁ, রিসার্চ পেপার","অয়অ, রিসার্চ পেপার"
শাক-সবজি ধুতে আর রাখতে,শাকসবজি ধুয় তু আর রাইখতু
আপনি কি নিয়মিত হাত ধোন?,অনে কি পইত্তেন আথ দোন না?
শুধু একটু সময়।,ওদ এক্ষানা সম ।
কোথায় বন্ধুদের সাথে মিট করেন?,বন্ধু অলর লয় হনডে দেহা গরন দে?
"বউদি, চা খাবেন?",বউদি চা হাইবে না?
শত বছরের পুরনো রীতি-নীতি আর মূল্যবোধ,শত বছরর পুরন রীতি-নীতি আর মূল্যবোধ
চোখে জ্বালা করছে।,চগুত পুরাদ্দে ।
রান্নাঘরের ছাদে,পাকঘরর ছাদত
"হ্যাঁ, প্রতি মাসে করি","অয়অ,পইত্তেক মাসত গরি দি"
কনসার্টের টিকেট কিনেছো?,কনসার্টর টিগেট কিন্নু না?
মাছের ঝোল কিভাবে খান?,মাছর ঝোল কেন গরি হন দে?
কেন এত খুশি?,এতো খুশি ক্যা?
বৃষ্টি হবে মনে হয়?,ঝড় ন পরিবু পানলার?
রূপকথার গল্প,বুড়ির কিস্তে
আপনি কি নিয়মিত শিম খান?,অনে কি পইত্তেন চই হন না?
নেত্রকোনার কাথা কোথায় পান?,নেত্রকোনার কেথা হনডে পন দে?
কিভাবে অফিসে যান?,অফিসুত কেন গরি যন দে?
বিরল প্রজাতির পাখি আর প্রাণী দেখি,এক ডইল্লে পাখি ইয়ের প্রাণী চাইর
তিতাস গ্যাস অফিসে,তিতাস গ্যাস অফিসুত
কোন ধরনের সালাদ পছন্দ?,সালাদ কিরহম ভালা লাগেদে অনত্তুন?
গ্রামের বৃদ্ধরা কি বলেন?,গেরমর বুড় অলে কি হন দে?
পাটিসাপটা বানাবেন?,পাঠিসাপটা বানাইবেন না ?
কোন দিকে সবজি বাগান করেছেন?,তরহারির ক্ষেত হনদি গইজ্জুন দে?
আপনার কি শখের বাগান আছে?,অনত্তে কি মনর মত বাগান আছে না?
কোন দিকে বেশি আলো আসে?,হন ডাগদি ফঅর বেশি আইয়ি দে?
কফি হাউসে,কফি হাউসে
ইলিশ মাছের পাতলা ঝোল,ইলিশ মাছর পাতল ঝোল
কিভাবে ফল সংরক্ষণ করেন?,ফলফ্রুট কেন গরি রাহন দে?
তসবিহ পেলেন?,তসবিহ পাইয়ুন না ?
সময় শেষ।,সম শেষ।
"হ্যাঁ, নতুন ফিচার","অয়অ,নোয়া ফিচার"
"হ্যাঁ, কেনট ফিল্টার","অয়অ,কেনট ফিল্টার"
আলমারির ড্রয়ারে,আলমারির ড্রয়ারত
"টাটকা রুই মাছ, যা সকালে সকালে আসে","তাজা রুইত মাছ,যিয়িন বেয়িন্নে শরে আইয়ি"
পরোটা আর ডিম।,পরটা ইয়ের ডিমে/আন্ডা ।
ঐতিহ্যবাহী খাবার কোথায় খান?,নাম গইজ্জে হানা ইয়িন হনডে হন দে?
ফুল দিয়ে,ফুল দিয়েরে
"গুলশানে একটা নতুন কফি শপ খুলছে, দেখতে যাচ্ছি","গুলশান এহন নোয়া এক্ষান কফি শফ খুইল্লি,ইয়েন চাইতু যাইর"
পড়াশোনায় মন দিছে অবশেষে,পড়ালেহাত মন দিয়ি এতদিনি
দেশকে বদলাতে নতুন নতুন উদ্যোগ নেয়,দেশরে বদলাইতু নোয়া নোয়া উদ্যোগ লয়
কোথায় রিসার্চ করবেন?,রিসার্চ হডে গরিবেন দে?
"হ্যাঁ, এখনই।","অয়অ,এহন ।"
আপনার কি বাড়িতে নারকেল গাছ আছে?,অনর ঘরত কি নাইরকুল গাছ আছে না?
আপনি কি নিয়মিত খেসারি ডাল খান?,অনে কি পইত্তেন খেসারির ডাইল হন না?
কোন ধরনের স্বভাব পছন্দ?,হন ডইল্লে হাইচ্চুত গম লাগে দে?
বনানী সুপার মার্কেটে যাবে?,বনানীর সুপার মার্কেডত যাইবে?
গ্রামের মানুষের জন্য একটা অ্যাপ বানাচ্ছি,গেরামর মাইনষুর লায় ওগগো অ্যাপ বানাইর
আপনার কি ট্রাভেল পিলো আছে?,অনত্তে কি ট্রাভেল পিলো আছে না?
হলুদ গুঁড়ো চাই?,অলইদুর গুরি লার ?
কোথায় ইভেন্ট করবেন?,ইভেন্ট হডে গরিবেন দে?
"ফুফু, গ্রামে কবে যাচ্ছেন?","ফুফু, গ্রামত হত্তে যাইবেন?"
তিনবার পানি বদলে,তিনবার পানি বদলে
কোথায় গান শোনেন?,গান হনডে ওনন দে?
"হ্যাঁ, গোসল করব।","অয়অ,গোছল গইজ্জুম।"
"হ্যাঁ, বিকেলে পড়াই","অয়অ,বিকেল বেলা পড়াই দি"
রংপুরের পীরগঞ্জে যাচ্ছ?,রংপুরর পীরগন্জত যাইতে লাইগ্গু দে না?
কার কাছে সেলাই শিখছেন?,সিলেই হাম হাত্তুন শিক্ষুন দে?
এখনই কাটব।,এহনই হাইট্টুম ।
এই বইটা পড়ছো কেমন?,এই বই ইবে পইজ্জু ক্যান?
এখনই নিংড়াচ্ছি।,এহনই চটকাইর ।
"হ্যাঁ, ভোরে করি","অয়অ,বেয়িন্নে গরি দি"
"হ্যাঁ, একটা বিড়াল আছে","অয়অ,ওগগো বিলেই আছে দে"
"হ্যাঁ, পরিমাণ মতো।","অয়অ,আডিয়ে গরি দিয়অ ।"
আপনার কি ল্যাপটপ কুলার আছে?,অনত্তে কি ল্যাপটপ কুলার আছে না?
কোন দিকে জানালা বেশি?,হনডদি জানালা বেশি দে?
কোথায় ফটোশুট করবেন?,ছবি হডে তুলিবেন দে?
কার হাতের রান্না সবচেয়ে ভালো?,হার আথর রান্না বেশি পোয়াদ দে?
পায়ের কাছে,টেংঅর ডাহত
ফেসবুকে কি শেয়ার করেন?,ফেইসবুকুত কি কি শেয়ার গরন দে?
ছাদের কোণায়,ছাদর হোনাত
বাঙালি খাবার কি পছন্দ?,বাআলরতে হন হানা গম লাগে দে?
কোন ধরনের জাম পছন্দ?,কি রহম জাম ভালা লাগে দে?
আপনার কি স্পাইস জার আছে?,অনত্তে কি স্পাইস জার আছে না?
রবীন্দ্র সংগীত,রবীন্দ্র সংগীত
ঘি আছে?,ঘি আছে না ?
"দাদি-নানির বাড়িতে, যেখানে সবাই জমা হয়","দাদা -নানীর বাড়িত ,যেনডে বেগগুনে এককোয়ারে অয়"
কার সাথে ঘুরতে যান?,হারে লইয়েরে ঘুইত্তু যন দে?
কফি নাকি চা?,কফি না চা?
কোন ধরনের মসলা ব্যবহার করেন?,হন ডইল্লে মশল্লা হন দে?
যুবকরা আড্ডা দিচ্ছে।,জোয়ান পুয়া অলে গফ মারের ।
"হ্যাঁ, বারান্দায় আছে","অয়অ,বারান্দাত আছি দি"
"হ্যাঁ, একটা মুদির দোকান আছে","অয়অ,এক্কান মুদির দোআন আছে"
বন্ধুর বিয়েতে কোথায় প্রোগ্রাম?,বন্ধুর বিয়েত প্রোগ্রাম হনডে?
কোন খাবার বেশি পছন্দ?,হন হানা বেশি গম লাগে দে?
রুটিন দেখেছেন?,রুটিন চাইয়ুন না ?
ঘর ঝাড়ু দিয়েছেন?,ঘর পুইজ্জুন?
মিক্সড কাবুলি পছন্দ,মিক্সড কাবুলি গম লাগে দে
"নতুন টিমমেটরা মজার, প্রতি শুক্রবার আড্ডা হয়","নোয়া টিমমেট অল মিশুক মিক্ষে, পইত্তেক শুক্কুরবার গফর বইডুক অয়"
কার সাথে ঈদ করতে যান?,ঈদ হারলয় গরন দে?
বাঁশের বাশি কে বাজায়?,বাঁশর বাশি হনে বাজায় দে?
ইনস্টাগ্রামে কি ভাইরাল?,ইন্সট্রাগ্রামত কি ভাইরাল দে?
"হ্যাঁ, গিট রিপোতে","অয়অ,গিট রিপোত"
আমি কাজ করছি।,আই হাম গরির।
কবিতার বই,কবিতার বই
আপনি কি নিয়মিত বাজার করেন?,অনে কি পইত্তেন বাজার গরন না?
সায়েদাবাদের বাস কাউন্টারে দেখা হবে?,সায়েদাবাদ বাস কাউন্টারত দেহা অইবু?
ক্যালেন্ডার দেখছেন?,ক্যালেন্ডার চাইয়ুন না ?
"হ্যাঁ, উঠানের পাশে","অয়অ,উডনর ডাগদি"
তোর এলাকার পার্কে কি হয়?,তোর এলাহার পার্কত কি অয় দে?
আপনি কি নিয়মিত কপি করেন?,অনে কি পইত্তেন কপি গরন না?
"হালকা মসলা দিয়ে, তেল কম দিয়ে ঝোল করি","মসল্লা হমায় দি,তেল হম দি ঝোল গরিয়েরে"
কলাবাগানে কি করেন?,কেলাবাগানত কি গরন দে?
কোন দিকে পুকুর আছে?,হন ডাগদি পইর আছে দে?
ছুটির দিন কি করেন?,বন্ধর দিনুত কি গরন?
"হ্যাঁ, লোডশেডিংয়ের জন্য","অয়অ,লোডশেডিংঅর লাই"
"ফুফু গো, কোথায় নিয়ে যাবে?","ফু রে,হনডে লয় যাইবেন দে ?"
বান্ধবীদের সাথে,বান্ধবীর লয়
"হ্যাঁ, সিগনাল বাড়াতে","অয়অ,সিগন্যাল বাড়াতে"
পাড়ার মিষ্টির দোকান থেকে,পাড়ার মিষ্টির দোআনত্তুন
"হ্যাঁ, বেড়ার ধারে","অয়অ,বেড়ার ডাগদি"
বাংলাদেশের গৃহবধূরা কি করেন?,বাংলাদেশর ঘরর বউ অলে কি গরে দে?
আপনি কি নিয়মিত ডিম খান?,অনে কি পইত্তেন বজা হন না?
লক্ষ্মীপূজার রাতে কি করেন?,লক্ষীপূজর রাতিয়ে কি গরন দে?
ডাটাবেসে,ডাটাবেসে
পুকুরের পদ্ম কখন ফোটে?,পইরুত পদ্ম হত্তে ফুডে দে?
ছেলেমেয়েরা পড়ছে।,পুয়া মাইপুয়া অলে পড়ের ।
কাপড় শুকাচ্ছে।,হঅর পোঅর ।
আপনি কি নিয়মিত স্নান করেন?,অনে কি পইত্তেন গোছল গরন না?
কোন ফুল ফুটেছে?,হন ফুল ফুইট্টি দে ?
বিকেলে প্র্যাকটিস ম্যাচ খেলবি?,বিয়েলে প্রাকটিস ম্যাচ খেলিবি নি?
"ইলিশ, রুই, কাতলা সব মাছের দর দেখি, দরাদরি করি","ইলিশ,রুই,হাতাল মাছ বেগ মাছর দর চাই,দরদাম গরি"
পুরনো মুদি দোকানি,পুরন বাজমালর দোআনদার
"হ্যাঁ, একটু দেন।","অয়অ,এক্ষানা দিয়ন।"
ধুয়ে মুছে,ধুয় মুছিয়ে যে
পুরনো নাপিতের কাছে,পুরন নাইতের হাছে
আমাদের গ্রামীণ মেলা কেমন?,আরার গ্রামর মেলা কেন?
কোন সিরিজ দেখছো?,হন সিরিজ চঅর?
মশলা বাটতে হবে?,মশল্লা বাডম পরিবু ?
"হ্যাঁ, রাতে শুনি","অয়অ, রাতিয়ে ওনি দি"
ধানক্ষেতে কি দেখেন?,ধানক্ষেতত কি গরন দে?
রঙিন বেলুন,রংঅর পুতা
গড়পাড়ার চমচম খেতে ভিড় করি,ঘরপাড়াত চমচম হাইতু লাইন ধরে
কি করছে বাবা?,কি গরের দে আর বাপে ?
পান চিবাচ্ছে।,পান চাবার ।
সন্তানদের ভালো শিক্ষায় শিক্ষিত করতে চান,পুয়া অলরে ভালা শিক্ষেয় শিক্ষিত গইত্তু চন না
"হ্যাঁ, উঠানের মাঝে","অয়অ,উডনর মাঝদি"
"রান্নাঘরের পাশের টেবিলে, সকালের রোদে","পাকঘরর ডাগত টেবিলুত,বেয়িন্নের রইদুত"
কোন এলাকায় হোম অফিস ভালো?,হন এলাহাত হোম অফিস ভালা দে?
নম্বর কত পেলেন?,নম্বর হত পাইয়ুন দে?
মন্দিরে কি হচ্ছে?,মন্দিরুত কি অর দে?
খেজুর রস কখন পান?,হাজুরুর রস হত্তে পন দে?
কোন ধরনের রসমালাই পছন্দ?,কিরহম রসমালাই মজা লাগে দে অনত্তে?
"হ্যাঁ, সকালের নাশতায়","অয়অ,বেয়িন্নে নাস্তায়"
খেজুর গুড় কিভাবে খান?,হাজুরুর মিডে কেন গরি হন দে?
গলি ঘুরে ঘুরে খাবার খুঁজে বেড়াই,গলিত ঘুরি ঘুরি হানা থোয়াই বেড়াইর
রোজার মাসে কি রান্না করেন?,রোজাত মাইজ্জি কি রাধন দে?
লেখার টেবিলে,লেহার টেবিলুত
কোন ধরনের ঝিঙ্গা পছন্দ?,কিরহম ঝিয়ে গম লাগে দে?
"হ্যাঁ, রাতে ডাকে","অয়অ,রাতিয়ে ডাহে"
কিভাবে খাবার পরিবেশন করেন?,হানা কেন গরি সাজায় দিয়ন দে /তুলি দিয়ন দে?
কোন সাবজেক্ট পড়ান?,হন সাবজেক্ট পড়োন?
মজাদার হালিম আর বেগুনি বানাই,পোআদর হালিম ইয়ের বায়ুনি রাধিঁর
কোন ধরনের হালুয়া পছন্দ?,হালুয়া কেন লাগে অনত্তে?
"হ্যাঁ, অনলাইনে খেলি","অয়অ,অনলাইনুত খেলি দি"
"হ্যাঁ, অফিসের কাজে লাগে","অয়অ,অফিসুর হাজর লাগে দে"
লেকের পাশে বসে থাকতে ভালো লাগে,লেকর ডাহত বয় থাকতে ভালা/গম লাগে
কবে ঘুরতে যাচ্ছো?,ঘুইত্তু হত্তে যাইতে লাইগ্গু?
বন্ধুর বিয়েতে কি হয়?,বন্ধুর বিয়েত কি অয় দে?
কোন ধরনের কাজু পছন্দ?,কাজু হননুন পছন্দ অনত্তে?
এখনই চড়িয়েছি।,এহন চরাই ।
নদীর ধারে নতুন গুড় আর চিড়া খেতে,নদীর ধারে নোয়া মিডে ইয়ের চোড় হাইতু
তোর ইউটিউব থেকে কেমন আয় হয়?,তোর ইউটিউবত্তুন কেন ইনকাম অয় দে?
কার সাথে মিল বেশি?,হার লই মিলে দে বেশি?
কোন রকম গল্প শোনাতে পারেন?,হন ডইল্লে কিস্তে ওনত পারন দে?
আজ কি দিন?,আজিয়ে কি দিন?
কোন মেলায় যেতে ভালোলাগে?,হন মেলাত যাইতু গম লাগে দে?
এখনই নামালাম।,এহন নামাইদি
এলাচ কয়টা দেবেন?,এলাচি হওঅ দিবেন ?
"হ্যাঁ, ফুল ফোটে","অয়অ,ফুল ফোডে"
ভালো আছেন।,ভালা আছন না ।
দাবা খেলা পছন্দ,দাবা খেলা গম লাগে দে
রাস্তায় গান গেয়ে মানুষের মন ভোলান,রাস্তাত গান গাইয়েরে মাইনষুর মন ভোলাইর
কাচ্চি কেমন পছন্দ?,হাচ্ছি কেন লাগে?
সার মিশিয়ে,সার মিয়েরে
কি রান্না করছো?,কি রান্না গইজ্জুন?
খাটের চারপাশে,পালংঅর চাইরি ডাহদি
আপনি কি নিয়মিত পালং খান?,অনে কি পইত্তেন পালং হন না?
আপনার রিসার্চ টপিক কি?,অনর রিসার্স টপিক কি?
চায়ের দোকানে,চার দোআনত
হাটহাজারীর মাদ্রাসা দেখতে যাবে?,হাটহাজারীর মাদ্রাসা চাইতে যাইবে?
কোথায় অডিশন দিবেন?,অডিশন হডে দিবেন দে?
একই জায়গায় সূর্যোদয় আর সূর্যাস্ত দেখি,একই জাগাত সূজ্জু উডনি ইয়ের ডুপনি চাইর
বাংলাদেশের গ্রাম্য জীবন কি শেখায়?,বাংলাদেশর গেরামর জীবন কি শিখেই দে?
বাগানে বেড়াতে।,বাগানত বেড়াইতু ।
গ্রামের দুপুরে কি করেন?,গ্রামত দুইজ্জে কি হন দে?
আলার্ম শুনে,এলার্ম ওনি
চিকেন স্প্রিং রোল,চিকেন স্প্রিং রোল
সন্ধ্যায় বন্ধুদের সাথে আড্ডা দিতে,আজইন্নে বন্ধু অলর লয় গফ মারির
"দেশের পুরান জায়গার গল্প বলি, মানুষ দেখে","দেশর পুরন জাগাত গল্প হইর,মানুষ চাইর"
কেন বলছো?,কিল্লে হয়তে লাইগ্গু দে?
তিন দিন ছুটি।,তিন দিন বন্ধ ।
"হ্যাঁ, অফিস টেবিলে","অয়অ,অফিসুর টেবিলুত"
"হ্যাঁ, মার্কেট ট্রেন্ড নিয়ে","অয়অ,মার্কেট ট্রেন্ড লযইয়েরে"
পাতলা করে গুলেছি।,পাতল গরি গুইল্লি দি।
তারিখ বের হয়নি।,তারিখ বাইর ন অয় ।
স্টাডি রুমের আলমারিতে,স্টাডি রুমুর আলমারিত
ফুল ফুটেছে।,ফুল ফুডের ।
সিঁদুর কৌটার পাশে,সিঁদুরুর হোট্টার ডাগদি
আগুন কম দিয়ে,অওন হম দিয়েরে
আপনার কি বাড়িতে তেজপাতা গাছ আছে?,অনর ঘরত কি তেজপাতা গাছ আছে না?
"হ্যাঁ, সকালে পড়ি","অয়অ, বেয়িন্নে পড়ি দি"
শুটকি মাছ,ওনিমাছ
চাঁদ রাতে সেমাই আর কোলাকুলির আনন্দ,চাঁন রাইদুত সেমাই ইয়ের কোলাকুলির আনন্দ
বাঙালি খালা-খালুরা কেমন?,বাআলর হালাহালু অল কেন?
কিভাবে বাগান সাজান?,বাগান কেন গরি সাজায় রাহন দে?
ঘনিষ্ঠ বন্ধুর কাছে,গলাইয়ে বন্ধুর লয়
দই কেমন?,দই কেন ?
পুকুরে মাছ ধরছিলাম।,পইরুত মাছ ধরিদ্দি ।
"হ্যাঁ, কিচেনে রাখি","অয়অ,পাকঘরত রাখি দি"
আপনার কি মাইক্রোওয়েভ আছে?,অনত্তে ও কি মাইক্রোওয়েভ আছে না?
আজকে অফিসে যাবেন না?,আজিয়ে অফিসুত ন যাইবেন?
বিরিয়ানি।,বিরেনী ।
পাঁচ মিনিট হল।,পাঁচ মিনিট অইয়ি ।
কুরুনি দিয়ে কুরুন।,হুরানি দিয়ের হুরন ।
টবে লংকা আর ধনেপাতা লাগিয়েছি,টপত মরিচ ইয়ের বড়পাতা লাগায়
কোন খেলা খেলেন?,হন খেলা খেলন ?
কাগজি লেবু পছন্দ,হাগজি হজি গম লাগে দে
কোন ধরনের তোয়ালে ব্যবহার করেন?,হন ডইল্লে তইলে ব্যবার গরন দে?
কোন সময় বাগান করেন?,বাগান হন সমত গরন দে?
কোথায় কাঠকয়লা রাখেন?,চুলর ছাই হনডে রাহন দে?
কাদের কাদের ইনভাইট করবি?,হারে হারে ইনভাইট গরিবি?
বিদেশি ফল,বিদেশি ফল
লুচি কি দিয়ে খান?,লুচি কি দি যন দে?
নতুন পোস্টে কি করবেন?,নতুন পোস্টত কি গরিবেন?
মেলায় গেলে কি করেন?,মেলাত যাইলি কি গরন দে?
আপনার কি পুরনো অ্যালবাম আছে?,অনত্তে কি পুরন অ্যালবাম আছেনা?
কোন ধরনের সাবজি পছন্দ?,কিরহম সবজি গম লাগে?
দেশের শ্রমিকরা কেমন?,দেশর লেবার/দিনটিয়ে অলে গরে দে?
"হ্যাঁ, নতুন ফিচারের জন্য","অয়অ,নোয়া ফিচারর রায়"
হ্যান্ডলুম শাড়ি আর আর্টিজান প্রোডাক্ট,হ্যান্ডলুম শাড়ি ইয়ের আর্টিজান প্রোডাক্ট
আপনার কি ড্রাইভার আছে?,অনত্তে কি ড্রাইভার আছে না?
ভালো করে দেখে,ভালা গরি চাইয়েরে
আঁশ ছাড়াতে হবে।,আশ ছাড়ম পরিবু।
কোন ধরনের শাহী পনির পছন্দ?,কি রহম শাহী পনির গম লাগে দে ?
বাচ্চাটা কি খাবে?,গুরপোয়া ইবে কি হাইবু?
শিমুলতলায় কি?,শিমুল তলে কি?
টুপি দেখেছেন?,টুপি দেক্ষুন না ?
কি শেখার প্ল্যান?,কি শিখিবের প্লেন?
কোথায় আছোস এখন?,এহন হন্ডে আছোস তুই?
সুইচ খারাপ হয়েছে।,সুইচ হারাপ অয়গেইয়ি ।
দেশি জিনিস দেখি আর চা-নাশতা খাই,দেশি জিনিস চাইর আর চাআ নাস্তা হাইর
আম গাছ পছন্দ,আম গাছ গম লাগে দে
মালাই চা দুধ বেশি দিয়ে,মালাই চাআত দুধ বেশি দে
বাজারের কোন দোকানি ভরসার?,বাজারত হন দোআনদাররে ভালা মনে অয় দে?
কোন ধরনের বাতাস পছন্দ?,হন ডইল্লে বাতাস গম লাগে দে?
রান্নাঘরের মেঝেতে,পাকঘরর ফ্লোরোত
প্রজেক্ট মিটিং কখন রাখবো?,প্রজেক্ট মিটিং হত্তে রাইখ্খুম?
কার হাতের রুটি সবচেয়ে ভালো?,হার আথর রুটি বেশি পোয়াদ দে?
কোন দিকে বাগান করেছেন?,হন দি বাগান গইজ্জুন দে?
"পাঁচ ওয়াক্ত নামাজ হয়, কোরআন শিক্ষা হয়","পাঁচ ওয়াক্ত নামাজ অয়, কোরআন শিক্ষা অয়"
কিভাবে সময় কাটান?,সম কেন গরি হাডান দে?
কি নিয়ে পড়াচ্ছেন?,কি লই পড়াইতে লাইগ্গু?
খাবারে ঝাল বেশি হয়েছে?,হানা ইয়িন যে ঝাল অইয়ি?
চুন কত লাগবে?,চুন হদ্দুর লাগিবু ?
কার্ড কোথায়?,কার্ড হনডে ?
কোথায় যাবে মনি?,হনডে যাইবু মনি?
কিভাবে চাল মাপেন?,চইল কেন গরি মাপন দে?
তার কাটা গেছে?,তার হাডি গেইয়ি না?
নতুন বাজারে কি কিনলে?,নোয়া বাজারত্তুন কি কিনুন দে?
আপনার কি বাগানে দোলনা আছে?,অনর বাগানত কি দক্ক আছে না?
মামীর হাতের রান্না খেয়ে দিন কাটাই,মামীর আথর রান্না হাইয়েরে দিন হাডাই
দেশি কারিগরের তৈরি চামড়ার ব্যাগ,দেশি হারিগরের তৈরি চামড়ার ব্যাগ
চায়ের দোকানে,চাআর দোআনত
"কি রে, তোর সেই প্রজেক্ট কি হলো?",কিরে তোর প্রজেক্ট ইবের কি অইয়ি দে?
ফুল তুলছে।,ফুল তুলের ।
খেলার মাঠে।,খেলার মাডত ।
ছোট বোনের সাথে,ছোট বইনুর লয়
কোথায় গান শোনেন?,গান হনডে ওনন দে?
কোথায় বসে গল্প করিস?,হনডে বইয়েরে গফ মারছ দে?
পুরনো কি সংগ্রহ করেন?,পুরন কি তোয়াই এজ্জুন দে?
দুধ বরফি পছন্দ,দুধ বরফি গম লাগে দে
কোথায় মিট করবেন?,হডে মিট গরিবেন?
কোন ধরনের আলো পছন্দ?,হন ডইল্লে ফর গম লাগে দে?
লোহার কুলুপ,লোআর কিলুপ
খাওয়া দাওয়া হইছে?,হঅন দঅন অয়ি না?
"মামাতো বোনের সাথে, যে দূর শহরে থাকে","মঅত বইনুর লয়,দুরে যে শঅর থাগে"
মাগরিবের আজানে।,মহরিবুর আজান।
কোথায় ইন্টারভিউ দিবেন?,ইন্টারভিউ হডে দিবেন দে?
ফুল তুলছে।,ফুল তোলের ।
তোর ক্যামেরা দিয়ে কি করস?,তোর ক্যামেরা দি গরছ দে?
"নতুন মাঠ হইছে, ফ্লাড লাইটও আছে","নোয়া মাঠ অইয়ি, ফ্লাড লাইটও আছে"
সুন্দরবনে কোন টুর অপারেটর দিয়ে যাবে?,সুন্দরবনত হন টুর অপারেটর দি যাইবে?
আপনার কি বেবি ওয়াকার আছে?,অনত্তে কি বেবি ওয়াকার আছে না?
লেবু-আদা দিয়ে স্পেশাল চা খাই,হজি -আদা দিয়েরে অন্য রহম চা হায়
বন্ধুরা মিলে আড্ডা দিতে যাই সন্ধ্যায়,বন্ধু অলে মিলিয়েরে গফ মাইত্তু যাই আজইন্নে
সত্য পথে চলার কথা।,সত্য পথে চলার কথা।।
কোন ধরনের পরমান্ন পছন্দ?,কিরহম পরমান্না গম লাগে দে?
ইভেন্ট স্পেসে কি হয়?,ইভেন্ট স্পেসেত কি অয় দে?
আপনি কি নিয়মিত মাখন খান?,অনে কি পইত্তেন মাহন হন না?
বাংলাদেশ-ভারত ম্যাচ।,বাংলাদেশ-ভারত ম্যাচ।
বাবার কাছে,বাপত্তুন
ক্যালসিয়াম ট্যাবলেট খাই,ক্যালসিয়াম ট্যাবলেট হায় দি
ছাগল কয়টা?,ছঅল হওঅ ?
"দূরের মামাবাড়িতে, পূজার ছুটিতে","দুরর মামাবাড়িত,পূজর ছুটিত"
বাংলা ব্যান্ড মিউজিক,বাংলা ব্যান্ড মিউজিক
আজ হাটের দিন।,আজিয়ে আটখোলার দিন ।
কোন ধরনের চা পছন্দ?,হন ডইল্লে চা পছন্দ গর?
কোন ধরনের ছাতা ব্যবহার করেন?,হন ডইল্লে ছাতি ব্যবহার গরন দে?
সাবান দিয়ে,সাবান দিয়েরে
আলু ঠাণ্ডা হয়নি।,আলু ঠান্ডা ন অয় ।
পাখির ডাকে,পাখির ডাহত
কোথায় মাইগ্রেট করবেন?,মাইগ্রেট হডে গরিবেন দে?
দুধ জ্বাল দিয়েছেন?,দুধ জ্বাল দিয়ুন না?
আপনি কি নিয়মিত চুল আঁচড়ান?,অনে কি পইত্তেন চুল আচুরন না?
আপনার পছন্দের খাবার?,অনত্তে হন হানা গম লাগে দে ?
সূরা ইয়াসিন পড়ছি।,সূরা ইয়াসিন পড়ছি।
কোন ইউনিভার্সিটিতে পড়েন?,হন ভার্সিটিত পড়োন?
বাজারের কোন জিনিস দামি?,বাজারত হন জিনিস মংগা দে?
চাঁদনী ঘাটে কি হয়?,চাঁদনী ঘাটত কি অয় দে?
কোন রেস্তোরাঁয় যাবেন?,হন ওটেলত যাইবেন ?
গ্রামের হাটে কি পাওয়া যায়?,গ্রামর আটখোলাত কি পা যায় দে?
"হ্যাঁ, আছে","অয়অ, আছে"
পরীক্ষা কেমন হলো?,পরীক্ষা কেন অইয়ি?
কিভাবে মাছ কিনেন?,মাছ কেন গরি কিনন দে?
"পূব দিকে, যেখান থেকে সকালের রোদ আসে","পুক ডদি,যেন্ডে বেয়িন্নে রইদ পড়ে"
কার সাথে বেড়াতে যান?,হার লয় বেড়ায়তু যন দে?
কোন ধরনের বাংলা লেখালেখি করেন?,কিরহম বাংলা লেহালেহি গরন দে?
আপনি কি নিয়মিত ঢেঁকি ছাটেন?,অনে কি পইত্তেন ঢেই মারন না?
নিউ মার্কেটে,নিউ মার্কেট
মিষ্টি আনবেন।,মিষ্টি আনিবেন।
"হ্যাঁ, আকাশ পরিষ্কার।","অয়অ, আকাশ সাফ আছে ।"
"বাইক নিছি, ট্রাফিকে সুবিধা","বাইক নিছি, ট্রাফিকুত/জামত সুবিধে"
"কাঁচা পেঁয়াজ দিয়ে, নারকেল কুরে","কেচাঁ পিয়েজ দি,নাইরকুল হুরাইয়েরে"
কাল জমা দিয়েছি।,হালিয়ে জমা দি ।
ও মেডিকেলে পড়ে,ইবে মেডিকেলত পড়ে দে
ডানদিকের টা।,ডান ডদির গ ।
"হ্যাঁ, আজ রোজা।","অয়অ,আজিয়ে রোজা"
আপনার কি বাড়িতে পিঁপড়ার সার আছে?,অনর ঘরত কি পেরা সার আছে না?
বাঁশির সুর পছন্দ,বাঁশির সুর গম লাগে দে
বড়ি ভাজা হয়েছে?,বড়ি ভাজা অইয়ি না ?
কার সাথে ছবি তোলেন?,হার লয় ছবি তোলন দে?
"হ্যাঁ, সকালের কাগজ পড়ি","অয়অ, বেয়িন্নে হবরর হাগজ পড়িদ্দি"
"গরুর দুধ দোহন দেখি, বাছুরের সাথে খেলি","গরুর দুধ দোহন চাইর, বাছুরের লয় খেলির"
"হ্যাঁ, ক্যাম্পিংয়ের জন্য","অয়অ, ক্যাম্পিংয়ের লাই"
খোলা ভাঙ্গতে হবে।,খোলা ভাঙ্গম পরিবু ।
কি অর্ডার করবেন?,কি অর্ডার গরিবেন?
কাঁচা বাজারে ভোরে ভোরে যাই,কেচাঁ বাজারত বেয়িন্নে শরে যাইর
"হ্যাঁ, দূরের চশমা লাগে","অয়অ, দুইজ্জে চশমা লাগে"
রাখাল ছেলে মাঠে বসে সুর তোলে,গরু চড়াইন্নে মাডত বইয়েরে সুর তোলে
আপনি কি নিয়মিত কুলি করেন?,অনে কি পইত্তেন কুলি গরন না?
কার সাথে দেখা করতে যাবেন?,হার লয় দেহা গইত্তু যাইবেন দে?
"মামা, চলেন ঘুরতে যাই?",মামা চলোন ঘুইত্তু যাই?
কোথায় ওষুধ কিনবেন?,ওষুধ হত্তুন কিনিবেনদে?
কেন ফোন কাটলে?,ফোন কিল্লে হাইট্টু?
আইটি ইনস্টিটিউটে,আইটি ইনস্টিটিউট
আপনি কি নিয়মিত মটরশুঁটি খান?,অনে কি পইত্তেন মটর শুটি হন না?
"হ্যাঁ, নতুন ফিচারের জন্য","অয়অ,নোয়া ফিচারর লায়"
মাছটা টাটকা তো?,মাছ ইবে তাজা ত ?
বারান্দায় বসে,বারান্দাত বয়
সকালে কি করস আজকাল?,আইজকেল বেয়িন্নে কি গরছ দে?
কার কাছে পরামর্শ নেন?,হাত্তুন হতার পরামর্শ লন দে?
গরু চরাতে।,গরু চড়াইতু ।
বাঙালি কৃষক পরিবার কেমন?,বাআল চাষার পরিবার ইয়েন কেন ?
ক্যারামেল পুডিং পছন্দ,ক্যারামেল পুডিং গম লাগে দে
"হ্যাঁ, রাতে দেখি","অয়অ, রাতিয়ে চাইদি"
কোথায় কাপড় শুকোন?,হর হডে পোয়দ দিয়ন দে?
পুরনো মিষ্টির দোকানের রসমালাই আর চমচম,পুরন মিষ্টির দোআনর রসমালাই ইয়ের চমচম
সাহিত্য পত্রিকা আর সাপ্তাহিক ম্যাগাজিন,সাহিত্য পত্রিকা ইয়ের সাপ্তাহিক ম্যাগাজিন
দূরের বোনের সাথে,দুরর বইনুর লয়
সন্ধ্যা ছয়টায়।,আজন্নে ছটা বাজে
"হ্যাঁ, স্নানের আগে","অয়অ,গোছলর আগদি"
"বালির উপর বসে নৌকা চলাচল দেখি, মাঝিদের গান শুনি","বালুর ওর বইয়েরে নৌক চলদ্দে চাইর,মাঝি অলর গান ওনি"
"মা, বন্ধুদের ডাকতে পারি?","মা, বন্ধু অলরে ডাইক্কুম না?"
আপনার কি ফ্যান রেগুলেটর আছে?,অনত্তে কি ফ্যানর রেগুলেটর আছে না?
"স্কুল জীবনের বন্ধুদের সাথে, যাদের সাথে মন খোলা","স্কুলুর থাকতের বন্ধুর লয়,যারার লয় মন খোলা"
মনে নানা ভাবনা।,মনত নানা ভাবনা চিন্দে ।
কিভাবে চাল ধোন?,চইল কেন গরি দোন দে?
গরমে কি করছো?,গরমত কিরর?
কিভাবে বিরিয়ানি বানান?,বিরেনি কেন গরি রাধন দে?
"হ্যাঁ, অনলাইনে করি","অয়অ,অনলাইনুত গরি দি"
সীম কেমন?,চই কেন?
রাস্তার দিকে,রাস্তার ইক্ষে
কি প্ল্যান করছো?,কি প্লেন গইজ্জু?
আপনি কি নিয়মিত লটকন খান?,অনে কি পইত্তেন লটকন হন না?
"হ্যাঁ, পানি এনেছি।","অয়অ,পানি আইন্।নি"
কোন ধরনের সিঙ্গারা পছন্দ?,কি রহম সিঙাড়া মজা লাগে দে?
গরম দুপুরে,গরম দুইজ্জে
কিভাবে ফুল তোলেন?,ফুল কেন গরি তুলন দে?
গাছের ছায়ায় ছেলেমেয়েরা পড়াশোনা করে,গাছর ছামাত পুয়া মাইপুয়া অলে পড়ালেহা গরে
কোথায় মশারি টাঙ্গান?,মশারি হনডে টাকন দে?
নরসিংদীর রসের পিঠা খুব প্রিয়,নরসিংদীর রসর পিডে বেশি পোয়াদ লাগে
কোন ধরনের কাঁথা ব্যবহার করেন?,হন ডইল্লে কেতা ব্যবার গরন দে?
"জগিং করতে যাই, অনেক বন্ধু পাইছি","জগিং গইত্তু যাইর, বউত বন্ধু পাই"
কোন গান গাইবে?,হন গান গাইবে দে ?
কিভাবে রান্না শেখেন?,রাধনি কেন গরি শিখন দে?
"না, শুধু ফ্যান আছে","না,ওদ ফ্যান আছে দে"
মাছ ধরার জাল বুনছি।,মাছ ধরিবের জাল বানাইর ।
"হ্যাঁ, ব্লগ পোস্টে","অয়অ,ব্লগ পোস্টে"
পা মচকে গেছে মা।,টেং মচকি গেইয়ি ।
"হ্যাঁ, প্রতিদিন খাই","অয়অ,পইত্তেন হায়"
কোন ধরনের ক্লায়েন্ট খুঁজছেন?,হন ধরনর ক্লায়েন্ট তোয়াইতে লাইগ্গুন?
কার সাথে সিনেমা দেখেন?,সিনেমা হার লয় চন দে?
"উত্তর দিকে, যেখানে লাউ গাছ উঠেছে","উতুর দি,যেনডে বাইলে হদু গাছ ওইট্টি"
এই সিজনে কি ব্যবসা ভালো?,এই সিজনত কি ব্যবসা ভালা না?
ছোট বোনের সাথে,ছোট বইনুর লয়
কোন এরিয়ায় ডেলিভারি দাও?,হন এরিয়েত ডেলিভারি দন দে?
আগামী মাসে ছাড়ব।,আগামী মাসত ছাইজ্জুম দে।
আপনি কি নিয়মিত অনলাইন গেম খেলেন?,অনেকি পইত্তেন অনলাইনত্তু গেইম খেলন না?
ডিজিটাল লেনদেন কি করছো?,ডিজিটাল লেনদেন কি গইজ্জুন না?
কোথায় চাবি রাখেন?,চাবি হনডে রাহন দে?
সামান্য পুঁজি নিয়ে স্বপ্ন দেখতে সাহস পান,সামান্য টিয়া দি হাম গদ্দে সঅস লাগে
বাঙালি বধূরা কি করেন?,বাআলর ঘরর বউ অল কি গরে দে?
কি এরর দেখাচ্ছে?,কি এরর দেহিদ্দি?
শপিং মলে কখন যাবে?,শপিংমলত হত্তে যাইবে?
পার্টিতে কি মেনু রাখছো?,পার্টিত কি মেনু রাইক্খু?
কোথায় জুতা রাখেন?,জুতা হনডে রাহন দে?
ছাত্রদের জ্ঞান দিয়ে দেশের ভবিষ্যৎ গড়েন,স্কুলুর পুয়া অলর জ্ঞান দিয়েরে দেশর ভবিষ্যত বানায় দে
হেলথ কার্ড দেখায়। দাম কম নেয়,হেলথ কার্ড দেহায়। দাম হম লয়
আলমারির তাকে,আলমারির থাগত
তোর মামার বাসায় কবে যাবি?,তোর মামারঅ ঘরত হত্তে যাবি দি?
"পিছনের দিকে, যেখানে পদ্মফুল ফোটে","পিছুদি,যেনডে পদ্ম ফুল ফুডে"
কি খুঁজছো?,কি থোয়াইতে লাইগ্গুন দে ?
"না, আমার আঁকায় হাত নেই","না,আর আঁকানিত আথ নাই"
আপনি কি নিয়মিত কন্ট্রিবিউট করেন?,অনে কি পইত্তেন কন্ট্রিবিউট গরন না?
আপনি কি নিয়মিত ব্যাডমিন্টন খেলেন?,অনে কি পইত্তেন ব্যাডমিন্টন খেলন না?
পাড়ার মধ্যে কি?,পাড়ার মাঝদি কি ?
বিশ ভাগ আছে।,বিশ ভাগ আছে।।
রাঙামাটির হ্রদে কখন যান?,রাঙামাটির গোদাত হত্তে যন দে?
"হ্যাঁ, চাল ভানতে","অয়অ,চইল ভাঙ্গতু"
কোন ধরনের বাসন মাজেন?,হন ডইল্লে বাসন মাজন দে?
বাড়ির কোন অংশ বেশি ব্যবহার করেন?,ঘরর হন জাগাত বেশি যা যায় দে?
আপনার ছেলে কি করে?,অনর পুয়া কি গরে ?
বাঁশের বাঁশি কে বাজায়?,বাঁশর বাশি হনে বাজায় দে?
মোরগ ডাকছে?,লাথা খুর ডাহের ?
ছাদে একা বসে,ছাদত হাইল্লে গায় বইয়েরে
দই জমাই আর পানি রাখি,দই জামাই ইয়ের পানি রাহি
আপনার কি বাড়িতে কৃষ্ণচূড়া আছে?,অনর ঘরত কি কৃষ্ণচূড়া আছে না?
আপনার কি ওয়াটার ডিসপেনসার আছে?,অনত্তে কি ওয়াটার ডিসপেন্সসার আছে না?
"হাকিম সাহেব, কি রায় দিলেন?","হাকিম সাব,কি রায় দিলেন?"
মায়ের স্বভাবের সাথে,মার হাইচ্চুতুর লয়
দাঁতের মাজন শেষ?,দাতঁর মাজন শেষ না ?
দাদুর বাড়ি গেলে কি করো?,দাদার বাড়িত যাইলি কি গরন দে?
বিকাশে পে করব,বিকাশত সে গইজ্জুম দে
তোর বাইক কোথায়?,তুর বাইক হডে?
আদা দিয়ে দুধ চা বানাতে পারি,আদা দি দুধ চা বানাইত পারি
কোথায় ক্যাশ করবেন?,ক্যাশ হডে গরিবেন দে?
"নতুন জায়গায় দোকান নিছে, টেস্ট একই","নোয়া জাগাত দোআন লইয়ি, টেস্ট এক্কই"
ভালো আছে।,গম আছে ।
কি করছেন?,কি গইত্তে লাইগ্গুন দে ?
কলাপাতায় কি খান?,কেলা পাতাত কি হন দে?
"নিয়মিত পানি দিয়ে, মাঝে মাঝে সার দিয়ে","পইত্তেন পানি দিয়েরে,মাঝে মাঝে সার দিয়েরে"
আপনি কি নিয়মিত দুপুরে ঘুমান?,অনে কি পইত্তেন দুইজ্জে ঘুম যন না?
সকালে কোথায় নাশতা করিস?,বেয়িন্নে হনডে নাস্তা গরছ দে?
ভর্তা কিভাবে খান?,ভর্তা কেন গরি হন দে?
মেঘ করছে কেন?,মেঘ গইজ্জি কা ?
কাঁচা বাজারে,কেচা বাজারত
তোর গ্রাফিক্স কাজ কেমন চলে?,তোর গ্রাফিক্স হাম কেন চলের?
কোথায় গান শোনেন?,গান হনডে ওনুন দে?
আপনি কি নিয়মিত পরিবারের সাথে সময় দেন?,অনে কি পইত্তেন ঘরর মাইনসুরে সম দিয়ন না?
কোন ধরনের চামচ ব্যবহার করেন?,হন ডইল্লে চামিচ ব্যবার গরন দে?
"নকশিকাঁথা, পটচিত্র আর কাঠের কাজ","সিলেই কেথা,পটচিত্র ইয়ের গাছর হাম"
দরগায় যাবেন?,দরগাদ যাইবেন না ?
ইফতারে বেগুনি আর পেঁয়াজু,ইস্তেরত বায়ুনি ইয়ের পিয়েজু
নীলক্ষেতে পুরানো বইয়ের দোকান আছে,নীলক্ষেতত পুরন বইয়ুর দোআন আছে
ভাত রেঁধেছেন?,ভাত রাইন্দুন না ?
কোন ধরনের আম পছন্দ?,কিরহম আম গম লাগে দে?
টাটকা দেখে দেখে,তাজা চায় চায়
কার বিয়েতে যাচ্ছ?,হার বিয়েত যাইতে লাইগ্গু?
কোন ধরনের শিমাই পছন্দ?,কি রহম শেমাই মজা লাগে দে অনত্তে?
ডাইনিং টেবিলে,ডাইনিং টেবিলুত
"হ্যাঁ, ডাল রান্নায় দেই","অয়অ,ডাইল রাইন্দু দির"
ফ্রিজে রেখে,ফিজুত রাখি
চিজ বার্গার পছন্দ,চিজ বার্গার গম লাগে না
"হ্যাঁ, মাচায় আছে","অয়অ,চাংঅত আছে দে"
কি বলছো?,কি হইতে লাইগ্গু দে?
আগামী জুম্মায়।,আগামী জুমত ।
কোথায় কাপড় শুকান?,হর হডে পোয়াত দিয়ন দে?
নতুন মেলায় কি দেখলে?,নোয়া মেলাত কি দেক্ষুন দে?
"ভোরবেলা সূর্য উঠলে, ভ্রমরা আসে মধু খেতে","বেয়িন্নে সূজ্জুর উডিলি,ভোরা আইয়ি মধু হাইতু"
সামাজিক নাটক আর হাসির নাটক,সামাজিক নাটক ইয়ের হাসির নাটক
ডিম সেদ্ধ হয়েছে?,ডিম ইজ্জি না ?
আপনি কি রোজ ডায়েরি লেখেন?,অনে কি পইত্তেন ডায়েরি লেহন না?
জামাত ধরতে হবে।,জামাত ধরম পরিবু।
অনলাইন মার্কেটপ্লেসে কি বেচেন?,অনলাইন মার্কেডত কি বেচন দে?
গরমে কি খান?,গরম লাগিলি কি হন দে?
দেড়শো টাকা কেজি।,দেড়শো টিয়া কেজি।।
সাজিয়ে গুছিয়ে,সাজায় গুছাইয়েরে
বীজহীন তরমুজ পছন্দ,বিচি ছাড়া তরমুজ গম লাগে দে
"জ্যাঠা মশাই, কি দেখলেন স্বপ্নে?","জ্যাডা মশাই,কি দেখিলেন স্বপ্পনত?"
নৌকার মাঝিরা নদীতে যেতে যেতে,নৌকর মাঝি অল নদীত যাতে যাতে
কোন দোকানের সমুচা খাস?,হন দোনত সমুচ হচ দে?
বিকেল চারটায়।,বিকেলবেলা চাইট্টা বাজে ।
কোন ধরনের ফুচকা পছন্দ?,হইল্লে ফুচকা মজা লাগে দে তোয়াত্তে?
ফুড ব্লগিং করে ফলোয়ার বাড়ে ধীরে ধীরে,ফুড ব্লগিং গরি ফলোয়ার বাড়ে আস্তে ধীরে
কাঁকড়া ভাঙ্গা হল?,কেড়াঁ ভাঙ্গা অইয়ি না ?
জীবনের গভীর সত্য আর নৈতিক শিক্ষা,জীবনের গভীর সত্য আর নৈতিক শিক্ষা
নামাজ পড়েছেন?,নামাজ পইজ্জুন না ?
"আলীর হোটেলে, গরম গরম দেয়","আলীর ওটেলত, গরম গরম দেয়"
কিভাবে খাবার গরম করেন?,হানা কেন গরি গরম গরন দে?
কিভাবে মাছ ভাজেন?,মাছ কেন গরি ভাজন দে?
"হ্যাঁ, দুই ভাই","অয়অ,দুনু ভাই/ দুই ভাই"
কেন গেলে?,কিল্লে গেইয়ু?
পুরান ঢাকার বাদাম ভর্তা আর গোশত,পুরন ঢাহার বাদাম ইয়ের গোস্ত
কোথায় ছবি তোলেন?,ছবি হডে তুইল্লুন?
কোন মসজিদে যাবেন?,হন মসদুত যাইবেন ?
এতিমখানায়,এতিমহানাত
সুন্দরবনে কি দেখো?,সুন্দরবনত কি চন দে?
"ফুডপান্ডা খুব ফাস্ট, তবে পাঠাও একটু সস্তা","ফুড পান্ডা বউত ফাস্ট,তবে পাঠাওত এক্ষানা অস্তা"
গ্রামের কামাররা কি করেন?,গেরামর হামার অল কেন?
সব খোসা ছাড়ানো।,বেগ ছোলা ছুইল্লে ।
কোন ধরনের জীবন পছন্দ?,কিরহম জীবন ভালা লাগে দে?
ড্রাই ফ্রুট কেক পছন্দ,ড্রাই ফ্রুট কেক গম লাগে দে
রবীন্দ্র সংগীত শুনছি,রবীন্দ্র সংগীত ওনিদ্দি
"পাড়ার আর্ট স্যারের কাছে, উনি ভালো ল্যান্ডস্কেপ আঁকেন","পাড়ার আর্ট স্যারত্তুন,ইবে ভালা ল্যান্ডস্কেপত আঁকেন"
কোকিল আর দোয়েল,কোকিল ইয়ের দোয়েল
মাটির পিঁড়িতে বসে দেশি মুরগি বিক্রি হয়,মেডির পিড়েত বইয়েরে দেশি খুর বেছে দে
বাগানের শেষে কি?,বাগার শেষদি কি ?
মননশীল চিন্তা আর সৃজনশীলতার কথা,মনরমত চিন্তে ইয়ের সৃজনশীলতার হথা
বিকেলে খেলা শেষে।,বিকেলবেলা খেলা শেষ ।
আখের রস আছে?,কুইশ্শেলর রস আছে না ?
কত দূর?,হতদূর দূরে?
দাদুর মুখে,দাদুর মুখুত
তোমার পছন্দের রং কি?,তোয়ার পছন্দর রং কি?
আপনি কি নিয়মিত কাঁচকলা খান?,অনে কি পইত্তেন কেচা কেলা হন না?
"ছোট্ট গার্ডেন বানাইছি, চায়ের টেবিল রাখছি","গুর গার্ডেন বানাই, চাআর টেবিলুত রাইক্ষি"
"পুরান ঢাকার রাস্তায়, ভাইব অন্যরকম","পুরন ঢাহার রাস্তাত, ভাইব অন্যরহম"
নতুন শিল্পীরা গ্রামের ছবি আঁকছে,নোয়া শিল্পী অলে গেরামর ছবি আঁকের
চট্টগ্রামে কার বাসায় উঠবে?,চট্টগ্রামত হার বাসাত উডিবে?
"হ্যাঁ, আলবামে সাজানো","অয়অ, অ্যালবামত সাজাইয়ে"
কোথায় চিঠি লেখেন?,চিঠি হনডে লেহন দে?
পিঠার উনুনে কি হয়?,পিডের চুলত কি অয় দে?
কোন ধরনের ঝালমুড়ি পছন্দ?,কিরহম ঝাল মুড়ি মজা লাগে দে অনত্তে?
শিফট হয়ে গেছে। এখন তেমন না,শিফট অয় গেইয়ি। এহন তেমন ন
তোমার ফোন চার্জে দিছো?,তুয়ার ফোন চার্জত দিয়ু?
শেলফে তুলে রাখুন।,শেলফত তুলি রাহন।
দেশি খেলার আসরে কি করেন?,দেশি খেলার আসর কি গরন দে?
কাল কি করবেন?,হালিয়ে কি গরিবেন?
পোস্ত বাটা আছে?,পোস্ত বাডা আছে না ?
ধানের খই কিভাবে খাবে?,ধানর হৈ কেন গরি পাইবেন দে?
আজকেই তোলা।,আজিয়েই তোইল্লে ।
আপনি কি নিয়মিত ব্লগ পড়েন?,অনে কি পইত্তেইন ব্লগ পড়ন না?
অফিসে যাচ্ছ না কেন?,অফিসুত ন যাইতে লাইগ্গু ক্যা?
ভাজা ফুলকপি পছন্দ,ভাইজ্জে ফুল হবি গম লাগে দে
কার কাছে বই চান?,হাত্তুন বই চন দে?
গ্রামের পুকুরে কি করেন?,গেরামর পইরুত কি গরন দে?
"সুন্দর সাজিয়ে, গরম গরম","সুন্দর সাজাইয়ে,গরম গরম"
"হ্যাঁ, ভাজি করে","অয়অ,ভাজি গরিয়েরে"
প্রোগ্রামটা কোথায় হবে?,প্রোগ্রাম ইয়েন হডে অইবু?
কচু শাক আছে?,হচু শাক আছে না ?
বাল্যবন্ধুর সাথে,গুর থাকতের বন্ধুর লয়
কোন এলাকায় নতুন সিনেমা হল?,হন এলাহাত নোয়া সিনেমা হল?
"স্যার, আপনার সাথে কথা বলতে পারি?","স্যার, অনর লগে এক্কানা হতে হইত পাইজ্জুম না?"
ইন্টারভিউ কখন?,ইন্টারভিউ হত্তে?
কোথায় চায়ের আসর বসে?,বেজ্ঞুনে বইয়েরে চা হন্ডে হাইদে?
কোন ধরনের পরিবেশ পছন্দ?,হন ডইল্লে পরিবেশ ভালা লাগে দে?
নতুন মিষ্টি এসেছে।,নোয়া মিষ্টি আইসসি ।
মাঠের ধারে।,মাডর ধারত ।
মাসে মাসে দিই।,মাসে মাসে দি।
আপনার কি ইলেকট্রিক টুথব্রাশ আছে?,অনত্তে কি ইলেকট্রিক টুথ ব্রাশ আছে না?
খাবারটা কেমন লাগল?,হানা ক্যান লাইগ্গি?
পানের বরজে কি হচ্ছে?,পানর ক্ষেতত কি অদ্দে?
আপনি কি নিয়মিত চেস খেলেন?,অনে কি পইত্তেন চেস খেলন না?
"হ্যাঁ, বারান্দায় আছে",অয়অ বারান্দাত আছে
তোর কোর্সের প্রাইস কত?,তোর কোসোর দাম হ টিয়া/হট্টা?
সফটওয়্যারটা আপডেট হয়েছে?,সফটওয়্যার আপডেট অইয়ি না?
বাজারে গেছেন।,বাজারত গেইয়ুন না ।
আজকেই ধরা হয়েছে।,আজিয়ে ধইজ্জি দে ।
বিলের শাপলা কি করেন?,বিলুর শাপলা ফুল কি গরন দে?
বাঙালি খাবারের মেলায় কি করেন?,বাআলর হানার দোআনত কি গরন দে?
কোন খেলা পছন্দ?,হন খেলা পছন্দ?
এই প্রজেক্টে কাদের নিয়ে কাজ করবেন?,এই প্রজেক্টত হারারে লই কাজ গরিবেন?
বাড়ির কোন জায়গায় বসে পড়েন?,বাড়ির হনদি বইয়েরে পড়া পড়ন দে?
কোন ধরনের পুলি পছন্দ?,হন ডইল্লে পুলি মজা লাগে দে?
বাড়ির পেছনে,বাড়ির পিছুদি
গাছে পাকছে।,গাছত পাইক্ষি ।
বাংলা ছবির শুটিং দেখেছেন?,বাংলা সিনেমার শুটিং দেক্ষুন না?
"ওই যে নতুনটা খুলছে, সেখানে লাইন থাকে","ওই যে নোয়া ইয়েন খুইল্লি, এনডে লাইন থাগে"
বাজারে টমেটো কত?,বাজারত হরবায়ুন/হাট্টাবায়ুন হত গরি?
কচু কত দাম?,হচু কি দর?
কেন রাগ করছেন?,কিল্লে রাগ গইজ্জু?
মৃদু বৃষ্টি পছন্দ,ফিনফিনি ঝড় গম লাগে দে
কোন রকম বই পড়েন?,হন ডইল্লে বই পড়ন দে?
"দিন দিন গ্রোথ হয়, কাস্টমার বাড়ে","দিন দিন গ্রোথ অর, কাস্টমার বাড়ের"
ধনে গুঁড়ো লাগবে?,ধইন্নের গুরি লাগিবু না ?
শাঁখার চুড়ি,শাখা চুড়ি
সন্দেশ বানাচ্ছেন?,সন্দশ বানাইতে লাইগ্গুন না ?
নিরিবিলি কোণে,নিজেপ হোনুত
কোথায় এনালাইসিস করবেন?,এনালাইসিস হনডে গরন দে?
"হ্যাঁ, ওয়েবসাইট কোড","অয়অ, ওয়েবসাইট কোড"
মডার্ন কুর্তি আর কাজের শাড়ি পরি,মডার্ন কুর্তি আর কাজের শাড়ি পরি
"হ্যাঁ, পাশের গ্রামে","অয়অ,ডাহর গেরামত"
কিভাবে মশারি টাঙ্গান?,মশারি কেন গরি টাকন দে?
দাওয়াতে কাদের কাদের ডাকছো?,দঅতত হারে হারে ডাইক্কু?
আমার নাম্বার ০১৭১১-২৩৪৫৬৭।,আর নম্বর ০১৭১১-২৩৪৫৬৭।
আপনার কি ডাস্টবিন আছে?,অনত্তে কি ডাস্টবিন আছে না?
কোন ধরনের সবজি পছন্দ?,হন ডইল্লে তরহারি গম লাগে দে?
কোথায় ইংরেজি শিখছেন?,ইংরেজি হত্তুন শিক্ষুন দে?
নতুন অফিসে কি সুবিধা?,নোয়া অফিসুত কি হোয়াইস দে?
রিকশায় কোথায় যান?,রিকশেত গরি হনডে যন দে?
"হ্যাঁ, ছাদে থাকে","অয়অ,ছাদত থাগে দে"
কোথায় বসে লেখেন?,লেহা হনডে বইয়েরে লেহন দে?
"হ্যাঁ, স্মুদি বানাই","অয়অ,স্মুদি বানাই"
"হ্যাঁ, চারা লাগিয়েছি","অয়অ,চারা লাগাই দি"
আজকে রাতে কি প্ল্যান?,আজিয়ে রাতিয়ের প্লেন কি?
শরৎকালে কি করেন?,শরৎহালে কি গরন দে?
মহিলা রাইডাররাও এখন রাস্তায় নেমেছে,মহিলা রাইডার অলেও এহন রাস্তাত নাইম্মি
সিঙ্গারা আর চা,সিঙারা ইয়ের চা
কনটেন্ট রাইটিং আর সোশ্যাল মিডিয়া ম্যানেজমেন্ট,কনটেন্ট রাইটিং ইয়েরর সোশ্যাল মিডিয়া ম্যানেজমেন্ট
কিভাবে ফল খান?,ফলফ্রুট কেন গরি হন দে?
বন্ধুদের আড্ডা কোথায় জমে?,বন্ধু অলর লয় গফ হনডে মজা অয় দে?
নাট্যশালায়,নাট্যশালায়
চা খাবি একটু?,চা হাবিনি এক্কানা?
গুলশানে থাকি,গুলশানত থাগি দি
নতুন সিরিজ কেমন?,নতুন সিরিজ ইবে ক্যান?
"হ্যাঁ, শীতকালে","অয়অ,শীতকাইল্লে"
কোন ধরনের বাংলা বই লিখেন?,হন ডইল্লে বাংলা বই লেহন দে?
পোচ এগ পছন্দ,পোচ ডিম গম লাগে দে
কোন লাইব্রেরিতে পড়তে যাস?,হন লাইব্রেরিত পইত্তু যচ দে?
"এখন অনলাইনে শিখি, টাইম বাঁচে","এহনও অনলাইনুত শিখির, টাইম বাঁচের"
আপনার কি বাড়িতে পিঁপড়া আছে?,অনর ঘরত কি পেরা আছে না?
আপনি কি নিয়মিত চালকুমড়া খান?,অনে কি পইত্তেন পরানশি হন না?
সামনের উঠানে,সাম্মদির উডনত
কোন এরিয়ায় শুটিং স্পট ভালো?,হন এরিয়েত শুটিং স্পট ভালা দে?
কিভাবে চা বানান?,চা কেন গরি বানন দে?
দেশি স্ট্রিমিং প্ল্যাটফর্মে কি দেখেন?,দেশি স্ট্রিমিং প্লাটফর্মে কি চন দে?
"হ্যাঁ, টবে লাগানো","অয়অ,টবত লাগাইয়ে"
কোন ধরনের সুতি পছন্দ?,হন ডইল্লে সুতি ভালো লাগে দে?
"হ্যাঁ, টবে লাগানো","অয়অ,টবত লাগাইয়ে"
"হ্যাঁ, লোডশেডিংয়ের জন্য","অয়অ, লোডশেডিংয়ের রায়"
হাদিস পড়েছেন?,হাদিস পইজ্জুন না ?
"হ্যাঁ, মা-বাবাকে","অয়অ,মা বাপরে"
টংয়ের চা দিয়ে গল্প জমে ভাই,টংঅর চা দিয়েরে গফ ভালা অয় ভাই
নোটবুকে,নোট বুকুত
কোথায় প্রেজেন্টেশন দিবেন?,প্রেজেন্টেশন হডে দিবেন দে?
চায়ের দোকানে বসে আড্ডা হয় সারাদিন,চাআর দোআনত বইয়েরে গফ মারে আলাদিন
স্টিম দিয়ে,স্টিম দি
শ্রীমঙ্গলের পাহাড়ে উঠে সবুজ চা পাতা দেখি,শ্রীমঙ্গলর পাআড়ত উডি সবুজ চা পাতা চাইর
বৃষ্টির দিনে কোথায় আড্ডা দিস?,ঝড়র দিনুত হনডে গফ মারছ দে?
কোথায় পাবলিশ করবেন?,পাবলিশ হনডে গরিবেন দে?
বই পড়ে আর ছবি এঁকে দিন চলে যায়,বই পড়ি ছবি আঁকি দিন যাইগু
খাগড়াছড়ির পাহাড়ে কি করেন?,খাগড়াছড়ির পাড়ত কি গরন দে?
এখনই বেটে দিচ্ছি।,এহনই বাডি দির ।
"খালার হাতের, বিশেষ করে পাটিসাপটা","হালার আথর, বিশেষ গরি পাটিসাপটা"
কুমিল্লায়,কুমিল্লে
তোর পেজে কি সেল করস?,তোরা পেজে কি বেচছ দে?
এই বৃষ্টিতে কিভাবে যাবে?,এই বৃস্টিত কেনে যাবি?
বাগানে কি লাগিয়েছেন?,বাগানত কি লাগাইয়ুন?
বরিশালের পান কেমন?,বরিশালর পান কেন?
কোন পাখি ডাকে?,হন পাখি ডাহে ?
বাজারের কোন জিনিস ভালো?,বাজারত হন জিনিস ভালা দে?
এখনই চাপাচ্ছি।,এহন চাপাইর।
সিঙ্গারা ভাজছেন?,সিঙাড়া ভাইজ্জুন না ?
কার সাথে ঈদ করতে যান?,ঈদ হারলয় গরন দে?
দাদার কাছে,দাদাত্তুন
কি করছে বাউল?,কি গরের দে বাউলি?
পরিবার বসে ঠিক করবে।,পরিবার বইয়েরে ঠিক গরিবু।।
কিভাবে গান শেখেন?,গান কেন গরি শিখন দে?
রাঙ্গামাটির শীতলপাটি,রাঙামাটির শীতলপাটি
পায়েস কেমন হল?,পায়েস কেন অইয়ি ?
রিকশায় করে খাবার পৌঁছে যাচ্ছে,রিকশেত গরি হানার পৌঁছায় দের
আধা কেজি আছে।,আধা কেজি আছে ।
হোম অফিসে,হোম অফিসুত
"ভোরবেলা উঠে, যখন কুয়াশা থাকে","পোয়াইত্তে উডি,যেত্তে কুয়াশা থাগে"
হাওরের পানিতে ভাসমান শাপলা তুলতে যাই,ডেবার পানিত ভাইন্নে শাপলা ফুল তুলতু যাইর
পরিষ্কার করে ধুয়েছি।,সাফ গরি ধুয় ।
কোন ধরনের বর্ষা পছন্দ?,কিরহম বর্ষা গম লাগে দে?
নতুন বাংলা ছবি কোথায় দেখেন?,নতুন বাংলা সিনেমা হনডে চন দে?
কোন ধরনের হাওয়া পছন্দ?,কি রহম বাতাস ভালা লাগে দে?
বাস আর ট্রেনের টিকেট মোবাইল অ্যাপ থেকে,বাস ইয়ের ট্রেনর টিকিট মোবাই অ্যাপত্তুন
ভাত হয়েছে?,ভাত অইয়ি ?
কাতলা মাছের মাথা টক ঝোল,হাতাল মাছর মাথ হর-ঝোল
"ফুফু, পিঠা বানাবেন কবে?","অ ফু, পিডে হত্তে বানাইবেন?"
আপনি কি নিয়মিত কোড রিভিউ করেন?,অনে কি পইত্তেইন কোড রিভিউ গরন না?
আপনার কি বাম্পার গার্ড আছে?,অনত্তে কি বাম্পার গার্ড আছে না?
আজকে কি ট্রাফিক আছে?,আজিয়ে কি ট্রাফিক আছে?
"হ্যাঁ, চা বানানোর জন্য","অয়অ,চা বানায়বে্লায়"
মন দিয়ে ভেবে,মন দি ভাবিয়েরে
নতুন অফিসে,নোয়া অফিসে
"হ্যাঁ, তালা দিয়েছি।","অয়অ,তালা মাইজ্জি।"
মশারি টাঙ্গানো হয়েছে?,মুশরি টাহঅ অইয়ি ?
"হ্যাঁ, খাওয়ার আগে","অয়অ,হাইবের আগদি"
গাজীপুরের রিসোর্টে,গাজীপুর রিসোর্টে
সব লিখে রেখেছি।,বেজ্ঞিন লেখি রাইক্ষি ।
বাঁশের বাশি কে বাজায়?,বাশঁর বাঁশি হনে বাজায় দে?
পান্থপথের ঝালমুড়ি খাবি?,পান্থপথর ঝালমুড়ি হাবি?
কোন দোকানে যাবি?,হন দুয়ানত যাবি?
বাড়ির কোন জায়গায় বসেন?,ঘরর হন জাগাত বয়ুন দে?
কেজি আশি টাকা,কেজি আশি টিয়া
দুধ চা পছন্দ করি,দুধ চা গম লাগে দে
বাংলাদেশের আঞ্চলিক ভাষা কেমন?,বাংলাদেশর আঞ্চলিক ভাষা কেন?
গাছে কি উঠছে?,গাছত কি উইট্টি দে?
আগামী বছর ফল পাব।,আগামী বছর ফল পাইয়ুম।
মাটির হাঁড়িতে কি রাখেন?,মেডির পাতিলেত কি রাহন দে?
পুকুরে নামবেন?,পইরুত নামিবেন না?
মানত আছে।,একিন গইজ্জি ।
রাত জেগে পড়ি আর চা খাই,রাতিয়ে ওরঘুম থাগিয়েরে পড়ি আর চা হায়
বাড়ির কোন দিকে বেশি আলো?,ঘরর হন দি ফঅর বেশি?
নতুন কোন জায়গায় যাস?,নোয়া হন জাগাত যচ দে?
আপনার কি বাগান করার শখ আছে?,অনত্তে কি বাগান গরিবের ইচ্ছে আছে না?
কিভাবে মাছ মারিনেট করেন?,মাছ কেন গরি মজাত দিয়ন দে?
পানি পাওয়া যায়নি।,পানি পা ন যায়।
লালবাগ কেল্লায় ঘুরতে যাবে?,লালবাগ কেল্লাত ঘুইত্তু যাইবে না?
আনারস মিষ্টি?,আনারস মিডে না?
কোন ধরনের কনটেন্ট বানান?,হন ডইল্লে কনটেনট বানন দে?
কোন সময় বেড়াতে যান?,বেড়ায়তু হন সমত যন দে?
কার হাতের রান্না শিখছেন?,রাধনি হাত্তুন শিক্ষুন দে?
"হ্যাঁ, সন্ধ্যাবেলায়","অয়অ, আজইন্নে"
ফার্মগেটের কোচিং সেন্টারে যাই,ফার্মগেইটুর কোচিং সেন্টারত যাইর
ভাওয়াল রাজবাড়ি দেখতে কবে যাচ্ছো?,ভাওয়াল রাজবাড়ী চাইতে হত্তে যাইবে?
বাংলাদেশের ভাষাকর্মীরা কি করেন?,বাংলাদেশর ভাষা কর্মী অল কি গরে দে?
মেঘলা আকাশ,আকাশ মেএলঅ গইজ্জে
ডাকপিয়ন এসেছে।,ডাকপিয়ন আইসসি ।
বিলে চরে বেড়াচ্ছে।,বিলুত চরি বেড়ার ।
রান্নাঘরের তাকে,পাকঘরর থাগত
"সাবস্ক্রাইবার বাড়ে ধীরে, কনটেন্ট বানাই রেগুলার","সাবস্ক্রাইবার বাড়েদে আস্তে, কনটেন্ট বানাই রেগুলার"
দেশের আধুনিকায়ন কেমন হচ্ছে?,দেশ আধুনিক কেন অর?
"চাচী মা, কি করছো?","চাচী মা,কি গইত্তে লাইগগু দে?"
"হ্যাঁ, ব্যাগে রাখি","অয়অ,ব্যাগত রাখি দি"
কোথায় বসে পত্রিকা পড়েন?,হনডে বইয়েরে পেপার পড়ন দে?
"বিরানি, কোরমা আর বোরহানি","বিরেনি,হোরমা ইয়ের বোরহানি"
খাঁটি গরুর দুধ।,হাঁটি গরুর দুধ ।
"হ্যাঁ, ভাত ফুটে গেছে।","অয়অ,ভাত ফুডি গেইয়ি।"
ঠাকুরমার ঝুলি।,ঠাকুরমার ঝুলি।।
বারান্দার আলোয়,বারান্দার ফঅরত
"বোন রে, কি গান গাইছো?","বইন রে,হন গান গাইতে লাইগ্গুন দে?"
মিষ্টি কথা,মিডে হথা
ঢাকার ট্রাফিকে কি করেন?,ঢাহার জামত কি গরন দে?
লাল আলতা,লাল আলতা
ছানা মাখতে হবে।,ছানা মাখম পরিবু ।
শীতের সকালে কি হয়?,শীতকাইল্লে বেয়িন্নে কি অয় দে?
ফসল কেমন?,ফসল কেন ?
আপনার কি বাড়িতে পেঁয়াজ কলি আছে?,অনর ঘরত কি পেঁয়াজ পাতা আছে না?
সাদা সুতির চাদর,সাদা সুতির চাদর
তোমার পছন্দের বই।,তোয়ার পছন্দর দই ।
জ্যৈষ্ঠ মাসে যখন পাকা লিচু পড়ে,জৈষ্ঠ্য/জের মাসত যেত্তে পনা লেচু পড়ে
কি করছো এখন?,কি গইত্তে লাইগ্গু এহন?
ড্রেসিং টেবিলে,ডেসিং টেবিলুত
কোন কলেজে পড়েন?,হন কলেজত পড়ন ?
কোথায় মাছ কিনবেন?,মাছ হত্তুন কিনিবেন দে?
কবে থেকে টুর প্ল্যান করছো?,হত্তেত্তুন ট্যুর প্ল্যান গইজ্জু?
পাড়ার দোকানে কি পান?,পাড়ার দোআনত কি পন দে?
হাতের গুণ আছে তোমার।,আথত গুন আছে তোয়ার ।
পাড়ার লাইব্রেরি থেকে,পাড়ার লাইব্রেরিত্তুন
কোথায় প্রসেস করবেন?,প্রসেস হডে গরিবেন দে?
আপনার কি বাসায় পাখি আছে?,অনর ঘরত কি পাখি আছে না?
"হ্যাঁ, গরম লাগছে","অয়অ, গরম লাগের"
কোন সময় বাজার সস্তা থাকে?,হন সমত বাজার অস্তা থাগে দে?
"হ্যাঁ, বসে গল্প করি","অয়অ,বইয়েরে গফ মারি দি"
"হ্যাঁ, কিছু দেখা যাচ্ছে না।","অয়অ,কিছু দেহা ন যার ।"
আমের আচার কত?,আমর আচার হত গরি ?
মোহাম্মদপুরে,মোহাম্মদপুরুত
স্টিলের চামচ,স্টিলুর চামিচ
নোয়াখালির মাছের টক কেমন?,নোয়াহালিত মাছর টক/হর কেন?
নিউ মার্কেট থেকে কিনি,নিউ মার্কেটত্তুন কিনি দি
কি খেলে দুপুরে?,কি হাইয়্যু দুইজ্জে?
কার সাথে মেলা দেখতে যান?,হার লই মেলাত যন দে?
"হ্যাঁ, গরমকালে","অয়অ,গরমহালে"
বিমান বাংলাদেশ এয়ারলাইন্সে,বিমান বাংলাদেশ এয়ার লাইন্স
দক্ষিণ দিকে,দইন দি
কিভাবে খবর পড়েন?,হবর কেন গরি পরন দে?
বান্দরবানের ঝর্ণায় কি করেন?,বান্দরবনর ঝরনাত কি গরন দে?
কখন থেকে অপেক্ষা করছেন?,হত্তেতুন তিয়েই লইদি?
বাজারে কি দর বেশি?,বাজার কি মংগা না?
দেয়ালে ঝুলছে।,দেবালত লটকি লইয়ি ।
"হ্যাঁ, চায়ের জন্য","অয়অ,চাআর লায়"
লাইফবয় সাবান,লাইফবয় সাবান
পটের গান শুনি আর নাগরদোলায় চড়ি,পডর গান ওনি আর হলরদক্ষত চড়ি
কোথায় বসে গল্প লেখেন?,হনডে বইয়েরে গল্প লেহন দে?
"হ্যাঁ, একটা বিড়াল","অয়অ,ওগগো বিলেই"
"হ্যাঁ, একটু ঘুরে আসি","অয়অ, এক্কানা ঘুরি আয়"
"হ্যাঁ, দুইজন ছাত্র আছে","অয়অ,দুঅ ছাত্র আছে দে"
সরষের তেল দিয়ে মাখিয়ে,সইরষের তেল দি মাখিয়েরে
রসগোল্লা খেতে সবচেয়ে ভালোলাগে,রসগোল্লা হাইতু বেশি গম লাগে
কোথায় ডকুমেন্ট জমা দিবেন?,ডকুমেন্ট হডে জমা দিবেন দে?
আধ ঘণ্টার মতো,আধা ঘন্টার মতো
কোথায় শীতের রোদ পোহান?,শীতকাইল্লে রইদ হনডে পোয়ান দে?
আত্মীয় স্বজন সবার মিলনে মুখর,আত্মীয় স্বজন বেজ্ঞুনে এককোয়ারে খুশি
রুই মাছ,রুই মাছ
আপনি কি নিয়মিত পডকাস্ট শোনেন?,অনে কি পইত্তেন পডকাস্ট ওনুন না?
পারিবারিক সম্পর্কের গভীর টান,পারিবারিক সম্পর্কর ডঅর টান
কয়েকটা দিন।,হ ওগগো দিন।
মায়ের কাছ থেকে,মাত্তুন
কোন ধরনের কাঁচা লঙ্কা পছন্দ?,কিরহম কেচাঁ মরিচ গম লাগে দে?
মেয়ে কোন ক্লাসে পড়ে?,মাইপুয়া হন কেলাসত পড়ে?
ছেলেরা কাবাডি খেলছে।,পুয়া অলে কাবাডি খেলের ।
ছোট ভাইয়ের।,ছোট ভাইয়ুর ।
আপনার কি প্লান্ট স্ট্যান্ড আছে?,অনত্তে কি প্লান্ট স্ট্যান্ড আছে না?
রিকশা ভাড়া কত?,রিশশে ভাড়া হত?
কোণায় রাখুন।,হোনুত রাহন ।
পুরনো বাংলা গান,পুরন বাংলা গান
বসুন্ধরা সিটিতে দেখা করবি?,বসুন্ধরা সিটিত দেহা গরিবি?
দূর দেশে ছিলাম।,দূরে দেশেত আছিলাম।
বসুন্ধরা শপিং মলে দোকান নিছি,বসুন্ধরা শপিং মলত দোআন লয়
আপনার কি বাড়িতে ভিমরুল আছে?,অনর ঘরত কি ভিমরুল আইয়ি না?
চায়ের সাথে কি খাবে?,চাআর লগে কি হাবি?
আপনি কি নিয়মিত ডায়েট করেন?,অনে কি পইত্তেইন ডায়েট গরন না?
চীনামাটির পিরিচ,চীনামেডির পিলেট
বড় আপুর কাছে,বড় বইনুত্তুন
নাগা মরিচ পছন্দ,নাগা মরিচ গম লাগে দে
কাগজ শেষ।,হাগজ ফুরইয়ি ।
আমাদের সামাজিক মূল্যবোধ কি?,আরার সামাজিক মূল্যবোদ কি?
আপনি কি নিয়মিত চেকআপ করান?,অনে কি পইত্তেন চেকআপ গরন না?
কোথায় যাচ্ছ?,হডে যঅর?
"হ্যাঁ, আজ রোজা রেখেছি","অয়অ,আজিয়ে রোজা রাইক্কি"
"হ্যাঁ, ফুলের বাগানে","অয়অ,ফুলুর বাগানত"
কোন মেলায় যান?,হন মেলাত যন দে?
"হ্যাঁ, গান গায়","অয়অ,গান গায় ত"
চাইনিজ সুপ পছন্দ,চাইনিজ সুপ গম লাগে দে
কাঁচা আম,কেচা আম
ক্যারাম খেলা হচ্ছে।,ক্যারাম খেলা অর ।
ভিজে চুলে,ভিজে চুলে
"হ্যাঁ, হার্ড ডিস্কে রাখি","অয়অ, হার্ড ডিস্কুত রাখি দি"
গাছ লাগাবেন?,গাছ লাগায়বেন না ?
কেন যাবেন?,কিল্লে যাইবেন দে ?
কম তেলে ভেজে,হম তেলত বাজিয়েরে
কার কাছে গল্প শোনেন?,কিস্তে হাত্তুন ওনন দে?
সাদামাটা ভাবে কিছু ফুলদানি রাখি,হালকা মিক্ষে হয়েক গো ফুলুর দানি রাহি
"হ্যাঁ, অফিসে দিই","অয়অ,অফিসুত দি"
কোন পথে যাবেন?,হন পথদি যাইবেন দে ?
জোনাকি জ্বলছে।,জোনি পোক জ্বলের ।
বিকেলে ফ্রি আছো?,বিয়েলে ফ্রি আছো না?
ভোরবেলায়,পোয়াইত্তে
পিঠা মেলায় গিয়ে নতুন স্বাদ খুঁজি,পিডের মেলাত যাইয়েরে নোয়া পোয়াদ থোয়াইর
লাল টিপ,লাল টিপ
ট্রান্সফার কমপ্লিট হয়েছে?,ট্রান্সফার কমপিলিট অইয়ি না?
কোন ধরনের গান গাইতে পারেন?,হন ডইল্লে গান গাইত পারন দে?
আপনার কি বাড়িতে মরিচ গাছ আছে?,অনর ঘরত কি মরিচ গাছ আছে না?
মসজিদে যাবেন?,মসদুত যাইবেন না ?
কি নাস্তা করলেন?,কি নাস্তা হাইয়ু?
আপনি কি নিয়মিত ঘুমান?,অনে কি পইত্তেন ঠিকমত ঘুম যন না?
ভাপা পিঠা করবেন?,দুপিডে অয়বু না ?
এখান থেকে কত দূর?,ইয়ুত্তুন হদ্দুর অইবু?
"হ্যাঁ, গন্ধ ভালো","অয়অ,ঘেরান ভালা আছে"
বাঙালি মায়ের ভালোবাসা কেমন?,বাআলর মার আদরযত্তন কেন?
তোমার ক্লাস কখন শেষ হয়?,তোয়ার ক্লাস হত্তে শেষ অয়?
নানাবাড়িতে,নানারঅ ঘরত
দাদু তাঁর যুদ্ধের অভিজ্ঞতা বলেন,দাদু ইবের যুদ্ধুর অভিজ্ঞতার হথা হর
"হ্যাঁ, বারান্দায় আছে","অয়অ, বারান্দাত আছে"
আপনার কি বাড়িতে মৌমাছি আসে?,অনর ঘরত কি মমাছি আইয়ি না?
রিকশার স্ট্যান্ড।,রিকশে স্ট্যান্ড ।
রবীন্দ্র সংগীত।,রবীন্দ্র সংগীত ।
পাঁচটা নিয়ে নিন।,পাঁচ্চ লয় ফেলন ।
পিছনের বারান্দায়,পিছুদির বারান্দাত
পাড়ার হোটেলে পরোটা-ভাজি সেরা,পাড়ার ওটেলত পরোটা-ভাজি সেরা/বেশি পোয়াদ
বিশ টাকার দিন।,বিশ টিয়ার দিয়ন ।
পুকুর ঘাটে গোসল করতে নিয়ে যাই,পইরু ঘাটত গোছল গইত্তু লয় যাই দে
মত প্রকাশের স্বাধীনতা আর অধিকার বোধ,মত প্রকাশ গরিবের স্বাধীনতা ইয়ের অধিকার বোধ
ঈদের নামাজ কোথায় পড়েন?,ঈদুর নামাজ হনডে পড়ন দে?
কোন সময় চায়ের স্বাদ ভালো?,হন সমত চা মজা লাগে দে?
পাড়ার পার্কে,পাড়ার পার্কত
"মায়ের সাথে, বিশেষ করে ছুটির দিনে","মারলয়,বিশেষ গরি বন্ধর দিনুত"
গ্রামের মেলায় কি হয়?,গেরামর মেলাত কি অয় দে?
ফেসবুকে কি ট্রেন্ড করছে?,ফেইসবুকুত কি ট্রেন্ড চলের?
চালের বস্তার পাশে,চইলুর বস্তার ডাগত
শান্তিনগরের ফ্ল্যাটটা দেখবি?,শান্তিনগরর ফ্লেট ইয়েন চাএবি নি?
আমাজন সার্ভারে,আমাজন সার্ভারে
পাঁচ সের চাল।,পাঁচ সের চইল ।
মৌসুমি ফল কি এসেছে?,সিজন ফলফ্রুট আইসসি না ?
প্রজেক্ট কতদূর এগিয়েছে?,প্রজেক্ট হদ্দুর এগইয়ি?
মুক্তিযুদ্ধের গল্প কার কাছে শোনেন?,মুক্তিযুদ্ধর কাহিনী হাত্তে ওনন দে?
কেন এত চিন্তিত?,এতো চিন্তা কিয়ুর?
ফেসবুক পেজে,ফেইসবুক পেজে
আপনার কি বাড়িতে তেঁতুল গাছ আছে?,অনর ঘরত কি তেতয় গাছ আছে না?
বিবিএ করেছি,বিবিএ গরদ্দি
মাঠের মাঝে কি?,মাডর মাঝদি কি ?
মিনিকেট চাল খাই,মিনিকেট চইল হাইদি
স্টাডি রুমে,স্টাডি রুমুত
কোথায় ইমপোর্ট করবেন?,ইমপোর্ট হডে গরিবেন দে?
কুয়াশা জমেছে।,হুয়া জইম্মি ।
কোথায় পায়জামা রাখেন?,প্যান হনডে রাহন দে?
"হ্যাঁ, জুতা রাখার জন্য","অয়অ,জুতা রাখিবেল্লায়"
জুমার নামাজ।,জুমর নামাজ ।
"হ্যাঁ, ডাক্তার দিয়েছেন","অয়অ,ডাক্তরে দিয়ি দে"
একটা আইসক্রিম পার্লার। টেস্ট ভালো,ওগগো আইসক্রিম পার্লার। টেস্ট ভালা
চাল ভিজিয়ে রাখুন।,চইল ভিজেয় রাহন ।
আপনার কি ফ্রুট বাস্কেট আছে?,অনত্তে কি ফ্রুট বাস্কেট আছে না?
"হ্যাঁ, সব ধোয়া হয়ে গেছে।","অয়অ, বেগ ধুঅ অয় গেইয়ি ।"
"হ্যাঁ, দুটো টিয়া আছে","অয়অ,দুঅ তোতা আছে"
বৃষ্টির সময়,ঝড়র সমত
ছোট বোনের সাথে,ছোট বইনুর লয়
ঢেঁড়স কাটা হল?,ঢেড়স হাডা অইয়ি না ?
ছাদে গিয়ে সেলফি তুলি বন্ধুদের সাথে,ছাদত যাইয়েরে সেলফি তুলি বন্ধু অলর লয়
শাহবাগে জামাই মেলায় যাবে?,শাহবাগত জামাই মেলাত যাইবে না?
ড্রয়ারে আছে।,ড্রয়ারত আছে ত।
বাড়ির পেছনে,বাড়ির পিছুদি
কোন ধরনের টিপ পরেন?,হন ডইল্লে টিপ পরন দে?
ছাদে বসে সিঙ্গারা আর চা খাই,ছাদত বইয়েরছ সিঙ্গারা ইয়ের চা হায়
কাতলা মাছ,হাতাল মাছ
নানীর হাতের পোলাও খেতে দারুণ লাগে,নানীর আথর পোলাভাত হাইতু গম লাগে
কার কাছে কবিতা আবৃত্তি শেখেন?,কবিতা পড়ি হারে ওনন দে?
তোমার কাছে পেন আছে?,"তোয়ার হাছে পেন আছে না,ম"
ভাইয়া কোথায়?,বদ্দা হডে?
নতুন অফিসে কবে জয়েন করছেন?,নতুন অফিসুত হত্তে জইন গইজ্জুন?
"বাবু রে, কি করছো পুকুরে?","বাপরে,কি গইজ্জু পইরুত ?"
"হ্যাঁ, নতুন ভর্তি করেছি","অয়অ,নোয়া ভর্তি গইজ্জি দি"
মিষ্টি হয়েছে।,মিডে অইয়ি ।
সবাই ভালো আছে।,বেজ্ঞুনে ভালা আছে।
আপনার কি বাড়িতে পিঁড়ি আছে?,অনর ঘরত কি পিড়ে আছে না?
"ভোর পাঁচটায়, যখন পাখিরা ডাকতে শুরু করে","পোয়াইত্তে পাঁচটা বাজে,যেত্তে পাখি ডাহা শুরু গরে"
ছোট ভাইপোর কাছে,ছোট ভাইপোত্তুন
ঢাকার কোন খাবার পছন্দ?,ঢাহার হন হানা গম লাগে দে?
দেশের ঐতিহ্য তুলে ধরতে চাই,দেশের ঐতিহ্য তুলে ধইত্তেম চাইর
"হ্যাঁ, খুব গরম লাগছে।",অয়অ বেশি গরম লাগের ।
কি করছ এখন?,কি গইত্তে লাইগ্গুন এহন?
"হ্যাঁ, চায়ের সাথে","অয়অ,চার লয়"
"খালাম্মা, বিয়ের তারিখ ঠিক করছেন?","হালাম্মা, বিয়ের তারিখ কি ঠিক গইজ্জুন না?"
"ভোর রাতে উঠে, যখন চারদিক নীরব থাকে","পোয়াইত্তে উডি,যেত্তে চাইরি ডাহদি নিজেপ থাগে"
কোন সময় পড়াশোনা করেন?,হন সমত পড়ালেহা গরন দে?
জাতীয় স্মৃতিসৌধে কি করো?,জাতীয় স্মৃতিসৌধে কি গরন দে?
বাঙালি পাড়া-প্রতিবেশী কেমন?,বাআলর পাড়া পড়শি অল কেন?
তোর প্রোডাক্ট কারা কেনে বেশি?,তোর প্রোডাক্ট হারা কিনে দে বেশি?
"আব্বাজান, কোথায় গিয়েছিলেন?","আব্বাজান,হনডে গেয়ুন দে?"
ফ্যানটা চলছে?,ফ্যান ইবে চলের না ?
মাটির ঘরে।,মেডির ঘরত ।
সিগন্যাল পাচ্ছেন?,সিনগেল পাইতে লাইগ্গু না?
খাবারটা কেমন লাগলো?,হানা কেন লাইগ্গি?
আপনার কি স্টপওয়াচ আছে?,অনত্তে কি স্টপ ওয়াচ আছে না?
কোন সাইজের জুতা পরেন?,জুতা হন মাপর পরন দে?
কোন ধরনের মাছ রান্না করবেন?,হন ডইল্লে মাছ রাদিবেন দে?
ভাটিয়ালি গান কে গায়?,ভাটিয়ারি গান হনে গায় দে?
হাঁড়িতে কি আছে?,গরাত কি আছে দে ?
বাংলা গেমিং চ্যানেল কি করে?,বাংলা গেমর চ্যানেলত কি গরন দে?
বাঙালি ফুফু-ফুফাতো ভাইবোনেরা কেমন?,বাআলর ফুতু ভাই বিন অল কেন?
কার কাছে কবিতা শোনেন?,হাত্তুন কবিতা শিক্ষুন দে?
পিঁড়ির নিচে।,পিঁড়ের তলে ।
এখনও চুলা ধরাইনি।,এহনো চুল ন ধরায় ।
কোন ধরনের ভর্তা পছন্দ?,হইল্লে ভর্তা গম লাগে দে?
কিভাবে রান্না শেখেন?,রাধনি কেন গরি শিখন দে?
দেশি মুরগি কিনি আর চায়ের দোকানে আড্ডা দিই,দেশি খুর কিনি আর চাআর দোআনত গফ মারি
কার কাছে রেসিপি শেখেন?,হাত্তুন রাধনির আইটেম শিখন দে?
আপনি কি নিয়মিত পিঠা খান?,অনে কি পইত্তেন পিডে হন না?
গ্রাফিক্স ডিজাইন আর কনটেন্ট লেখার কাজ করি,গ্রাফিক্স ডিজাইন আর কনটেন্ট লেহার হাম গরি
ডাঃ রহমানের কাছে যাই,ডাঃ রহমানর হাছে যাইদ্দি
রিকশা পাওয়া যাবে?,রিকশে পা যাইবু না ?
টেবিলের উপর।,টেবিলুর উত ।
আপনি কি নিয়মিত ওযু করেন?,অনে কি পইত্তেন ওযু গরন না?
কোন ধরনের কথোপকথন পছন্দ?,হন ডইল্লে হতাবার্তা গম লাগে দে?
লাজুক ফার্মেসি থেকে,লাজুক ফারমেসিত্তুন
"ছাদে বৃষ্টি দেখি, গরম খিচুড়ি খাই, বই পড়ি","ছাদত ঝড় চাইর, গরম খিচুড়ি হায়, বই পড়ি"
"হ্যাঁ, পুরনো টিকটিকি","অয়অ,পুরন টিকটিকি"
পর্দা টেনে,পর্দা টানি
সকাল বেলায়,বেয়িন্নে
"মামা, এই চালের দাম কত?","মামু, চইল ইবের দাম হত?"
"না, বাইক আছে","না,স্কুডর/মোটর সাইকেল আছে"
আপনার কি পোষা প্রাণী আছে?,অনত্তে কি পুষ মানেদে এল্লে পশু আছে না?
কার কাছে টাকা রাখেন?,হার হাছে টিয়া রাহন দে?
ফটোশপে,ফটোশপে
বড়মেয়ের বিয়ে,মাইপুয়া বড় গর বিয়ে
নতুন অফিসে যাস কখন?,নোয়া অফিসুত যচ হত্তে?
দেশি ড্রোন পাইলটরা কি করে?,দেশি ড্রোন পাইলট অলে কি গরে দে?
"হ্যাঁ, অন্ধকার হয়েছে।","অয়অ,আধার অয় গেইয়ি ।"
সকালে ফেলে এসেছি।,বেয়িন্নে ফেলায় আইসসি ।
রেজিস্ট্রি করা হবে।,রেজিস্ট্রি গরা অয় যাইবু গু ।
মধুর মতো।,মধুর নানি ।
এই সিজনে কি ব্যবসা করলে ভালো?,এই সিজনত কি ব্যবসা গরিলি ভালা ওইবু দে?
"কবিরাজ মশাই, কি ওষুধ দেবেন?","কবিরাজ মশাই,কি ওষুধ দিবেন ?"
"ড্রাইভার ভাই, একটু স্পিড কমান",ড্রাইভার ভাই এক্কানা স্পিড হমোন?
কোথায় কাপড় কাচেন?,হর হনডে দোন দে?
রেস্তোরাঁয় করব,ওটেলত হাইয়ুম দে
কোন ব্র্যান্ডের মোবাইল চার্জার?,হন ব্রান্ড অর মোবাইলুর চার্জার?
আপনার ফোন নাম্বার কত?,অনর ফোন নম্বর হত?
"দক্ষিণের ঘরে, যেখানে হাওয়া ভালো আসে","দইনদির ঘরত ,যেনডে বাতাস ভালা গরি আইয়ি"
বাংলা ওয়েব সিরিজ কেমন?,বাংলা ওয়েব সিরিজ কেন?
"ছাদের বাগানে, যেখানে পাখির কলরব শোনা যায়","ছাদর বাগানত,যেনডে পাখির ছেনছেনানি ওনা যায়"
সন্তানের জন্য সব কিছু ত্যাগ করতে পারেন,পুয়ার লায় বেগ কিছু ছাড়ি দিত পারন
খেজুরের শরবত পছন্দ,হাজুরুর শরবত গম লাগে দে
ফ্রি টাইমে কি করো?,ফ্রি টাইমে কি গরো?
টাটকা পানি আছে।,তাজা পানি আছে ।
ইউটিউবে রান্নার রেসিপি দেখাবো ভাবতেছি,ইউটিউবত রাধনির রেসিপি দেহায়ুম ভাবির
"আজকাল রুফটপ ক্যাফেতে, ভিউ দারুণ","আইজকেল রুফটপ ক্যাফত, ভিউ সুন্দর"
টাকা জমাচ্ছি।,টিয়া জমাইর।
ফুল তুলতে যাচ্ছি বাগানে।,ফুল তুইলতাম যাইর বাগানত ।
আপনি কি বিয়ে করেছেন?,অনর বিয়ে হত্তে?
রোদে উল্টে পাল্টে,রইদুত উলট পালট
গরম পরোটা পছন্দ,গরম পরটা গম লাগে দে
ঈদের দিন কি করো?,ঈদুর দিনুত কি গরন দে?
নারিকেল পাড়তে হবে।,নাইরকুল পাড়ম পরিবু ।
"হ্যাঁ, প্রজেক্ট স্ট্যাটাস","অয়অ, প্রজেক্ট স্টাটাস"
কি দিলে?,কি দিয়ুন ?
"হ্যাঁ, রাতে টাঙ্গাই","অয়অ,রাতিয়ে টাকি দি"
জানালার ধারে,জানালার ডাগত
প্রতি অঞ্চলের কথায় নিজস্ব সুর,পইত্তেক অঞ্চলত হথায় হথায় নিজস্ব সুর
কোন সময় বাগান করেন?,হন সমত বাগান গরন দে?
পুকুর ঘাটে,পইরু ঘাটত
কোথায় লেখাপড়া করেন?,লেহাপড়া হনডে গরন দে?
খবরের কাগজ এসেছে?,হবরর হাগজ আইসসি না ?
কিভাবে রান্না করেন?,কেন গরি রাধন দে?
এক চিমটি দিন।,এক চিমটি দিয়ন।
কোন ধরনের পিরিচ ব্যবহার করেন?,কি রহম প্লেইট ব্যবার গরন দে?
আপনি কি নিয়মিত মুড়ি খান?,অনে কি পইত্তেন মুড়ি হন না?
কি উপহার দেবেন?,কি দিবেন দে পেজেন/উপহার ?
বাল্ব পুড়ে গেছে।,বঅল পুড়ি গেইয়ি ।
"বস, টিমের সাথে লাঞ্চ মিটিং রাখব?","বস, টিমুর লগে লান্চ মিটিং রাইখ্খুম না?"
গ্রামের কৃষকদের স্মার্টফোনে বাজার দেখাচ্ছে,গেরামর চাষা অলরে স্মার্টফোনে বাজার দেখার
মাল্টিন্যাশনাল কোম্পানিতে,মাল্টিন্যাশনাল কোম্পানিত
আম্মু আর আব্বু আছে,আম্মা ইয়ের আর বাপ আছে না?
আপনার কি বাড়িতে শিয়াল আসে?,অনর ঘরত কি ইয়েল আইয়ি না?
কোথায় হানিমুন প্ল্যান?,হানিমুন প্লেন হডে?
কড়াইটা খালি আছে?,হড়িয়া ইয়েন হাইল্লে আছে ?
"হ্যাঁ, ফুলের বাগান করি","অয়অ,ফুলুর বাগান গরি দিল"
ছোট ছোট করে,ছোট ছোট গরিয়েরে
দুটো দিলেই হবে।,দি দিলি অইবু ।
নতুন কি বিজনেস প্ল্যান আছে?,নোয়া কি ব্যাবসা গরিবের চিন্দে গরদ্দে
জামাই কবে আসবে?,জামাই হত্তে আইবু ?
পদ্মা নদীর পাড়ে মাছ ধরা দেখি,পদ্মা নদীর পাড়র মাছ ধরনি চাইর
ছোটবেলার বন্ধুদের সাথে,গুর থাকতে বন্ধু অলর লয়
কার বাড়ি যাচ্ছেন?,হারঅ ঘরত যাইতে লাইগ্গুন দে?
পাড়ার মোড়ে কি?,পাড়ার মোড়ুত কি ?
দুই কোশ হাঁটতে হবে।,দুই হোশ আডম পরিবু ।
নিরিবিলি সন্ধ্যা,নিজেপ আজইন্নে
"হ্যাঁ, নিভিয়ে দাও।","অয়অ,নিপেয় দি ।"
কোন ধরনের শীত পছন্দ?,কি রহম ঠান্ডা ভালা লাগে দে?
দেশের উৎসব পার্বণ কেমন?,দেশত উৎসব অনুষ্ঠান কেন?
চট্টগ্রামের জহুর হকে খাবি?,চট্টগ্রামের জহুরুল হলত হাবি নি?
"নানীজান, কি গুন গুন করছেন?","নানী জান, কি গুন গুন গইত্তে লাইগ্গুন দে ?"
"হ্যাঁ, নতুন ফিচার","অয়অ,নোয়া ফিচার"
কোন দোকানে যাবেন?,হন দোআনত যাইবেন ?
নদীর ঘাটে।,নদীর ঘাটত ।
শুটকি ভর্তা আর কাঁচা মরিচ দিয়ে,ওনির ভর্তা ইয়ের কেচাঁ মরিচ দি
নোয়াখালীর মজার কচুর লতি আনবে?,নোয়াহালীর মজার হচুর লতি আনিবে?
আপনি কি নিয়মিত হাত ধোন?,অনে কি পইত্তেন আত দু না?
নতুন বাংলা গানের আসর কেমন?,নতুন বাংলা গানর আসর কেন?
নকশা করে,নকশা গরি
আপনার কি ল্যাপটপ আছে?,অনত্তে কি ল্যাপটপ আছে না?
কোন ধরনের পুডিং পছন্দ?,কিরহম পুডিং গম লাগে দে?
আজ সকালে কি খেলেন?,আজিয়ে বিয়েন্নে কি হাইয়ুন দে?
গোল গোল করে,গোল গোল গরি
কোথায় আড্ডা জমে?,গফ হডে বেশি মারন দে?
"ফেসবুক গ্রুপে শেয়ার করি, ভাইরাল হয়","ফেসবুক গ্রুপুত শেয়ার গরি, ভাইরাল অয়"
সব আদায় করেছি।,বেজ্ঞিন আদায় গইজ্জি ।
টাঙ্গাইলের কালিহাতি যাচ্ছ?,টাঙ্গাইলর কালিআতি যাইতে লাইগ্গু না?
কোথায় কাপড় রাখেন?,হর হনডে রাহন দে?
সিনেমাটা কেমন?,সিনেমা ইবে ক্যান?
আজকে কি করবে?,আজিয়ে কি গরিবে?
কখন প্র্যাকটিস শুরু করবে?,হত্তে প্র্যাকটিস শুরু গরিবে?
ওয়াসার অফিসে,ওয়াসার অফিসুত
তোর এলাকার স্কুলটা কেমন?,তোর এলাহার স্কুল ইয়েন কেন?
আর্ট ইন্সটলেশন আর পপ-আপ মার্কেট জমে,আর্ট ইন্সটলেশন ইয়ের পপ-আপ মার্কেট জমে
কার কাছে রান্না শিখলেন?,হাত্তুন রান্না গরনি শিক্কুন দে?
জামদানি শাড়ি হবে।,জামদানি শাড়ি অইবু না ।
মাসিমা নানা ধরনের সেলাই শেখান,মাসিমা বউত ডইল্লে সিলেই শিখেই
লোহার কড়াই,লোআর হরিয়া
বাগানের চারপাশে,বাগানর চাইরুডাগদি
"দিদি রে, কি বুনছো?","দিদি রে, কি বুইনে লাইগ্গুন দে ?"
"হ্যাঁ, অফিসিয়াল পেপার",অয়অ অফিশিয়াল পেপার
"রাতের নীরবতায়, যখন সবাই ঘুমিয়ে পড়ে","রাইতুর নিজেপত,যেত্তে বেজ্ঞুনে ঘুম থাগে"
কোন বাজারে শাড়ি কেনেন?,শাড়ি হন বাজারত্তুন কিনন দে?
ভাই-বোনদের সাথে,ভাই বইন অলর লয়
আপনি কি নিয়মিত পার্কে যান?,অনে কি পইত্তেন পার্ক অত যন না?
তোমার অফিস কখন শুরু হয়?,তুয়ার অফিস হত্তে শুরু অয়?
কুয়াশা নেমেছে?,হুয়া নাইম্মি না?
"হ্যাঁ, তরকারিতে","অয়অ,তরহারিত"
রান্নাঘরে কে?,পাকঘরত হন ইবে ?
"হ্যাঁ, কোণায় জাল বোনে","অয়অ,জাল বানায় দে"
সকালের দিকে,বেয়িন্নের ইক্ষে
কোন সময় টিভি দেখেন?,হন সমত টিভি চন দে?
কিসমিস লাগবে?,কিসমিস লাগিবু না?
কাঁসার থালা,কাসাঁর বাসন
কোন ধরনের ঋতু পছন্দ?,হন ডইল্লে ঋতু ভালা লাগে দে?
শাড়িতে পাড় বানানো শিখতে ইচ্ছে করে,শাড়িত হাছা বানানি শিখতু গম লাগে দে
বাড়ির কোন জায়গায় ফুল ফোটে?,ঘরর হন জাগাত ফুল ফোডে দে?
শিশির পড়েছে?,শিশির পড়ের ?
ব্যাংকে কাজ করি,ব্যাংকত হাম গরি দি
কিভাবে ফল সাজান?,ফলফ্রুট কেন গরি সাজান দে?
শুটকি দিয়ে টক ঝাল তরকারি বানাই,ওনি দি হর ঝাল তরহারি রাধির
শীতের সকালে গরম গরম খেতে ভালোলাগে,শীতকাইল্লে গরম গরম হাইতু গম লাগে
দাদুর কাছে,দাদুত্তুন
দেখা করতে।,দেহা গইত্তু ।
মাছ ধরতে যাচ্ছি।,মাছ ধইত্তাম যাইর ।
কোন ধরনের বাংলা চ্যানেল দেখেন?,কিরহম বাংলা চ্যানেল চন দে?
টেবিলের উপর রেখেছিলাম।,টেবিলুর রাইক্ষিলাম ।
আপনার কি ডাইনিং টেবিল আছে?,অনত্তে কি ডাইনিং টেবিল আছে না?
মিষ্টি দই খেতে অনেকে ভিড় করে,মিডে দই হাইতু বউত জনে লাইন ধরে
রান্নাঘরে,পাকঘরত
কিভাবে সময় কাটে?,সম কেন গরি হাডন দে?
কোথায় উনুন জ্বালান?,চুল হনডে জ্বালন দে?
আপনার কি ওয়াল শেলফ আছে?,অনত্তে ওয়াল শেলফ আছে না?
কোথায় যাবে দরবেশ?,হনডে যাইবু দে দরবেশ ?
আপনি কি নিয়মিত ব্রেক নেন?,অনে কি পইত্তেন ব্রেক লন না?
"ডিজিটাল স্কিল নিয়ে কিছু বই, অনলাইন থেকে","ডিজিটাল স্কিল লইয়েরে কিছু বই, অনলাইনত্তুন"
মালিবাগের চাইনিজ রেস্তোরাঁয় যাবি?,মালিবাগের চাইনিজ রেস্তোরাঁয় যাবি নি?
দেশের মুক্তিযুদ্ধের স্মৃতি কেমন?,দেশত মুক্তিযুদ্ধর হথা কেন মনত আছে?
রেডিও বাজে?,রেডিও বাজের না?
মিটিং রুম খালি আছে?,মিটিং রুম কি হালি আছে না?
এত তাড়া কিসের?,এত দুঅধি কিয়ুর ?
"হ্যাঁ, পেছনের বাগানে","অয়অ,পিছুদির বাগানত"
"হ্যাঁ, উঠানে আছে","অয়অ,উডনত আছে"
"এই মামু, কোন ঝামেলায় আছো?",এই মামু হন ঝামেলা আছে না?
টিনের কৌটা,টইনুর হোট্টা
দেশপ্রেম আর মানবতার বার্তা দেয়,দেশপ্রেম ইয়ের মানবতার বার্তা দের
পরিষ্কার বিছানা,সাফ বিছানা
কাঁচা আম কত?,কেচাঁ আম হত ?
পুরান ঢাকার কোন খাবার পছন্দ?,পুরন ঢাহার হন হানা গম লাগে দে?
বাংলাদেশের গ্রাম্য চিকিৎসক কেমন?,বাংলাদেশর গেরমর ডাক্তর অল কেন?
চা বাগান কেমন লাগে?,চা বাগান কেন লাগে দে?
স্পোর্টস কাফেতে,স্পোর্টস ক্যাফেত
যুব দল পথনাটক নিয়ে নতুন প্রযোজনা করছে,যুব দল পথনাটক লইয়েরে নোয়া প্রযোজন গরের
আজকে রাতে কি রান্না করবে?,আজিয়ে রাতিয়ে কি রাঁধিবে?
"হ্যাঁ, ইউটিউবে","অয়অ, ইউটিউবত"
মাঝারি সাইজ।,মাঝারি সাইজ ।
আমাদের বসন্ত উৎসব কেমন?,আরার বসন্ত উৎসব হত্তে?
নৌকা ভ্রমণে কোথায় যান?,নৌকত চরিবেল্লায় হনডে যন দে?
"নানাবাড়িতে, যেখানে সব চাচা-চাচি জমা হন","নানারবাড়িত,যেন্ডে বেগ চাচাচাচি একওয়ারে অয়"
"হ্যাঁ, আইপ্যাডে লিখি","অয়অ,আইপ্যাডেত্তুন লেখি দি"
আপনি কি নিয়মিত ইয়োগা করেন?,অনেকি পইত্তেন ইয়োগা গরন না?
"কলেজের বন্ধুদের সাথে, শনিবারের মাটিনে শো","কলেজর বন্ধুর লয়,শনিবারে মাটিনে শো"
আঙ্গুর টক না মিষ্টি?,আঙ্কুর হরঅ না মিডে?
পাড়ার বন্ধুদের সাথে,পাড়ার বন্ধু অলর লয়
পাড়ার দোকানে।,পাড়ার দোআনত।
কাঁচের জারে,কাঁচর বয়ুমুত
"দক্ষিণের বারান্দায়, যেখানে দুপুরেও ঠান্ডা থাকে","দইনদির বারান্দাত,যেনডে দুইজ্জেও ঠান্ডা থাগে"
"সিস্টেম মেনে, সব জিনিস জায়গামতো রেখে","সিস্টেম মানি বেগ জিনিস জাগা মজিম আছে,"
ধুয়ে কেটে,ধুয়েরে কুডিয়েরে
এখন কোথায় যাচ্ছেন?,এহন হডে যাইতে লাইগ্গু?
কিভাবে ঘর ঠান্ডা রাখেন?,ঘর কেন গরি ঠান্ডা রাহন দে?
রাত্রিবেলা,রাইতুর বেলা
"ব্লগিং করে দিন চলে যায়, তুই কি করিস?","ব্লগিং গরিয়েরে দিন যায়গুই,তুই কি গরছ দে"
"হ্যাঁ, কোড আপডেট করি",অয়অ কোড আপডেট গরি দি
"হ্যাঁ, শখের বশে","অয়অ,মনর ইচ্ছেই"
আপনার কি বাড়িতে টিকটিকি আছে?,অনর ঘরত কি টিকটিকি আছে না?
মাতৃভাষার জন্য প্রাণ দেওয়ার সাহস,মাতৃভাষার লায় পরান দিবের লায় সঅস আছে
"হ্যাঁ, বাথরুমে আছে","অয়অ,বাথরুমুত আছে ত"
কেন এত ঘুমাও?,এতো ঘুম কিল্লে য?
মামাবাড়ি যাব।,মামার ঘরত যাইয়ুম ।
কি দেখলেন?,কি চাইয়ুন ?
বারান্দায়,বারান্দাত
"হ্যাঁ, রাতে।","অয়অ,রাতিয়ে ।"
আবেদন করেছেন?,আবেদন গইজ্জুন না ?
মাটির বাটি,মেডির হোটারা
খাতাটা কার?,হাতা ইবে হার ?
বাজারের কোন সময় ভিড় কম?,বাজার ত হন সমত জাম হম থাগে দে?
রাজশাহীর আম কিভাবে খান?,রাজশাহীর আম কেন গরি হন দে?
আপনার কি বাড়িতে পুকুর আছে?,অনর ঘরত কি পইর আছে না?
আপনার কি গ্রামের বাড়ি আছে?,অনত্তে কি গ্রামত ঘর আছে না?
হাওরে নৌকা নিয়ে কোথায়?,ডেবার নৌক লয় হনডে?
রাজশাহীর পদ্মা গার্ডেনে বসবি?,রাজশাহীর পদ্মা গার্ডেনত বঅবি নি?
নতুন কফি শপে কি হয়?,নতুন কফি শপত কি অয় দে?
বন্যায় সব ডুবে গেছে।,বানর পানিত বেজ্ঞিন ডুবি গেইয়ি ।
সামনের বাগানে,সাম্মদির বাগানত
গান শুনে শুনে,গান ওনি ওনি
এখানে ফ্রি ওয়াইফাই আছে?,এন্ডে কি ওয়াইফাই আছে না?
দোয়া পড়েছেন?,দোয়া পইজ্জুন না ?
দাড়ি কাটতে।,দাড়ি হাডিবেল্লায় ।
বগুড়ার দই পছন্দ,বগুড়ার দই গম লাগে দে
"হ্যাঁ, দেয়ালে দেখি","অয়অ,দেবালত চাইদি"
তাঁতীপাড়ায় কি হয়?,তাতীপাড়াত কি অয় দে?
কোন ধরনের পাতিসাপটা পছন্দ?,কিরহম পাটিসাপটা ভালা লাগে দে অনত্তে?
দেখে দেখে,চায় চায়
শিল্পকলায় বসে নতুন নাটক উপভোগ করি,শিল্পলাত বইয়েরে নোয়া নাটক মজা লায়
ফুল ফুটেছে?,ফুল ফুডের না?
কিভাবে ফল পাড়েন?,কেন গরি গাছত্তুন ফল পাড়ন দে?
গরুর দাম কত?,গরুর দর হত?
কেন এসেছেন?,কিল্লে আইসসুন দে?
তোর অনলাইন স্টোর কেমন চলে?,তোর অনলাইন স্টোর কেন চলের?
কোন ধরনের কলস ব্যবহার করেন?,কিরহম গরা ব্যবার গরন দে?
"কাকি মা, কি শাক নিয়ে এলে?","কাকি মা,কি শাক লয় আইসসুন দে?"
কেন এত চিন্তা?,কিল্লে এত চিন্দে ?
কোথায় চায়ের আসর বসে?,বেজ্ঞুনে বইয়েরে হনডে চা হাইদে?
দেশি খাবার খাই আর সেলফি তুলি,দেশি হানা হায় আর সেলফি তুলির
মোটা জিলাপি পছন্দ,মোট জিলেপি গম লাগে দে
"হ্যাঁ, একটা ডিএসএলআর আছে","অয়অ,ওগগো ডিএসএলর আছে ত"
বইয়ের ভিতরে।,বইয়ুর ভিতুর।।
কোথায় কলসি রাখেন?,গরা হনডে রাহন দে?
সহজ সরল জীবনযাপন আর মানবিক মূল্যবোধ,সহজ সরলভাবে থাগন ইয়ের মানবিক মূল্যবোধ
কোন ধরনের গরম পছন্দ?,হন ডইল্লে গরম ভালা লাগে দে?
শূন্য এক সাত দুই তিন চার পাঁচ ছয়,শূন্য এক সাত তিন চাইর পাঁচ
আপনার কি বাড়িতে শজারু আসে?,অনর ঘরত কি ছোলা আইয়ি না?
তোর অনলাইন ক্লাস কেমন যায়?,তোর অনলাইন কেলাস কেন যায় দে?
কালো আঙ্গুর পছন্দ,হালা আঙুর গম লাগে দে
"আন্টি, দাওয়াতে আসছেন তো?","আন্টি, দঅতত আসইতে লাইগ্গুন ত?"
"হ্যাঁ, রাতে দেখি","অয়অ,রাতিয়ে চায় দি"
কি পাবো?,কি পাইয়ুম ?
কোন সময় ছবি তোলেন?,হন সমত ছবি তুলন দে?
বুখারি শরীফ পড়ছি।,বুখারি শরিফ পড়ির ।
"মেট্রো স্টেশনের কাছে, যাতায়াত ইজি","মেট্রো স্টেশনর ডাহত, যাতায়াত সহজ"
কি হয়েছিল?,কি অইয়ি দে?
কিভাবে শাক বাছেন?,শাক কেন গরি বাজন দে?
কোথায় শাড়ি শুকান?,শাড়ি হনডে পোঅত দিয়ন দে?
পরোটা আর ভাজা ডিমের সাথে চা,পরটা ইয়ের ভাইজ্জে ডিমুর লয় চা
গোলাপ আর জবা।,গোলাপর লায় ।
"হ্যাঁ, একটু বেশি আছে","অয়অ,এক্কনা বেশি আছে দে"
মসজিদের পাশের রাস্তা দিয়ে,মসদুর ডাগদি রাস্তা দি
হাতিরঝিলে একটা দারুণ রেস্তোরাঁ খুলছে,হাতিরঝিলুত এক্ষান সুন্দর ওটেল খুইল্লি
সিটি করপোরেশনে,সিটি কর্পোরেশনে
গ্রামের হাটে কি?,গেরামর আটত কি ?
আপনি কি নিয়মিত স্টক রাখেন?,অনে কি পইত্তেন স্টক গরন না?
কোথায় খেলা দেখবেন?,খেলা হডে চাইবেন দে?
নির্জন বাগানে,নিজেপ বাগানত
"হ্যাঁ, পুকুরে ভাসে","অয়অ,পইরুত ভাইদে"
কোথায় রেন্ট নিবেন?,রেন্ট হডে লইবেন দে?
গাছের ছায়ায়।,গাছর ছামাত ।
"না, নিজেই ড্রাইভ করি","না,নিজি চলাই দি"
"জুমে করি, স্টুডেন্টরা ভালো রেসপন্স দেয়","জুমে গরি, স্টুডেন্ট অলে ভালা রেসপন্স দের"
দক্ষিণ মুখী,দইন মুখী
আমি ডানদিকে যাব।,আই ডান ডদি যাইয়ুম।
কোন ধরনের চাদর ব্যবহার করেন?,কিরহম শাল গঅত দিয়ন দে?
মাটন রেজালা পছন্দ,মাটন রেজালা গম লাগে দে
ময়দা মাখা হচ্ছে।,ময়দা মাখা অর ।
তোর সেই স্টার্টআপের কি খবর?,তোর সেই স্টার্টআপর কি হবর?
রহিম চাচার দোকানে ভালো জিনিস পাওয়া যায়,রহিম চাচার দোআনত ভালা জিনিস পা যায়
কত দিন ছুটি?,কত দিনুর বন্ধ ?
মাথার পেছনে,মাথার পিছুদি
"বউ মা, কি বানাচ্ছো?","বউমা,কি বানাইতে লাইগ্গু ?"
"হ্যাঁ, রাস্তার ধারে","অয়অ, রাস্তার ডাগদি"
বাসায় কি ইন্টারনেট লাইন আছে?,ঘরত কি ইন্টারনেট অর লাইন আছে না?
আপনি কি নিয়মিত পেঁপে খান?,অনে কি পইত্তেন কুইয়ে হন না?
কোন ধরনের কাটলেট পছন্দ?,কাটলেট কিরহম গম লাই দে অনত্তে?
লাল পাড় শাড়ি।,লাল পাড়র শাড়ি।
কেন অসুস্থ লাগছে?,অসুস্থ লাগের কিল্লাই?
সাতরাস্তার নতুন অংশ দিয়ে যাই,সাতরাস্তাত নোয়া অংশ দিয়েরে যাই
ড্রয়ারে খুঁজুন।,ড্রয়ারত থোঅন ।
"বৃষ্টি নামার আগে, যখন মেঘ জমে আসে","ঝড় পরিবের আগদি,যেত্তে মেঘ জমি আইয়ি"
কোথায় যাচ্ছিস এখন?,হডে যর এহন?
পাড়ার চায়ের দোকানে,পাড়ার চাআর দোআনত
ধান শুকাচ্ছে।,ধান পুঅর ।
লেকের পাশে চালাই,লেকর ডাগদি/ডাহদি চলায় দি
"বড় আপুর কাছে, উনি ক্যালিগ্রাফি জানেন","বড় বইনুত্তুন,ইবে ক্যালিগ্রাফি জানে"
একই জায়গায় সূর্যোদয় আর সূর্যাস্ত দেখি,একই জাগাত সূজ্জু উডনি ইয়ের ডুপনি চাইর
বউভাতের অনুষ্ঠানে কি হয়?,বউ ভাতর অনুষ্ঠানত কি অয় দে?
কোথায় হোস্ট করবেন?,হনডে হোস্ট গরিবেন দে?
ধান শুকাচ্ছে।,ধান পুঅর ।
"নৌকা বায়, গান গায়, যাত্রী পার করে","নৌক বায়,গান গায়,যাত্রী পার ঘরে"
ফরমাল গাউন কোথায় কিনবে?,ফরমাল গাউন হডে কিনিবে?
এত তাড়াতাড়ি কেন?,এত দুঅদি কা?
চাটনি বানাবেন নাকি?,চান্নি বানাইবেন না ?
কার সাথে রান্না করেন?,হারলয় রাইন্দু যন দে?
দাদীর কাছে,দাদীত্তুন
কোন সময় চা খান?,চা হন সমত হন দে?
ওল পাওয়া যাবে?,ওল পা যাইবু না?
কোন রাস্তায় জ্যাম কম?,হন রাস্তাত জাম হম দে?
"হ্যাঁ, ডালে বসে","অয়অ,টেইলুত বইয়েরে"
"হ্যাঁ, রাতে ডাকে","অয়অ,রাতিয়ে ডাকে দে"
"হ্যাঁ, বাসে যাওয়ার সময় নিই","অয়অ,বাসত গরি যাইবের সমত লয় দি"
চলো না মুভি দেখতে যাই?,চলো না মুভি চাইতু যাই?
কোন দেশে পড়তে যাচ্ছেন?,পরিবেল্লাই হন দেশত যাইতে লাইগ্গু?
প্রতি শনিবার প্র্যাকটিস করে মাঠে,পইত্তেক শনিবার প্র্যাকটিস গরি মাঠত
কোথায় ট্রেনিং নিবেন?,ট্রেনিং হডে গরিবেন দে?
গাছিরা রস নামাতে গেছে ভোরের বেলা,গাছি অলে রস নামাইতু গেইয়ি বেয়িন্নে
আপনার কি স্টিম আয়রন আছে?,অনত্তে কি স্টিম আয়রন আছে না?
আপনি কি নিয়মিত কচু খান?,অনে কি পইত্তেন হচু হন না?
কিভাবে সময় কাটান?,সম কেন গরি শেষ গরন দে?
এখনই বেটে দিচ্ছি।,এহন বাডি দির।
প্লাগটা লাগানো?,প্লাগ ইয়েন লাগাইয়ে ?
কোন ধরনের বাংলা ব্লগ লেখেন?,কিরহম বাংলা ব্লগ লেহন দে?
নতুন সংসারকে নিজের করে নেন,নোয়া সংসাররে নিজুর গরি লন
কোন খবর আছে?,হন হবর আছে না ?
মহিলারা কলসি ভরছে।,বেডি অলে গরা ফুরর ।
হালকা করে রুটি আর তরকারি,সামান্য গরি রুটি ইয়ের তরহারি
কোন এলাকায় নতুন হাব খুলছে?,হন এলাহাত নোয়া হাব খুইল্লি দে?
আত্মীয় বাড়ি গেলে উপহার নিয়ে যাই,আত্মীয়র বাড়িত যাইলি কিছু লয়েরে যাই
জুম্মার নামাজ কোথায়?,জুমর নামাজ হনডে?
কোথায় এডজাস্ট করবেন?,এডজাস্ট হডে গরিবেন দে?
পুরনো কাপড় থেকে নতুন পোশাক বানান,পুরন হরত্তুন নোয়া হঅর বানায়
কি দেখবে?,কি চায়বে ?
আপনি কি নিয়মিত পাটশাক খান?,অনে কি পইত্তেন নারিস শাক হন না?
আপনি কি নিয়মিত হাসি-ঠাট্টা করেন?,অনে কি অক্কল সমে আসি মশকারি গরন না?
পরিবারের সাথে,পরিবারর লয়
আপনার কি বাড়িতে ফড়িং আসে?,অনর ঘরত কি ফড়িং আইয়ি না?
"চাচি, রান্না শেষ?","চাচি, রান্না শেষ না?"
কাঁচালঙ্কা দিয়েছেন?,কেচাঁ মরিচ দিয়ুন না ?
বৃষ্টি নামবে মনে হয়?,ঝড় পড়িবু মনয় ?
"মাস্টার মশাই, কি পড়াচ্ছেন?","মাস্টর মশাই,কি পড়াইতে লাইগ্গুন দে ?"
কিভাবে মাছ রান্না করেন?,মাছ কেন গরি রাধন দে?
আমার বয়স তিরিশ বছর।,আর বয়স তিরিশ বছর ।
লাল শাক পছন্দ,লালশাক গম লাগে দে
দশ মিনিট বাকি।,দশ মিনিট বাকি আছে আইযু ।
রাতে ঢাকা ইউনির চত্বরে যাই,রাতিয়ে ঢাহার ইউনির চত্বরত যাই
দেশি ইউটিউবাররা কি করে?,দেশি ইউটিউবার অলে কি গরে দে?
বাবা-মায়ের স্বপ্ন পূরণ করতে কঠোর পরিশ্রম করে,মা বাপর ইচ্ছে পূরন গরিবেল্লায় বউত পরিশ্রম গরের
"ইনভেস্টর পাইছি, এখন স্কেল আপ করুম","ইনভেস্টর পাই, এহন স্কেল আপ গইজ্জুম"
গ্রামের বাড়ির পেছনের গাছে,গেরামর ঘরত পিছুদির গাছত
"হ্যাঁ, রাতে দেখি","অয়অ,রাতিয়ে চায় দি"
দুইজন ডেভেলপার আর একজন মার্কেটার,দুইজন ডেভেলপার ইয়ের একজন মার্কেটার
খাস পাতিসাপটা পছন্দ,খাস পাতিসাপটা মজা লাগে দে
কোথায় শাখা রাখেন?,শাখা হনডে রাহন দে?
কি পেলেন?,কি পাইয়ুন দে ?
ডিনার কখন রেডি হবে?,ডিনার হত্তে রেডি অইবু?
কোন ধরনের গয়না পরেন?,অন ডইল্লে গয়না পরন দে?
কি দিয়ে ভাত খান?,কি দি ভাত হন দে?
মামার বাড়ি যাব।,মামা বাড়িত যাইয়ুম ।
ঘরের খাবার,ঘরর হানা
তোর বাসার সামনের চাচি কি করে?,তোর ঘরর সাম্মদির চাচি ইবে কি গরে দে?
"হ্যাঁ, আবার আসবেন","অয়অ, আবার আইস্সুন"
উত্তর দিকের ঘরে,উতুর দি ঘরত
আপনি কি নিয়মিত শেয়ার করেন?,অনে কি পইত্তেন শেয়ার গরন না?
তোর এলাকায় নতুন কি খুলছে?,তোর এলাহাত নতুন কি খুইল্লি দে?
আপনার কি ব্লাড সুগার আছে?,অনত্তে ব্লাড সুগার আছে না?
"হ্যাঁ, ক্লাউডে রাখি","অয়অ,ক্লাউডে রাখি"
কোন এরিয়ায় নতুন হাব খুলতেছস?,হন এরিয়েত নোয়া হাব খুইল্লুছ দে?
গ্রামে বিয়ে হবে।,গেরামত বিয়ে অইবু ।
"রাখাল ভাই, কি দেখলে মাঠে?","রাহাল ভাই,কি দেইক্ষু দে মাডত ?"
নাড়ু বানাচ্ছেন?,নাড়ু বানাইতে লাইগ্গুন না ?
"হ্যাঁ, গাছে আছে","অয়অ,গাছত আছে দে"
গ্রামীনফোন ব্যবহার করি,গ্রামীন ফোন ব্যবার গরি দি
বাজারের কোন সবজি সস্তা?,বাজারত হন তরহারি ইয়েন অস্তা দে?
বাজারে যাচ্ছি,বাজারত যাইর
কোথায় স্কেটিং করবেন?,স্কেটিং হডে গরন দে?
মাঠে কি হচ্ছে?,মাডত কি অর দে?
হাতের কাজের দোকানে কি পেলে?,আথর হাজর দোআনত কি পাইয়ুন দে?
কোথায় আড্ডা দিস সবসময়?,হনডে গফ মারছ দে সকসমে/সবসময়?
গাঁদা ফুল তুলছি।,গাঁদা ফুল তুলির।
দড়িতে রোদে,দড়ির মাইজ্জি রইদুত
আপনার কি বাড়িতে শাপলা আছে?,অনর ঘরত কি শাপলা আছে না?
আপনার কি স্টুডেন্ট কার্ড আছে?,অনত্তে কি স্টুডেন্ট কার্ড আছে না?
আপনি কি নিয়মিত পান খান?,অনে কি পইত্তেন পান হন না?
আপনি কি নিয়মিত দোয়া পড়েন?,অনে কি পইত্তেইন দোয়া পড়ন না?
কোন ধরনের মাছের ঝোল পছন্দ?,হন ডইল্লে মাছর ঝোল মজা লাগে দে?
আপনি কি নিয়মিত ঘি খান?,অনি পইত্তেন ঘি হন না?
বাংলাদেশ-ভারত ম্যাচ,বাংলাদেশ ভারতর খেলা/ম্যাচ
আপনার কি বাড়িতে বেঙ্গমা আসে?,অনর ঘরত কি বেঙ্গমা আইয়ি না?
টেবিলে পড়ে ছিল।,টেবিলুত পড়ি আছিল ।
এক কাপ চা খাব।,এক কাপ চা হাইয়ুম।
"হ্যাঁ, স্কুল জীবনের","অয়অ,স্কুল জীবনত"
বাংলা বই পড়ি আর পডকাস্ট শুনি,বাংলা বই পড়ি আর পডকাস্ট ওনি
সাধারণ রান্না,সাধারন রান্না
রাত একটায়,রাতিয়ে একটায়
কোথায় ওয়েবিনার করবেন?,ওয়েবিনার হডে গরিবেন দে?
বাজারের কোন দোকানে যান?,বাজারত হন দোআনত যন দে?
নৌকা বোঝাই হচ্ছে।,নৌক পুরর দে ।
মনের মণিকোঠায়।,মনর মণি ভুতুর/হোনাত ।
ডায়েরিতে,ডায়রিত
"বাবার কাছে, প্রতি শুক্রবার সকালে","বাপত্তুন,পইত্তেক শুক্ষুরবার বেয়িন্নে"
বাজারের কোন মাছ পছন্দ?,বাজারত হন মাছ গম লাগে দে?
আপনার কি ডিশ টিভি আছে?,অনত্তে কি ডিশুর টিভি আছে না?
আলু দিয়ে মাংস,আলু দি দোস্ত
মিরপুর-মতিঝিল রুটে,মিরপুর মতিঝিল রোডত
পূর্ণিমার রাতে।,পূর্ণিমের রাইতুত ।
কিভাবে ভর্তা বানান?,ভর্তা কেন গরি বানন দে?
কোন মৌসুম পছন্দ?,হন সিজন গম লাগে দে ?
বিয়ের কাপড় কাচছি।,বিয়ের হঅর ধুর ।
কোন ধরনের খেজুর পছন্দ?,কিরহম হাজুর গম লাগে দে অনত্তে?
এত তাড়াতাড়ি চলে যাচ্ছেন কেন?,এতো তাড়াতাড়ি যাইতে গু লাইগ্গু দে?
প্রাচীন বৌদ্ধ বিহারের ধ্বংসাবশেষ দেখি,প্রাচীন বৌদ্ধ বিহারের ধ্বংসাবশেষ চাইর
রান্নাঘরের টেবিলে,পাকঘরর টেবিলুত
ঢাকার নতুন জায়গায় কি হচ্ছে?,ঢাহার নতুন জাগাত কি অদ্দে?
কোন দিকে যাবে ভাবি?,হনদি যাইবেন দে ভাবি ?
আপনার কি হ্যান্ড মিক্সার আছে?,অনত্তে কি হ্যান্ড মিক্সার আছে না?
বিকেলে চা খাবি?,বিয়েলে চা হাবি?
দুপুরে কি করো?,দুইজ্জে কি গরন দে?
এনজিওতে,এনিজিওত
মাছ ধরার জাল কোথায়?,মাছ ধরিবের জাল হডে?
দেশি স্ন্যাকস এক্সপোর্ট করার চিন্তা আছে,দেশি স্ন্যাকস এক্সপোর্ট গরিবের চিন্তে আছে
"হ্যাঁ, ওপেন সোর্সে","অয়অ,ওপেন সোর্স"
"হ্যাঁ, বাচ্চাদের সাথে দেখি","অয়অ,গুর পোয়া অলর লয় চাই দি"
পুকুরের পাশে,পইরুর ডাহত
টাঙ্গাইলের শাড়ি কোথায় কেনেন?,টাঙ্গাইলুর শাড়ি হত্তুন কিনন দে?
মাছের ঝোল কেমন পছন্দ?,মাছর ঝোল/সুরগ কেন লাগে অনত্তে?
আমি একজন শিক্ষক।,আই ওগগো শিক্ষক।
"হ্যাঁ, দুধের সাথে","অয়অ,দুধুর লয়"
কোথায় নামাজ পড়বেন?,নামাজ হনডে পরিবে?
কোথায় বই কিনবেন?,বই হত্তুন কিনিবেন দে?
আপনার কি সোলার প্যানেল আছে?,অনত্তে কি সোলার প্যানেল আছে না?
মনের কথার আলাপ,মনর হথা হর
পরের মাসে।,পরর মাসত।
কিভাবে ফল সাজান?,ফলফ্রুট কেন গরি সাজন দে?
বাজারের কোন দোকানি ভরসার?,বাজারত হন দোকানদার ইবেরে ভরসা লাগে দে?
কার কাছে গান শিখছেন?,গান হাত্তুন শিখন দে?
কি প্রবলেম হচ্ছে?,কি প্রবলেম অদ্দে?
রাতের নীরবতায়,রাতিয়ের নিজেপত
"হ্যাঁ, রাতে করি","অয়অ,রাতিয়ে গরি দি"
কনফারেন্স রুমে,কনফারেন্স রুমে
নতুন ধান ওঠার পর আমন চালের ভাত,নোয়া ধান উডিবের পর আমন ধানর চইল
নীল আকাশ পছন্দ,নীল আকাশ গম লাগে দে
বিকেলে কি করিস আজকাল?,বিকেল বেলা কি গরছ দে?
কার্তিক মাসে কি করেন?,হাতি মাইস্সে কি গরন দে?
গ্রামের মেয়েরা কি করেন?,গেরামর মাইপুয়া অলে কি গরে দে?
বিকেলে বৃষ্টি নামলে চায়ের নেশা চাপে,বিকেলবেলা ঝড় পরিলি চাআর নেশা লাগে
বাংলাদেশি গেমিং কি করছে?,বাংলাদেশি গেমিং কি গইজ্জুন না?
মুড়ি মাখা।,মুড়ি মাইক্ষে ।
কোথায় যাবে জেঠি?,হনডে যাইবেদে জেঠি?
জুমার নামাজে কি হয়?,জুমার নামাজত কি অয় দে?
হস্তশিল্পের দোকানে কি কেনেন?,কুঅরর দোআনত্তুন কি কিনন দে?
কর্ন সুপ পছন্দ,কর্ন স্যুপ গম লাগে দে
কাপড়ে মাখি,হরত মাখি দি
"নতুন লেকের পাশে, লাইটিং করছে","নোয়া লেকর ডাহত, লাইটিং গরের"
বন্ধুদের জন্মদিনে কি করো?,বন্ধু অলর জন্মদিনুত কি গরন দে?
কোথায় শান্তি পান?,শান্তি হনডে পন দে?
দোয়েল পাখি পছন্দ,দোয়েল পাখি সুন্দর লাগে দে
কোন জায়গাটা এখন ভালো?,হন জাগা ইয়েন এহন ভালা দে?
আপনার কি ওয়েবক্যাম আছে?,অনত্তে কি ওয়েব ক্যাম আছে না?
কোন ধরনের খাবার পছন্দ?,হন ডইল্লে হানা গম লাগে দে?
আপনি কি নিয়মিত সিঙ্ক করেন?,অনে কি পইত্তেন সিঙ্ক গরন না?
সকাল নটায়।,বেয়িন্নে নটা বাজে ।
আপনি কি নিয়মিত অনলাইন শপিং করেন?,অনে কি পইত্তেন অনলাইনত্তুন শপিং গরন না?
সালিশি বৈঠকে সমস্যার সমাধান হয়,সালিশ বৈডুকুত সমস্যার অয় দে
পার্কে গিয়ে,পার্কত যাইয়েরে
"হ্যাঁ, বুটুথ ইয়ারফোন","অয়অ,ব্লুটুথ ইয়ারফোন"
"নানীর হাতের, বিশেষ করে তার বানানো পোলাও","বেডির আথর, বিশেষ গরি ইবের রাইন্দে পোলা ভাত"
কোন ধরনের স্ট্রিট ফুড খান?,কিরহম হানার দোআনত যন দে?
কোন খাবার বানাতে ভালোলাগে?,হন হানা বানাইতু বেশি মনে হয় দে?
"ভালো খবর, চাকরি পেয়েছি।","ভালা হবর,চরি পাই ।"
চমচম পছন্দ,চমচম গম লাগে দে
মৃদু আলো পছন্দ,হালকা ফঅর গম লাগে দে
ডিজিটাল মার্কেটিং আর গ্রাফিক্স ডিজাইন শিখি,ডিজিটাল মার্কেটিং ইয়ের গ্রাফিক্স ডিজাইন শিখির
"হ্যাঁ, গোলায় আসে","অয়অ,গোলাত আছে"
কোন ধরনের ফ্রাই পছন্দ?,কিরহম ফ্রাই ভালা লাগে দে?
"স্যার, টিম মিটিং টা কবে রাখবো?","স্যার, টিমুর মিটিং ইয়েন হত্তে রাইক্খুম?"
স্টুডিও রুমে,স্টুডিও রুমুত
কবে থেকে নতুন চাকরি শুরু করবে?,হত্তেত্তুন নতুন চরি শুরু গরিবি?
একদম টাটকা।,একদম তাজা ।
কিভাবে মাছ কাটেন?,মাছ কেন গরি হাডন দে
কোন ধরনের খোলা ব্যবহার করেন?,হন ডইল্লে হোলা ব্যাবার গরন দে?
"কত রকমের গরু দেখি, আর চা খেতে খেতে দর কষাকষি করি","হত ডইল্লে গরু দেহি,আর চা হাতে হাতে দরদাম গরি"
বাঁশের নানা জিনিস বানিয়ে জীবিকা চালান,বাঁশর বউত ডইল্লে জিনিস বানাইয়েরে জীবন চলার
খাটের পাশে,পালংঅর ডাহত
আপনার কি বাড়িতে চিলেকোঠা আছে?,অনর ঘরত কি ডেইর আছে না?
মশলা কুটতে হবে।,মশল্লা কুডম পরিবু ।
মাঠের ফসল তুলে এনেছি।,বিলুর ফসল লয় আইসসি।
ভর্তা বানাতে কি লাগে?,ভর্তা বানাইতু কি লাগে দে?
কোথায় অর্ডার করবেন?,অর্ডার হডে গরিবেন দে?
বর্ষার দুপুরে কি?,বর্ষাহাইল্লে দুইজ্জে কি ?
হৃদয়ের গভীরে।,হৃদয়ের ভিতুরে ।
কোথায় রাউট করবেন?,রাউট হডে গরিবেন দে?
ঈদগাহে কি?,ঈদগাহত কি ?
লন্ড্রি শপে দেব,ধোলাত দিয়ুম দে
"ফুফু, নতুন বাসা কেমন লাগছে?",ফুফু নতুন বাসা ইয়েন ক্যান লাগের?
গেমটা কোথায় খেলবে?,গেইম ইয়েন হডে খেলিবে?
"রঙ মিলিয়ে, বড় থেকে ছোট সাইজে","রং মিলেয়েরে,বড়ত্তুন ছোট সাইজুর"
কোন সময় চায়ের স্বাদ বেশি?,হন সমত চার পোয়াদ বেশি থাগে দে?
আপনি কি নিয়মিত মাছ খান?,অনে কি পইত্তেন মাছ হন না?
কিভাবে মাছ ভাজেন?,মাছ কেন গরি ভাজন দে?
মাটির প্রদীপ কবে জ্বালান?,মেডির চেরাগ হত্তে জ্বলন দে?
ছোট ছোট করেছি।,গুর গুর গইজ্জি ।
কোথায় দোয়া করেন?,দোয়া হনডে গরন দে?
কোন ধরনের মিষ্টি পছন্দ?,হন ডইল্লে মিষ্টি গম লাগে দে?
কোথায় স্বপ্ন দেখেন?,সপ্পঅনত হনডে দেহন দে?
কিভাবে সবজি কাটেন?,তরহারি কেন গরি হাডন দে?
ভ্রমণ কাহিনী আর রান্নার গল্প লিখি,"ঘুরনর কাহিনী,রাধনর গফ ওনি"
বৃষ্টি হবে?,ঝড় পড়িবু?
হরিণের পাল দেখলাম।,হরিনুর ঝাঁক দেক্ষি ।
সব বন্ধ করে এসেছি।,বেগ বন্ধ গরি আইসসি ।
আপনার কি স্টাডি টেবিল আছে?,অনত্তে কি স্টাডি টেবিল আছে না ?
পাড়ার মোড়ে কি?,পাড়ার মোড়ুত কি ?
জেলেরা জাল শুকাচ্ছে।,জাইল্লে অলে জাল পোঅর ।
সকালের শিশিরে,বেয়িন্নের শিশিরুত
আপনি কি নিয়মিত ঢেঁকি ছাটেন?,অনে কি পইত্তেন ঢেই মারন না?
"হ্যাঁ, ড্রয়িং রুমে আছে","অয়অ, ড্রয়িং রুমুত আছি দি"
আপনার কি রেইন কোট আছে?,অনত্তে কি রেইনকোট আছে না?
দেশের পারিবারিক বন্ধন কি শেখায়?,দেশর পারিবারিক বন্ধন কি শিখেই দে?
পান খাবেন?,পান হাইবেন না?
আপনার কি টিভি স্ট্যান্ড আছে?,অনত্তে কি টিভি স্ট্যান্ড আছে না?
কোথায় লগ ইন করবেন?,লগইন হনডে গরিবেন দে?
ফুল আর ছবি দিয়ে,ফুল ইয়ের ছবি দি
বাড়িতে আরাম করি।,ঘরত জিরেদ্দি ।
কোন ধরনের হালিম পছন্দ?,কিরহম হালিম গম লাগে দে?
মৌলভীবাজারের মাধবপুর লেক যাবে?,মোলইবাজারর মাধবপুর লেকত যাইবে?
মুঠোফোনে কি দেখছো?,বাটন ফোনুত কি চন দে?
লেকের পাশ দিয়ে,লেকর ডাগদি
কোন ধরনের ঢাকনা ব্যবহার করেন?,হন ডইল্লে ঢাকনি ব্যবার গরন দে?
জাহাঙ্গীরনগরে বোটানিক্যাল গার্ডেন দেখবে?,জাহাঙ্গীরনগরত বোটানিক্যাল গার্ডেন চাইবে না?
আপনার কি বাড়িতে গিরগিটি আছে?,অনর ঘরত কি কিয়াল্লিস আইয়ি না?
টিএসসি'র চত্বরে বন্ধুদের সাথে আড্ডা দেই,টিএসসির চত্বরত বন্ধু অলর লয় গফ মারির
তোমার ফ্যামিলি কেমন আছে?,তুয়ার ফেমেলি কেন আছে?
মসলিন কাপড় কোথায় দেখেছো?,মসলিন হর হনডে দেক্ষুন দে?
আপনার কি ডাস্টবিন আছে?,অনত্তে কি ডাস্টবিন আছে না?
ঝালমুড়ি কিভাবে খান?,ঝালমুড়ি কেন গরি হন দে?
"হ্যাঁ, চা বানাতে লাগে","অয়অ,চা বানাইতু লাগে দে"
"হ্যাঁ, এখনই ভাজলাম।","অয়অ, এহনই ভাইজ্জিলাম ।"
আপনি কি নিয়মিত পরিষ্কার করেন?,অনে কি পইত্তেন সাফ গরন না?
আপনার কি বাড়িতে কাঠগোলাপ আছে?,অনর ঘরত কি কাঠ গোলাপ আছে না?
হালকা নীল,হালকা নীল
কোন ধরনের লিচু পছন্দ?,কি রহম লিচু গম লাগে দে অনত্তে?
"হ্যান্ডমেড জুয়েলারি, অর্ডার থাকে সব সময়","হ্যান্ডমেড জুয়েলারিত্তুন, অর্ডার আইয়ি অক্ষল সমে"
"হ্যাঁ, ভালোভাবেই পারি","অয়অ,ভালাগরি পারি ত"
কি খেলি দুপুরে?,কি হাইয়ুস দুইজ্জে?
হাসি-ঠাট্টা মেশানো,আসি-মশকারি মিইয়ে
ভাটিয়ালি গান কখন শোনেন?,ভাটিয়ালি গান হত্তে ওনন দে?
রোদে শুকাতে দিয়েছি।,রইদুত পুঅয়তাম দি ।
রাতের নীরবতায়,রাতিয়ের নিজেপত
ছাদের উপরে,ছাদর উদ্দি
আপনি কি রেগুলার এক্সারসাইজ করেন?,অনে কি পইত্তেইন এক্সারসাইজ গরন না?
কোন দিকে যাবে মাঝি?,হন দি যাইবেদে মাঝি?
নদীর মাছ,নদীর মাছ
"মৌসুমি সবজি, যা এই সময় বেশি আসে","সিজনর তরহারি,যা এইসমত বেশি আইয়ি"
আপনি কি নিয়মিত সবজি খান?,অনে কি পইত্তেন তরহারি হন না?
তোমার ভবিষ্যতের কথা।,তোয়ার ভবিষ্যতর হথা ।
যাস কোথায় এখন?,হডে যর এহন?
আপনার কি স্টিম আয়রন আছে?,অনত্তে কি স্টিম আয়রন আছে না?
সরিষা ফুল কোথায় দেখেন?,অরই ফুল হনডে দেহন দে?
ভারত আর নেপাল।,ভারত ইয়ের নেপাল।।
ঠাকুরমার কাছে,ঠাকুমার লয়
"হ্যাঁ, কাজ করতে করতে","অয়অ,হাম গত্তে গর্তে"
কোথায় কনভার্ট করবেন?,কনভার্ট হডে গরিবেন দে?
বাছুর হারিয়ে গেছে।,ডেহা আজি গেইয়ি ।
"বাউল ভাই, কোন গান গাইবে?","বাউল ভাই,হন গান গাইবে ?"
কিভাবে ফল সংরক্ষণ করেন?,ফলফ্রুট কেন গরি রাহন দে?
চট্টগ্রামের মেজবান কবে খান?,চিটাং অর মেজ্জান হত্তে হায়ুন দে?
মুক্তিযুদ্ধের গেম বানিয়ে হইচই ফেলেছে,মুক্তিযুদ্ধর গেম বানাইয়েরে হইচই ফেলাই দিঈয়ি
মায়ের গান গাই।,মার গান গায় ।
টিয়া পাখি ধরেছি।,তোতা পাখি ধইজ্জি ।
কক্সবাজার।,হক্সবাজার ।
আপনি কি নিয়মিত প্রেজেন্টেশন দেন?,অনে কি পইত্তেন প্রেজেন্টেশন দন না?
বই কিনেছেন?,বই কিন্নুন না ?
নতুন বাসায় কেমন লাগছে?,নোয়া বাসাত কেন লাগের?
বাংলা সিরিজ আর মজার মজার ভিডিও,বাংলা সিরিজ ইয়ের মজার মজার ভিডিও
লাল গরুটা।,লাল গরু ইবে ।
চুপ করে বসে আছি।,চুপ গরি বয় রয় ।
অপেক্ষা।,বয়তন/দিয়েই থাগন ।
"নতুন শিল্পীদের গান শুনি, তাদের সাথে গল্প করি","নোয়া শিল্পী অলর গান ওনি,ইতারার লয় গফ মারি"
"হ্যাঁ, খাতায় আঁকি","অয়অ,হাতাত আকিঁ দি"
গরম দুধের সাথে মিষ্টি লাচ্ছা খাই,গরম দুধুর লয় মিডে লাচ্ছা হাইর
কোথায় বাচ্চাদের পার্ক আছে?,গুরপোয়ার লাই পার্ক হডে হডে আছে?
মাছ ধরার নৌকায় কি নেন?,মাছ ধরিবের নৌকত কি লন দে?
বাজারে কি দাম?,বাজার কি দর ?
চিতা জ্বলছে।,চিতে জ্বলের ।
"ফজরের আজানে, পাখির ডাকের সাথে","ফজরর আজানত,পাখির ডাকনর সাথেসাথে"
"ঢোল-করতাল বাজে, লোকজন নাচে, রাত জেগে শুনি","ঢোল-করতাল বাজে,মাইনষি নাচে,ওরঘুম থাগিয়েরে ওনি"
"চাচি, বিয়ের কার্ড দেখছেন?","অচাচি, বিয়ের কার্ড দেখ্খুন না?"
"সরষে বাটা দিয়ে ঝোল, আর পাতলা করে শুঁটকি দিয়ে","অড়ই বাটা দি ঝোল,আর পাতল গরি ওনি দি"
কাজি সাহেব দেখছেন।,হাজি সাব দেহের ।
আপনার কি মোটরসাইকেল আছে?,অনত্তে কি স্কুডর আছে না?
বৃদ্ধরা গল্প করছে।,বুড় অলে গফ মারের ।
খাবারটা কেমন লাগল?,খানা ক্যান লাইগ্গি?
দেশের সাংস্কৃতিক কর্মীরা কি করেন?,দেশর সংস্কৃতি কর্মী অলে কি গরে দে?
বায়তুল মোকাররম।,বায়তুল মোকাররম
তরকারিতে ঝাল কেমন?,তরহারিত ঝাল কেন?
"হ্যাঁ, জোয়ার আসছে।","অয়অ,জোয়ার আইয়ির ।"
চোখ দিয়ে দেখে,চোখ দি চায় দে
তোর পাড়ার নতুন ক্যাফেটা কেমন?,তোর পাড়ার নোয়া ক্যাফে ইয়েন কেন?
তোর ইভেন্টে কারা আসে?,তোর ইভেন্টত হারা আইয়ি দে?
ধর্মীয় শিক্ষার পাশাপাশি সমাজ সংস্কারে কাজ করেন,ধর্মীয় শিক্ষার লয় সমাজ সংস্কারর হাম গরন
তোর এলাকার কাবাব কেমন?,তোর এলাহার কাবাব কেন?
কি করছে রাখাল?,কি গরের দে রাহালে ?
কি অসুখ হয়েছে?,বেরাম কি অইয়ি?
নানীর হাতের পাটিসাপটা গরম দুধের সাথে খাই,নানীর আথর পাটিসাপটা গরম দুধুর লয় হায়
পাহাড়ি ঝর্ণার পানিতে পা ভিজাই,পাআড়ি ঝর্ণার পানিত টেং ভিজেইর
"আপনি কি করেন?""",অনে কি গরন ?
"মাসি গো, কেন কাঁদছো?","মাসি রে,কিল্লে হাইনতে লাইগ্গুন দে?"
রুটির মতন পাতলা।,রুটির মতন পাতল ।
আপনি কি নিয়মিত হাত ধোন?,অনে কি পইত্তেন আথ দোন না?
কোথায় ট্রান্সফার হবেন?,ট্রান্সফার হডে আইবেন দে?
ইলিশ মাছ কিভাবে রান্না করেন?,ইলিশ মাছ কেন গরি রাধন দে?
"উঁচু-নিচু করে, রঙের মিল রেখে","উচুঁ-নিচু গরি,রংঅর মিল রাহিয়েরে"
নৌকা বাইছে।,নৌক বাআর।
কোথায় লেখাপড়া করেন?,লেহাপড়া হনডে গরন দে?
বাথরুমে,বাথরুমত
মাখন কত চান?,মাহন হত চন ?
"হ্যাঁ, ব্লুটুথ স্পীকার আছে","অয়অ,ব্লুটুথ স্পিকার আছে দে"
আপনার কি শরীর খারাপ?,অনর গঅত কি হারাপ লাগের না?
তোমার ফোন মডেলটা কি?,তোয়ার ফোনর মডেল কি?
কিভাবে ঘর সাজান?,ঘর কেন গরি সাজান দে?
কোন ধরনের মিষ্টি দই পছন্দ?,হন ডইল্লে মিডে দই ভালা লাগে দে?
কি করছে ফকির?,কি গরের দে ফইরি ?
দেশের মৎস্যজীবীরা কি করেন?,দেশর জাইল্লে অলে কি গরে দে?
মা কোথায় গেলেন?,মা হনডে গেইয়ুন ?
তাঁত শাড়ির দোকান থেকে বাছাই করে,তাঁত শাড়ি দোআনত্তুন বাছিয়েরে
নতুন কোন ফুপুর বাসায় যাস?,নোয়া হন ফুরু ঘরত যচ দে ?
ঢাকা কলেজে।,ঢাহা কলেজত ।
মিডল ইস্টে,মিডল ইস্ট
কোথায় স্টোর করবেন?,স্টোর হডে গরিবেন দে?
বাংলা শর্ট ফিল্ম আর ওয়েব ড্রামা,বাংলা শর্ট ফিল্ম ইয়ের ওয়েব ড্রামা
আপনার কি পারিবারিক আলবাম আছে?,অনত্তে কি পারিবারিক অ্যালবাম আছে না?
অনলাইন পেমেন্ট হচ্ছে না কেন?,অনলাইন পেমেন্ট নো অর ক্যা?
শালগম কেমন?,শালগম কেন?
বাংলা সাহিত্য কখন পড়েন?,বাংলা সাহিত্যে হত্তে পড়ন দে?
সুনামগঞ্জের টাঙ্গুয়ার হাওর যাচ্ছ?,সুনামগঞ্জর টাঙ্গুয়ার হাওরত যাইবে না?
তোর বাসার ছাদে কি করস?,তোর ঘরর ছাদত কি গরছ দে?
পাকা আম,পাইক্ষে আম
পশ্চিম দিকে,পচিম দি
কদমতলায় কি?,হদম তলে কি ?
কোন ধরনের বার্গার পছন্দ?,বার্গার হন্ন ভালা লাগে দে?
কালোজিরা পাব?,হাইল্লেজিরে পাইয়ুম না?
বাড়ির কোন জায়গায় বই রাখেন?,ঘরর হন জাগাত বই রাহন দে?
খালার বাড়ি।,হালার বাড়ি ।
এখনও ফুটছে।,এহনও ফুডের ।
"হ্যাঁ, ফুলে ফুলে","অয়অ,ফুলে ফুলে"
কোন পার্কে ফুটবল খেলা হয়?,হন পার্কত ফুটবল খেলা অয়দে?
সরষে বাটা দিয়ে মাখিয়ে ভাজি,অড়য় বাটা দি মাখিয়েরে ভাজি
"বলুন, কি দরকার।","হঅন,কি লাগের ।"
ভাবি কেমন আছেন?,ভাবি কেন আছন?
নিজের বিছানায়,নিজুর বিছেনত
পাটের জমি কেমন?,পাটর জমি কেন?
আপনি কি নিয়মিত শাক খান?,অনে কি পইত্তেন শাক হন না?
কম্পিউটার শপে,কম্পিউটার শপে
বাংলা টাইপ করতে পারেন?,বাংলা টাইপ গরিত পারন না?
পুকুর পাড়ে কি করেন?,পইরু পাড়ত কি গরন দে?
কিভাবে সময় কাটান?,সম কেন গরি শেষ/হাডন দে?
সফটওয়্যার কোম্পানিতে,সফটওয়্যার কোম্পানিত
আপনার কি বাড়িতে কচুরিপানা আছে?,অনর ঘরত কি বড়পেনা আছে না?
বাজারের কোন ফল টক?,বাজার হন ফল হর দে?
আপনি কি নিয়মিত দই খান?,অনে কি পইত্তেন দই হন না?
খালা কবে আসবেন?,হালা হত্তে আইবেন ?
গুলশানে,গুলশানে
মামার বাড়ি কোথায়?,মঅরো বাড়ি হন্ডে?
কার কাছে গল্প শোনেন?,কিস্তে হাত্তুন ওনন দে?
আপনার পছন্দের রং কি?,অনত্তে হন রং ভালা লাগে?
"নতুন জামা পরে সবার বাড়ি ঘুরি, সেমাই খাই","নোয়া হোত্তা পড়ি বেজ্ঞুনুর ঘরর ঘুরি,সেমাই হায়"
পোলাও আর মাংস,পোল ভাত ইয়ের দোস্ত
আজান হয়ে গেছে।,আজান অয় গেইয়ি।
"ঠাণ্ডা পানিতে, ভালো করে ঘষে","ঠান্ডা পানিত,ভালা গরি গই"
আবার কবে দেখা হবে?,আবার দেহা অইবু?
মিরপুরে নতুন কনভেনশন হল খুলছে,মিরপুরে নোয়া কনভেনশন হল খুইল্লি
আমাদের জাতীয় সংস্কৃতি কেমন?,বাংলাদেশর জাতীয় সংস্কৃতি কেন?
একটু কম পড়েছে।,এক্ষানা হম পইজ্জি ।
উপচে পড়ছে।,উতারায।় পড়ের
পূর্বাচলে কি দেখেন?,পূর্বাচলে কি চন দে?
কোন ধরনের আলাপচারিতা পছন্দ?,হন ডইল্লে হথা বার্তা গফ ভালা লাগে দে?
"পুকুরের পাড়ে দাঁড়িয়ে টানা জাল ছুড়ি, ছোট মাছ ধরি","পইর পাড়ত তিয়েইয়েরে টানা জাল মেলা দি,গুর মাছ ধরির"
ঘরে বসে নতুন নতুন ব্যবসা শুরু করছেন,ঘরত বইয়েরে নোয়া নোয়া ব্যবসা শুরু গরন না
বন্ধুর বাসায় গিয়েছিলাম,বন্ধুর ঘরত গেই দি
সন্ধ্যায় কোথায় হাঁটতে যাস?,আজন্নে হনডে আডিবেল্লায় যচ দে?
আপনার বাড়ি কোথায়?,অনর বাড়ি হনডে ?
"হ্যাঁ, ঘুমানোর আগে","অয়অ,ঘুম যাইবের আগদি"
কোন ধরনের সময় গল্প করেন?,হন সমত মাইজ্জি গফ মার দে?
তুলসী গাছে,তুলসী গাছত
তোর এলাকার নতুন ভাবি কেমন রাঁধে?,তোর এলাহাত নোয়া ভাবি কেন রাধেঁ দে?
আপনি কি নিয়মিত নখ কাটেন?,অনেকি পইত্তেন নখ হাডন না?
কোন ধরনের শীতলপাটি পছন্দ?,হন ডইল্লে চিতল পাডি গম লাগে দে?
বাঁশের বাঁশি বাজানো শিখছি,বাশঁর বাশি বাজানি শিখির
কাজ আছে।,হাম আছে ।
কোন পথে যাবে বউ?,হন পথদি যাইবে দে বউ?
"ক্লাসিক বাংলা ছবি, যেগুলো বারবার দেখা যায়","ক্লাসিক বাংলা ছবি,যিয়িন বার বার চায়তু মনে হয়"
"হ্যাঁ, ড্রয়িং রুমে","অয়অ,ড্রায়িং রুমুত"
যারা ট্রাভেল আর ফুড কনটেন্ট বানায়,যারা ট্রাভেল ইয়ের ফুড কনটেন্ট বানাইর
পুরান ঢাকার স্টার হোটেলে,পুরন ঢাহার স্টার ওটেলত
বাবার কাছে,বাপত্তুন
আপনি কি নিয়মিত ফলোআপ করেন?,অনেকি পইত্তেন ফলোআপ গরন না?
আপনার কি বাড়িতে চড়ুই আসে?,অনর ঘরত কি চড়ি আইয়ি না?
দড়িতে মেলে,দড়িত মেলি দি
হাঁস কয়টা আছে?,আসঁ হওঅ আছে ?
আপনার কি দাদার বাড়ি আছে?,অনত্তে কি দাদার ঘর আছে না?
কোথায় ফটোকপি করাবেন?,ফটোকপি হডে গরিবেন?
"হ্যাঁ, পরিষ্কার করেছি।","অয়অ,সাফ গইজ্জি ।"
কিভাবে বেগুন ভাজেন?,বায়ুন কেন গরি ভাজন দে?
রাতে ঘুমাতে যাওয়ার আগে শুনতে ভালোলাগে,রাতিয়ে ঘুম যাইবের আগদি ওনতে গম লাগে দে
কোন ধরনের মানুষের সঙ্গ পছন্দ?,হন ডইল্লে মাইনষুরলই থাকতে ভালা লাগে দে?
"হ্যাঁ, বাথরুমে আছে",অয়অ বাথরুমুত আছে
সন্ধ্যায় গোসল করি,আজইন্নে গোছল গরি
ওষুধ খেয়েছেন?,দাবাই হাইয়ুন না ?
"ছোট ভাই, কোথায় যাবে?","ছোট ভাই,হনডে যাইবেন?"
কোন ধরনের পাখনা ব্যবহার করেন?,হন ডইল্লে বিছেন (পাখনা) দি বিছ দে?
আপনি কি নিয়মিত অপটিমাইজ করেন?,অনে কি পইত্তেন অপটিমাইজ গরন না?
কোথায় বন্ধুদের সাথে দেখা হয়?,বন্ধু অলর লয় হনডে দেহা গরন দে?
"সব জানালা খুলে, ক্রস ভেন্টিলেশন করে","বেগ জানালা মেলি,ক্রস ভেন্টিলেশনে গরি"
"সব কিছু কাছে, রিকশাও কম নেয়","বেগ কিছু হাছে, রিকশাও হম লয়"
তোর ইনস্টা কেমন চলে?,তোর ইন্সটা কেন চলের?
মায়ের সাথে,মার লয়
পাড়ার ছেলেরা,পাড়ার পুয়া অল
রসিদ পেয়েছেন?,রসিদ পাইয়ুন না ?
নারকেল কোরা হয়নি।,নাইরকুল হোরা ন অয় ।
"ভাই, চা একটু কড়া করে করেন","ভাই, চা এ গো এক্কানা হড়া গরি গইজ্জু।"
তোমার প্রিয় খাবার।,তোয়ার মনর মত হানা ।
কার কাছে কবিতা শেখেন?,হাত্তুন কবিতা শিক্ষুন দে?
কোন রকম বই পড়েন?,কিরহম বই পড়ন দে?
কি দেখলে ওখানে?,কি চাইয়ুন এনডে ?
"ছাদে সবজি বাগান, যেখানে টবে চাষ হবে","ছাদত তরহারির বাগান,যেনডে টপত চাষ অয়"
ডিজিটাল সেন্টারে,ডিজিটাল সেন্টারের
ভর্তা করে পান্তা ভাতের সাথে,ভর্তা ইয়ের পানি ভাতর লয়
কিভাবে বই পড়েন?,বই কেন গরি পড়ন দে?
সব ভালো,বেজ্ঞিন ভালা?
বাকিতে জিনিস দিয়েও মানুষের পাশে থাকেন,বাইক্কে জিনিস দিয়েরেও মাইনষুর ডাহত লাইন
কিভাবে মসলা বাটেন?,মসল্লা কেন গরি বাডন দে?
এই সময় কোন এলাকায় ফ্ল্যাট ভালো?,এই সমত হন এলাহার ফ্ল্যাট ভালা দে?
কাশফুল কোথায় দেখেন?,হাশফুল হনডে দেহন দে?
খামের ভিতরে।,হামর ভিতুর ।
"পাড়ার পুরনো বন্ধুদের সাথে, যারা ছোটবেলা থেকে আছে","পাড়ার পুরন বন্ধু অলর লয়,যারা গুর থাকত্তুন আছে"
কোন ধরনের শুটকি পছন্দ?,কিরহম ওনি গম লাগে দে?
"হ্যাঁ, ডাইনিং টেবিলে","অয়অ, ডাইনিং টেবিলুত"
"হ্যাঁ, পুরনো মুভি দেখি","অয়অ,পুরন মুভি চাইদ্দি"
আপনার কি বাড়িতে বাদুড় আসে?,অনর ঘরত কি চাম্বা বাদর আইয়ি না?
কোথায় পার্সেল নিবেন?,পার্সেল হডে লইবেন দে?
মাছের তেল আছে?,মাছর তেল আছে না ?
চুন সুপারি দিয়ে,চুন ইয়ের শুঅরি দি
চল না কফি শপে বসি?,চল না কপি শপত বই?
নতুন কনসার্টে কি শুনলে?,নোয়া কর্নসার্টত কি ওইনুন দে?
শুক্রবারে।,শুক্কুর বারে ।
"হ্যাঁ, ভালো করে।","অয়অ,ভালা গরি।"
আপনি কি নিয়মিত অটো চালান?,অনে কি পইত্তেন অটো চালান না?
"হ্যাঁ, একটা কোম্পানিতে করি","অয়অ,ওগগো কোম্পনিত গরি দি"
আজ কি রোজা?,আজিয়ে কি রোজা না?
পোড়ামাটির পুতুল আর শীতের পিঠার মেলায়,পোড়ামেডির পুতুল ইয়ের শীতুর পিডের মেলাত
"শর্ট ফিল্ম বানাচ্ছি, ইউটিউবে দিমু","শর্ট ফিল্ম বানাইর, ইউটিউবুত দিয়ুম"
সুপারি চূর্ণ দিয়ে,সুঅরির গুড়ি দি
ঝরঝরে হয়েছে।,ঝড়ঝইজ্জে অইয়ি ।
কোন ধরনের ভেজিটেবল রোল পছন্দ?,কিরহম ভেজিটেবল রোল গম লাগে দে?
আপনার কি পুকুর আছে?,অনর এডে কি পইর আছে না?
"চটপটি বানায় দারুণ, সবাই নিতে আসে","চটপটি বানায় সুন্দর গরি, বেজ্ঞুনে লইতু আইয়ি"
নকশিকাঁথা আর পটচিত্র সংগ্রহ করি,সিলেটি কেথা ইয়ের পট দৃশ্য আছিল গরির
আপনার কি কী চেইন আছে?,অনত্তে কি কি চেইন আছে?
নতুন কোন জায়গায় ঘুরলি?,নোয়া হন জাগাত ঘুইজ্জুছ দে?
হলুদের অনুষ্ঠান বাসায় করব,মেহেদী অনুষ্ঠান ঘরত গইজ্জুম দে
ভোরবেলায়,পোয়াইত্তে
বাজারের নতুন দোকানে,বাজারর নোয়া দোআনত
সোনালি ধানে ভরা মাঠ আর শিউলি ফুল,পাইক্কে ধানে ভরা বিল ইয়ের শিউলি ফুল
"হ্যাঁ, মাঝে মাঝে করি","অয়অ,মাঝে মাঝে গরি দি"
রোজ অভ্যাস করে সুন্দর করার চেষ্টা করি,পইত্তেন অভ্যাস গরি সুন্দর গরিবের চেষ্টা গলি
বাড়ির কোন দিকে গাছ লাগান?,ঘরর হনদি গাছ লাগন দে?
আমি মুসলিম।,আই মুসলমান ।
"গুরু ঠাকুর, কি শিক্ষা দেবেন?","গুরু ঠঅর,কি শিক্ষে দিবেন ?"
বিলের মধ্যে শাপলা দেখতে,বিলুর মাঝে শাপলা ফুল চাইতু
পঞ্চাশ টাকা কেজি।,পঞ্চাশ টিয়া কেজি ।
"বিকাশে টাকা পাঠাই, অনলাইনে বিল পে করি","বিকাশত টিয়া পাঠায়, অনলাইনুত বিল দিই দি"
কোন ধরনের হাতের কাজ করেন?,হন ডইল্লে আথর হাম গরন দে?
কি শব্দ শোনা যায়?,কি ছন ওনা যায় দে?
খরমুজ পাকা?,হরমুজ পাইক্ষে না ?
ভোর পাঁচটায়,বেয়িন্ন পাঁচটা বাজে
গ্রামের দরজিরা কি করেন?,গেরমর হলিফেয় কি গরে দে?
দোলনা চেয়ারে,ডুলনুর চেয়ারুত
আজকে কি তারিখ?,আজিয়ে হ তারিখ?
নতুন নতুন বাঙালি রান্না চেষ্টা করি,নোয়া নোয়া বাঙালি রান্না গরিবের চেষ্টা গরি
কাশ্মীরি আপেল,কাশ্মীরি আপেল
ঠাকুর ঘরে,ঠাকুর ঘরত
পুরনো মিষ্টির দোকানে আর পুরান ঢাকায়,পুরন মিষ্টির দোআনত ইয়ের পুরন ঢাহাত
হাজার মানুষের চিৎকারে নদীর পাড় মুখর হয়,আজার মাইনষুর চিক্ষরে নদীর পার মুখর অয়
তোর এলাকার ক্লাবে কি হয়?,তোর এলাকার কেলাফত কি অয় দে?
জানালার পাশের টেবিলে,জানালার ডাগর টেবিলুত
চিকেন তন্দুরি পছন্দ,চিকেন তন্দুরি গম লাগে দে
ডেলিভারি আসতে কত দেরি?,ডেলিভারি আইসতে হতক্কন দেরি অইবু?
"খালু, কোথায় দেখা করবেন?","হালু, হন্ডে দেহা গরিবেন?"
কিভাবে ফল ধোন?,ফলফ্রুট কেন গরি ধোন দে?
আপনি কি নিয়মিত ধনেপাতা খান?,অনে কি পইত্তেন বড়পাতা হন না?
গরুর মাংস কেমন পছন্দ?,গরু গোস্ত কেন লাগে দে?
"না, হাফ ডে অফিস আছে","না।ষ,হাফ ডে অফিস অইবু দে"
আপনি কি নিয়মিত লেবু খান?,অনে কি পইত্তেন হজি হন না?
বাড়ির কোন জায়গায় খেলেন?,ঘরর হন জাগাত খেলা খেলন দে?
আপনি কি নিয়মিত লগ করেন?,অনে কি পইত্তেন লগ গরন না?
কমলা রসালো?,কমলাত রস অইবু না?
বাঙালি অতিথি সেবা কেমন?,বাআল অলর মেমানদারি কেন?
বাঙালি সন্ধ্যা কেমন কাটে?,বাআল অলর আজইন্নে কেন হাডে?
আদা লাগবে কত?,আদা লাগিবু হত ?
"পুরনো বাংলা গান, বিশেষ করে রবীন্দ্রসংগীত","পুরন বাংলা গান, বিশেষ গরি রবীন্দ্র সংগীত"
দুধের ফিরনি পছন্দ,দুধুর ফিরনি গম লাগে দে
"ফ্রিল্যান্সিং করি ভাই, বিদেশি ক্লায়েন্ট ধরে","ফ্রিল্যান্সিং গরি ভাই,বিদেশর ক্লায়েন্ট দরিয়েরে"
চট্টগ্রামের মেজবান কবে খান?,চিটাংর মেজ্জান হত্তে হাইয়ুন দে?
আত্মীয়দের বাসায়,আত্মীয় অলর বাসাত
কি শোনালে?,কি ওনয়ুন ?
তেল-মসলায় ভাজা খুব মজার,তেল -মসল্লাত ভাইজ্জে খুব পোয়াদ
অনলাইনে সিটি করপোরেশনের সেবা নিই,অনলাইনুত সিটি করপোরেশনের সেবা লয়
রাখাল ছেলেরা মাঠে বসে বাজায়,গরু চড়াইন্নে অলে মাডত বইয়েরে বাজায়
"নিউ মার্কেটে, যেখানে চয়েস বেশি","নিউ মার্কেটত ,যেনডে চয়েস বেশি"
পুকুরে কি করেন?,পইরুত কি গরন দে?
কিভাবে ফল সাজান?,ফল কেন গরি সাজান দে?
কোন ধরনের বাংলা নাটক দেখেন?,হন ডইল্লে বাংলা নাটক চন দে?
কাল আসবে।,হালিয়ে আইবু ।
"হ্যাঁ, দুধ আর দই খাই","অয়অ,দুধ ইয়ের দই হায় দি"
"হ্যাঁ, রাতের খাবারে","অয়অ,রাতিয়ের হানা"
গ্রামের স্কুলে কি?,গেরামর স্কুলুত কি ?
বাবার কাছে,বাপত্তুন
রোদ্দুর ভরা সকাল,রইদি ভরা বেয়িন্নে
পার্ক বানাচ্ছে। বাচ্চাদের খেলার জায়গা হবে,পার্ক বানার। গুরপুয়া অল খেলা হাইবের জাগা অইবু
আপনি কি নিয়মিত ডায়রি লিখেন?,অনে কি পইত্তেন ডায়েরি লেহন না?
কিভাবে গল্প লেখেন?,গল্প কেন গরি লেহন দে?
দেশি মুরগি আর টাটকা মাছ,দেশি খুর ইয়ের তাজা মাছ
খেজুর গাছে কে উঠলো?,হাজুর গাছত হনে উডিবেন দে?
কার কাছে গানের তালিম নেন?,হাত্তুন গানর ওয়াইজ্জে লন দে?
কাফে এক্সপ্রেসে,ক্যাফে এক্সপ্রেস ওয়ে
মাঝে মাঝে বসি আর পুরনো দিনের গল্প করি,মাঝে মাঝে বয় আর পুরন দিনুর গফ মারি
কিভাবে কাপড় কাচেন?,হর কেন গরি দোন দে?
কোথায় ট্রান্সলেট করবেন?,ট্রান্সলেট হডে গরিবেন দে?
তোর ফোনে নেট আছে?,তুর ফোনত নেট আছে?
প্রতি শুক্রবার ছুটি,পত্তি শুক্কুরবার বন্ধ
খাঁটি গরুর ঘি পছন্দ,হাটিঁ গরুর ঘি গম লাগে দে
ধানমন্ডি ২৭ নম্বরে যাবে?,ধানমন্ডি ২৭ নম্বরত দেহা অইবু।
"মাইয়া রে, কোন ফুল তুলছো?","মাইপুয়া রে,হন ফুল তোলর ?"
আপনি কি নিয়মিত ফিডব্যাক নেন?,অনে কি পইত্তেন ফিডব্যাক লন না?
বাজারের কোন দোকানে চা ভালো?,বাজরত হন দোআনত চা ভালা দে?
"হ্যাঁ, রোজ একটি করে","অয়অ, পইত্তেন ওগগোর দরে"
কোন সময় চায়ের স্বাদ ভালো?,হন সমত চা পোয়াদ লাগে দে?
আপনি কি নিয়মিত ছবি তোলেন?,অনে কি পইত্তেন ছবি তোলন না?
মন কেমন করে।,মন কেন গরে ।
"হ্যাঁ, বারান্দায় আছে","অয়অ,বারান্দাত আছে দে"
আরবি শিখছেন?,আরবি শিক্ষুন না?
কাপড় কাচছে।,হঅর ধুর ।
"হ্যাঁ, পুরনো দিনের","অয়অ, পুরন দিনুর"
হাতে আঁকা ছবি আর কাস্টমাইজড গিফট আইটেম,আথে আঁইক্ষে ছবি ইয়ের কাস্টমাইজড গিফট আইটেম
কাপড় কাচা হয়েছে?,হর ধোয়া অইয়ি না?
সারারাত জাল ফেলে মাছ ধরেন,আরারাইত জাল ফেলাইয়েরে মাছ ধরন
গান শুনে আর বই পড়ে,গান ওনি আর বই পড়েদ্দে
আলু আর পটল।,আলু ইয়ের পটল ।
"কি রে, তোর চ্যানেলের কি খবর?",কি রে তোর চ্যানেলর কি হবর?
বাংলাদেশের তরুণ শিক্ষকরা কেমন?,বাংলাদেশর জোয়ান মাষ্টর অল কেন?
কার কাছে বাজার টাকা চান?,বাজার গরিবেল্লাই হাত্তুন টিয়া লন দে ?
আজকাল কোন এলাকায় ঘুরিস?,আইজকেল হন এলাহাত ঘুরছ দে?
তোর এলাকার ফিশ ফ্রাই কেমন?,তোর এলাহার ফিশ ফ্রাই কেন?
কিভাবে মাছ রান্না করেন?,মাছ কেন গরি রাধন দে?
"সোহাগ, প্র্যাকটিস ম্যাচে আসছিস তো?","সোহাগ, প্রেকটিস ম্যাচত আইস্সুস তো?"
কোন ধরনের মৌসুম পছন্দ?,কিরহম কাল গম লাগে দে?
পিঠা-পায়েস বানাতে সারা বছর রাখি,পিডে-পায়েস বানাইতু আরা বছর রাহি
হাতের কাছেই আছে।,আথর ডাহত আছে ।
কাচ্চি বিরিয়ানি আর বোরহানি,কাচ্চি বিরিয়ানি ইয়ের বোরহানি
কাটারি ভোঁতা।,কাটারি ভোঁতা।।
"হোম বেকারি চালা ভাই, অর্ডার পাবি ঝামেলা নাই","হোম বেকারি চালাইর ভাই, অর্ডার পাইবি ঝামেলা নাই"
জবাই করা মাংস।,জরাইয়ে গোস্ত।
আমের টক কেমন?,আমর হরঅ কেন?
ডিজিটাল স্টুডিওতে,ডিজিটাল স্টুডিওত
মোড়ল সাহেব বসেছেন।,মোড়ল সাআব বইসসি ।
রাধুনি মসলা ব্যবহার করি,রাধুনি মসল্লা ব্যবার গরি দি
বর্ষার দুপুরে কি করেন?,বর্ষাহাইল্লে দুইজ্জে কি চন দে?
"হ্যাঁ, আকাশে দেখি","অয়অ,আকাশত দেক্কি দি"
ফুচকার মসলা কেমন?,ফুচকার মসল্লা কেন?
ধান কাটা হয়েছে?,ধান হাডা অইয়ি না?
আপনার কি ব্যাটারি চার্জার আছে?,অনর ব্যাটারিত কি চাছ আছে না?
ফুল আর ফলের বাগান,ফুল ইয়ের ফলর বাগান
কোথায় ট্রেনিং নিবেন?,ট্রেনিং হত্তুন গরিবেন দে?
কি দরকার?,কি দরহার ?
আপনার কি মিরর স্ট্যান্ড আছে?,অনত্তে কি মিরর স্ট্যান্ড আছে না?
কোন গল্প বলবেন?,হন গল্প হইবেন দে ?
ব্যাডমিন্টন খেলে। টুর্নামেন্টে যায়,ব্যাডমিন্টন খেলে। টুর্নামেন্টত যায়
শাপলা-পদ্ম তুলি আর মাছ ধরি,শাপলা-পদ্মা তুলির আর মাছ ধরির
"হ্যাঁ, সপ্তাহে দুইবার","অয়অ, সপ্তায় দুইবার"
"হ্যাঁ, মাউন্ট করা","অয়অ,মাউন্ট গরা"
নতুন শখ কি?,নতুন অশ কি?
বাংলাদেশের ধর্মীয় সহাবস্থান কেমন?,বাংলাদেশর ধর্ম সহবস্থান কেন?
রাত আটটা।,"অয়অ,রাতিয়ে আটটা বাজে ।"
ছোট আঁচে ধীরে ধীরে,গুর জ্বালত আস্তে আস্তে
"হ্যাঁ, ঠাণ্ডা হাওয়া।","অয়অ, ঠান্ডা বাতাস ।"
কোথায় ইন্টার্ভিউ দিবেন?,ইন্টারভিউ হডে দিবেন দে?
কান্তজির মন্দিরের কারুকাজ দেখি,কান্তজির মন্দিরের কারুকাজ চাইর
আমতলায় কি করেন?,আম গাছর তলাত কি গরন দে?
কি করছে ফুফু?,কি গরের দে ফুই ?
"হ্যাঁ, বাগানে দেখি","অয়অ,বাগানত চাই দি"
মাটির হাঁড়িতে দই কেমন জমে?,মেডির পাতিলেত দই কেন ভইয়ি ?
আপনি কি নিয়মিত চ্যাট করেন?,অনে কি সম মতো চ্যাট গরন না
"শোন, একটা কথা আছে।","ওন,এক্ষান হথা আছে?"
আমাদের লোকজ উৎসব কি কি?,আরার লোকজ অনুষ্ঠান কি কি?
পাকা-কাঁচা আলাদা করে,পাইক্কে-কেচা আলাদা
উত্তরবঙ্গের আদিবাসী পাড়ায়,উত্তরবঙ্গের আদিবাসী পাড়াত
গ্যাসের চুলা জ্বলছে?,গ্যাসর চুল জ্বলের না ?
"হ্যাঁ, প্রতিদিন লিখি","অয়অ, পইত্তেন লেখি দি"
"হ্যাঁ, সামসাং স্মার্ট টিভি","অয়অ, স্যামসাং স্মার্ট টিভি"
গরুর মাংস কত?,গরু গোস্ত কি দর??
কিভাবে শাক-সবজি কাটেন?,কেন গরি শাকসবজি হাডন দে?
পাঁচ মিনিট লাগবে।,পাঁচ মিনিট লা।গিবু
"হ্যাঁ, কোট রাখার জন্য","অয়অ,কোট রাখিবেল্লায়"
"হ্যাঁ, পূজোয় লাগে","অয়অ,পূজত লাগে দে"
ভাড়া কত নেন?,ভারা হত লয়বেন ?
আপনার কি বাড়িতে কাক আসে?,অনর ঘরত কি হাউও আইয়ি না?
ময়মনসিংহে।,ময়মনসিংহত ।
মিক্সড চটপটি পছন্দ,মিক্সড চটপডি গম লাগে দে
আপনার কি রেইনকোট আছে?,অনত্তে কি রেইনকোট আছে না?
সমাজের গুরুত্বপূর্ণ কাজ নীরবে করে যান,সমাজর গুরুত্বপূর্ণ হাম নিজপত গরি যন
কালো মেঘ পছন্দ,মেঘে হালা অয় জাইলি গম লাগে দে
"হ্যাঁ, টক তেঁতুল।","অয়অ,হরঅ তেঁতয় ।"
"কি রে, তোর গেমিং টিম কেমন?",কিরে তোর গেমিং টিম কেন?
বারান্দার কোণায়,বারান্দার হোনত
"স্টারবাকসে না, পাড়ার চায়ের দোকানে মজা","স্টারবাকসত ন, পাড়ার চাআর দোআনত গম অয়"
টাঙ্গাইলের তাঁতিদের সাথে দর কষাকষি করি,টাঙ্গাইলুর তাতি অলর লয় দরাদরি গরির
আপনি কি নিয়মিত সজনে ডাটা খান?,অনে কি পইত্তেন সজনি ডেডা হন না?
বান্ধবীর সাথে,বান্ধবীর লয়
আজকে কি অফিসে মিটিং আছে?,আজিয়ে কি অফিসুত মিটিং আছে না?
"হ্যাঁ, গুগল হোম আছে","অয়অ,গুগল হোম আছে"
রসুন কত হল?,রসুন হত অইয়ি ?
কালবৈশাখী আসছে।,হাল বৈশাখী আইয়ির ।
আপনার কি বাড়িতে ঠুনঠুনি আসে?,অনর ঘরত কি টুনটুনি আইয়ি না?
ভাপা পিঠা আর পাটিসাপটা খুব ভালোলাগে,দুপিডে ইয়ের পাঠিসাপটা গম লাগে দে
ব্যাগটা কত দাম?,বেগ ইবের দাম হত?
ইদ্দত শেষ হয়েছে?,ইদ্দত শেষ অইয়ি না ?
শীতকালে,শীতকালে
কাল কি করছিলেন?,হালিয়ে কি গইজ্জুন দে?
কোথায় কলম রাখেন?,হলম হনডে রাইক্কুন দে?
করলা তিতো কি?,হরলা তিতে কা ?
কোথায় বসে গান শুনিস?,হনডে বইয়েরে গান ওনছ দে?
আপনার কি ডোর স্টপার আছে?,অনত্তে কি ডোর স্পার আছে না?
গাজর কাটা হয়েছে?,গাজর হাডা অইয়ি না ?
পুরনো বন্ধুদের সাথে কথা শেষ হয় না,পুরন বন্ধু অলর লয় হথা শেষ ন অয়
কার সাথে মিল আছে বেশি?,হাল্লই মিল আছে দে বেশি ?
পুরান ঢাকার খাবার নিয়ে ভিডিও বানাই,পুরন ঢাহার হানা লয় ভিডিও বানাইর
কোন ধরনের তরকারি পছন্দ?,কি রহম চালন গম লাগে দে?
আপনার কি পেইনকিলার লাগবে?,অনত্তে কি পেইনকিলার লাগিবু না?
"হ্যাঁ, দুপুরে খাই","অয়অ,দুইজ্জে হায়"
নোয়াখালীর হাতিয়ায় কবে যাবে?,নোয়াহালির হাতিয়া হত্তে যাইবে?
কোন ধরনের পেঁপে পছন্দ?,হন ডইল্লে কুইয়ে গম লাগে দে?
আপনি কি নিয়মিত হাঁটাহাঁটি করেন?,অনে কি পইত্তেন আটাআটি গরন না?
আর্ট টিচারের কাছে,আর্ট টিচারুত্তুন
পাবনার মিষ্টি কবে আনছো?,পাবনার মিষ্টি হত্তে আনিবে?
বন্ধুদের সাথে আড্ডা দেই,বন্ধু অলর লয় গফ মারিদ্দি
বাঙালি সন্তানরা কি করে?,বাআল পোয়া অলে কি গরে দে?
কোথায় যাবে?,হনডে যাইবেন?
বাংলাদেশের কৃষি জীবন কেমন?,বাংলাদেশর চাষ ক্ষেত কেন?
কোন টাইপের প্রজেক্ট প্রিফার করেন?,হন টাইপুর প্রিফার গরোন?
গরম ভাত আর মাছের ঝোল,গরম ভাত আর মাছের ঝোল
দোল পূর্ণিমায় রঙের আনন্দ ছড়ায়,দোল পূর্ণিমায় রঙের আনন্দ ছড়ার
কিভাবে ইলিশ রান্না করেন?,ইলিশ মাছ কেন গরি রাধন দে?
নতুন কি স্কিল নিতেছস?,নোয়া কি স্কিল লর দে?
ব্যাটারি নেই।,ব্যাটারি নাই ।
কোথায় কাপড় শোকান?,হর হনডে পোঅত দিয়ন দে?
আপনার কি ইলেকট্রিক কেটলি আছে?,অনত্তে কি ইলেকট্রিক কেটলি আছে না?
কোথায় ডেট করবে?,ডেট হডে গরিবেন?
তোর এলাকার নতুন চায়ের দোকান কেমন?,তোর এলাহাত চার দোআন কেন?
"ফলোয়ার বাড়ে, রেস্তোরাঁ থেকে ডাকে মাঝে মাঝে","ফলোয়ার বাড়ে,ওটেলত্তুন ডাহে মাঝে মইদ্ধি"
পাখাটা বন্ধ করবেন?,ফ্যান বন্ধ গরিবেন না?
পাশের বাসার দিদির কাছে,ঘরর ডাহদি বইনুত্তুন
কার কাছে বই চেয়ে পড়েন?,হাত্তুন লইয়েরে বই পড়ন দে?
মাটির পাত্রে,মেডির পাতিলত
বাংলাদেশের স্বাধীনতা কি দিয়েছে?,বাংলাদেশর স্বাধীনতা কি দিয়ি দে?
"স্কুলের বান্ধবীদের সাথে, মাঝে মাঝে","স্কুলুর বান্ধবীর লয়, মাঝে মাঝে"
আপনি কি ইংরেজি বলতে পারেন?,অনে কি ইংরেজি হইত পার না?
"মামণি, কোথায় লুকালে?","মামণি,হনডে লুইক্ষু দে?"
কোথায় সাইন আপ করবেন?,সাইন আপ হডে গরিবেন দে?
খিচুড়ি নামিয়েছেন?,খিচুরি নামায়ুন ন?া
কোথায় বসে লেখেন?,হনডে বইয়েরে লেহন দে?
আপনি কি নিয়মিত আপডেট রাখেন?,অনে কি পইত্তেন আপডেট রাহন না?
তোর সার্ভিস এরিয়া কোনটা?,তোর সার্ভিস এরিয়ে কেন?
পদ্মা নদীতে মাঝিদের নৌকা,পদ্মা নদীর মাঝি অলর নৌক
স্টিলের চামচ,স্টিলুর চামিচ
দিনাজপুরের কালাই ভর্তা খাবে?,দিনাজপুরর হালাই ভত্তা হাইবে?
মসলিন কাপড় কি করেন?,মসলিন হর কি গরন দে?
পরিবারের সবার সাথে,পরিবারর বেজ্ঞুনের লয়
সাদা পান খাই,সাদা পান হায়দি
কি নিয়ে ঝগড়া?,কি লই হইজ্জে?
আপনি কি নিয়মিত স্টক মার্কেট দেখেন?,অনেকি পইত্তেন স্টক মার্কেট চন না?
কোথায় জাকাত দিবেন?,যাকাত হডে দিবেন দে?
গুদামে রাখব,গুদমত রাখিবু দে
"হ্যাঁ, বাবার জন্য","অয়অ,বাপর লায়"
"হ্যাঁ, রুটির সাথে","অয়অ,রুটির লয়"
জরুরি কথা আছে।,জররি হথা আছে ।
পিতলের চালুনি,পিতলর চালইন
"দোতলার বারান্দায়, যেখান থেকে পুরো পাড়া দেখা যায়","দোতলার বারান্দাত,যেনডেত্তুন পুরো পাড়া দেহা যায়"
কোথায় গেল?,হনডে গেইয়ি দে ?
দেশের ভ্যান চালকরা কি করেন?,দেশর টলি চলাইন্নে অলে কি গরে দে?
"হ্যাঁ, সালাদে","অয়অ,সালাদত"
বেলের রস দিয়ে মিষ্টি করে,বেলর রস দি মিডে গরিয়েরে
কোথায় চাকরি করেন?,হনডে চরি গরন দে?
কোন বাংলা অ্যাপ ব্যবহার করেন?,বাংলা অ্যাপ হন্ন চলন দে?
কোথায় রিজার্ভ করবেন?,রিজার্ভ হডে গরিবেন দে?
"এই যে, গরম করে আনছি।","এই লন,গরম গরি আইন্নি ।"
ধানের দাম কি?,ধানর দাম কেন?
শহরের মেয়েরা কি করে?,শঅরর মাইপুয়া অলে কি গরে দে?
দেশের বাঁশ শিল্পীরা কি করেন?,দেশর বাঁশর শিল্পী অলে কি গরে দে?
"হ্যাঁ, একটু ছোট করে।","অয়অ, এক্ষানা গুর গরি ।"
আলপিন আছে?,আলপিন আছে না ?
কোন সময় ঘুমানো ভালো?,হন সমত ঘুম যন ভালা দে?
শুকনো গরম পছন্দ,পোয়ানা গরম গম লাগে দে
"হ্যাঁ, কুরিয়ার স্ট্যাটাস",অয়অ কুরিয়ার স্টাটাস
আপনি কি নিয়মিত ডিবাগ করেন?,অনে কি পইত্তেন ডি বাগ গরন না?
খুলনার রূপসা ব্রিজে যাবে?,খুলনার রুপসা ব্রিজত যাইবে না?
"সকালে যোগা ক্লাস হয়, অনেকে যায়","বেয়িন্নে যোগা ক্লাস অয়, বউতকিয়ায় যায়"
"হ্যাঁ, ভাড়া চালাই","অয়অ,ভাড়া চালাইদি"
প্রাচীন ইসলামিক স্থাপত্য অবাক করে,প্রাচীন ইসলামিক স্থাপত্য অবাক গরে
"হ্যাঁ, বন্ধুদের সাথে","অয়অ,বন্ধু অলর লয়"
"হ্যাঁ, এয়ারউইক ব্যবহার করি","অয়অ,এয়ারউইক ব্যাবার গরি দি"
কোন ধরনের বই পড়তে ভালোলাগে?,হন ডইল্লে বই পইত্তু গম লাগে দে?
চিঠি এসেছে?,চিডি আইসসি না ?
হিমসাগর আম পছন্দ,হিমসাগর আম গম লাগে দে
মায়ের সাথে,মার লয়
মোবাইলে অনলাইনে,মোবাইলুর অনলাইনুত
"বাসায় বসে রিমোট জব করি, মাথা ঠান্ডা","ঘরত যাইয়েরে রিমোট জব গলি,মাথা ঠান্ডা"
দেশি কাপড়ে আধুনিক স্টাইল তৈরি করছে,দেশি হরত আধুনিক স্টাইল তৈরি গরের
কোন সময় ঘুমাতে যান?,হটা বাজে ঘুম যাইতু যন দে?
লিচু বাগানে কবে যান?,লেচু বাগানত হত্তে যন দে?
আপনি কি নিয়মিত পার্টটাইম করেন?,অনে কি পইত্তেন পার্টটাইম গরন না?
ওস্তাদ সাহেবের কাছে,ওস্তাদুত্তুন
দড়িতে শুকাচ্ছে।,দড়িত মাইজ্জি পোঅর ।
পুরো পরিবারের সাথে,পরিবারর বেজ্ঞুনের লয়
আপনি কি কফি পছন্দ করেন?,অনত্তে কি কফি ভালা লাগে না?
"হ্যাঁ, বাথরুমে আছে","অয়অ, বাথরুমুত আছে"
দিনে একশবার।,দিনি একশবার ।
"হ্যাঁ, ফাইল রাখার জন্য","অয়অ,ফাইল রাখিবেল্লায়"
"খালামনি, কবে আসছেন?",হালামণি হত্তে আইস্সুন?
শরতের মাঠে কি দেখেন?,শরৎকাইল্লে বিলুত কি চন দে?
পেস্তা লাগবে?,পেস্তা লাগিবু না ?
বড় আমগাছে,মস্ত আমগাছ
আজকে অফিস যাবি?,আজিয়ে অফিসুত যাবিনি?
বাড়ির কোন জানালা খোলা রাখেন?,ঘরর জানালা হননান মেলা রাহন দে?
কোন শাক বেশি খান?,হন শাক বেশি হন দে?
"পশ্চিম দিকে, যেখানে বেশি জায়গা আছে","পচিম দি,যেনডে বেশি ছাড়া আছে"
সবই বুঝি।,বেজ্ঞিন বুঝির ।
ছোট্ট একটা ফুলের বাগান করেছি,গুরতান্নিক এক্ষান ফুলুর বাগান গইজ্জি
কোথায় ফার্নিচার কিনবেন?,ফার্নিচার হত্তুন কিনিবেন দে?
কি নিয়ে এতো টেনশন?,কি লই এতো টেনশন?
কোথায় গ্যাস বিল দিবেন?,গ্যাসর বিল হডে দিবেন দে?
পুরনো চামড়ার জুতা।,পুরন চামড়ার জুতা ।
নদীর মাঝে।,নদীর মাঝদি ।
মেইনটেনেন্স চার্জ কত?,মেইন্টেনেস চার্জ হত?
পেঁপে পাকা আছে?,কুইয়ে পাইক্ষে আছে না ?
রসগোল্লা টাটকা।,রসগোল্লা তাজা।
ভুনা খিচুড়ি পছন্দ,ভুনা খিচুড়ি গম লাগে দে
আপনি কি নিয়মিত সিরকা খান?,অনে কি পইত্তেন সিরকা হন না?
কোথায় সাইকেল চালান?,সাইরকেল হনডে চলন দে?
কোথায় কবিতা আবৃত্তি করেন?,কবিতা হনডে হদে/গদে?
প্লাস্টিকের গামলা,প্লাস্টিকুর জাম
"মৌলভি সাব, দোয়া করবেন","মোলইসাব, দোয়া গইজ্জুন।"
পুলিশ স্টেশনে,পুলিশ স্টেশনত
কার সাথে ঈদ করতে যান?,ঈদ হার লই গরন দে?
কোথায় দোয়াত রাখেন?,দোয়াত হনডে রাহন দে?
ঘরের রান্না পছন্দ,ঘরর রান্না গম লাগে দে
মা আর বড় বোন,মা ইয়ের বড় বইন
মেঘলা আবহাওয়া,মেঘ গইজ্জি আবহাওয়া
আপনি কি নিয়মিত দুধ খান?,অনে কি পইত্তেন দুধ হন না?
ছাগলের দুধ আছে?,ছঅল দুধ আছে না ?
কোন ধরনের ফ্রুট সালাদ পছন্দ?,হন ডইল্লে ফ্রুট সালাদ গম লাগে দে?
"হ্যাঁ, অফিসে আছে","অয়অ,অফিসুত আছে"
কর্নফ্লেক্স খাই,কর্নফ্লেক্স হায় দি
"তরুণ শিল্পীরা নতুন সুরে গান বাঁধে, মন ছুঁয়ে যায়","জোয়ান শিল্পী অল নোয়া সুরুত গান ধরে,মনত ভালা লাগে"
আপনার কি বাড়িতে শঙ্খচিল আসে?,অনর ঘরত কি শখচিল আছে না?
মাজারে।,মাজারত ।
এবার টুর্নামেন্টে চ্যাম্পিয়ন হইছে,এবার টুর্নামেন্টত জিত্তি ইতারা
বাজারের কোন মাছ ভালো?,বাজারত হন মাছ ভালা দে?
"ভালো করে ধুয়ে, একটু নুন দিয়ে","ভালা গরি ধুয়,এক্ষানা নুন দিয়েরে"
মসলার বাক্সে,মসল্লা বাক্সত
বাজারের কোন সময় যান?,বাজারত হন সমত যন দে?
আপনার কি বাথরুম স্লিপার আছে?,অনত্তে কি বাথরুমোর স্লিপার আছে না?
গাজরের হালুয়া পছন্দ,গাজরর আলুয়া গম লাগে দে
কার সাথে দেখা করতে যাবেন?,হার লয় দেহা গইত্তু যাইবেন দে?
"নাগরদোলায় চড়ি, পটের গান শুনি আর পিঠা খাই","হলরদক্ষত চড়ি,পডর গান ওনি আর পিডে হাইর"
সঙ্গীত স্কুলে,সঙ্গীত/গানর স্কুলুত
আপনি কি নিয়মিত ম্যাগাজিন পড়েন?,অনেকি পইত্তেন ম্যাগাজিন পড়ন না?
দশটা হাঁস।,দশশো আঁস।
আপনি কি নিয়মিত বাতাসা খান?,অনে কি পইত্তেন বাতাসা হন না?
কিভাবে রান্না শিখছেন?,রাধনি কেন গরি শিক্ষুন দে?
রাতে বাবুর দোকানে লাইন লাগে,রাতিয়ে বাবুর দোআনত লাইন লাগে
লাউ কোসা ছাড়ানো হল?,বাইলে হদুর ছোলা ছুইল্লি না ?
"ধারালো ছুরি দিয়ে, কাঁটা আলাদা করে","ধারাইল্লে ছুরি দি,কেডা আলাদা গরি"
গামছা কোথায় বোনা হয়?,গামছা হনডে তৈয়ার গরন দে?
"সোনা মা, কি দেখছো জানালায়?","সোনা মা,কি চাইতে লাইগ্গুন দে জানালা দিয়েরে ?"
"না, আমার গলায় সুর নেই",না আর গলাত সুর ন অয়
কেমন কাটল দিন?,কেন হাইট্টি দিন?
নতুন খাবারের দোকানে কি খান?,নতুন হানার দোআনত্তুন কি হন দে?
"হ্যাঁ, জ্বর মাপার জন্য","অয়অ,জ্বর মাপিবেল্লায়"
আপনি কি নিয়মিত ডায়েরি লেখেন?,অনেকি পইত্তেন ডায়েরি লেহন না?
রসমালাই খুব পছন্দ,রসমালাই বেশি গম লাগে
চাল ডাল,চইল ডাইল
কোথায় রাখলেন?,হনডে রাইক্ষুন দে ?
বাসুন্ধরায় নতুন কোয়ার্কিং স্পেস খুলছে,বাসুন্ধরাত নোয়া কোয়ার্কিং স্পেস খুইল্লি
ভোর রাতে গাছ থেকে নামানো টাটকা রস,পোয়াত্তে গাছত্তুন নামায় দি তাজা রস
"বড় মসজিদে, ওয়াজ ভালো হয়","ডর মসদুত, ওয়াজ ভালা/সুন্দর অয়"
কোথায় ঝুড়ি ঝোলান?,ঝুড়ি হনডে ঝুলাই রাহ দে?
"হ্যাঁ, জুম এ করি","অয়অ,জুমুত গরি দি"
আপনার কি স্মার্ট ডোরবেল আছে?,অনত্তে কি স্মার্ট ডোরবেল আছে না?
জানালা খুলে রেখে,জানালা খুলি রাখি
আপনি কি নিয়মিত ওষুধ খান?,অনে কি পইত্তেন দাঁড়ায় হন না?
ভোরবেলা উঠে মনের কথা লিখে রাখি,পোয়াত্তে উডি মনর হথা লেহি
কাশফুলের ছবি তুলতে আর মন ভরাতে,কাশফুলুর ছবি তুলতে ইয়েরর মন ভরাতে
নারিকেল গাছে।,নাইরকুল গাছত ।
হাতপাখা কখন ব্যবহার করেন?,বিছেইন হত্তে ব্যবার গরন দে?
"হ্যাঁ, রাতে লিখি","অয়অ,রাতিয়ে লেখি দি"
রাস্তার দিকের ঘরে,রাস্তার ইন্দির ঘর
কোন সময় পাখি দেখা যায়?,পাখি হন সমত দেহা যায় দে?
কোন ধরনের নাটক দেখেন?,নাটক হন ডইল্লে চ দে?
হাঁসের ডিম আছে?,আসঁর ডিম আছে না ?
ধর্মের সাথে মানবিক মূল্যবোধ শেখান,ধর্মর লয় মানবিক মূল্যবোধ শিখন
কি খবর তোমার?,কি হবর তুয়ার?
কোথায় বসে লিখতে পারেন?,হনডে বইয়েরে লেখিত পারন দে?
"হ্যাঁ, বর্ষায় দেখি","অয়অ,বর্ষাহাইল্লে চায় দি"
"হ্যাঁ, ধুলাবালিতে এলার্জি হয়","অয়অ,ধুল বালুত এলার্জি/ হাজ্জনি অয় দে"
কিভাবে সালাদ বানান?,সালাদ কেন গরি বানন দে?
কোথায় কাঁথা রাখেন?,কেতা হনডে রাহন দে?
নতুন ঢাকার পরিকল্পিত শহর দেখি,নোয়া ঢাহার পরিকল্পিত শঅর চাইর
কোন ধরনের লাড্ডু পছন্দ?,কিরহম লাড্ডু ভালা লাগে দে?
টেবিলের উপর দেখুন,টেবিলুরুত চন
মাওয়া ঘাটে ইলিশ কিনতে যাবে?,মাওয়া ঘাটত ইলিশ কিনতে যাইবে না?
কিভাবে ফুল সাজান?,ফুল কেন গরি সাজায় রাহন দে?
আড্ডা আর গল্পে মেতে থাকে সবাই,গফ ইয়ের গল্প মাতি উইট্টি বেজ্ঞুনে
কোন রকম গল্প পছন্দ?,হন ডইল্লে কিস্তে ভালা লাগে দে?
"দাদা ভাই, কি খেলা দেখাবে?","দাদা ভাই,কি খেলা চাইবে দে?"
কোথায় ভলান্টিয়ারিং করবেন?,ভলান্টিয়ারিং হডে গরন দে?
দুধ পুলি করবেন?,দুধ পুলি গরিবেন না ?
বাজারের কোন মাছ পছন্দ?,বাজারত হন মাছ ভালা লাগে দে?
বাচ্চার খেলনার বাক্সে,পুয়ার খেলনার বক্সত
খবরের কাগজ এসেছে?,হবর হাগজ আইসসি না?
শাক-সবজি কাটা হয়েছে?,শাক-সবজি তরহারি কুডঅ অইয়ি ?
পূজার থালায়,পুজর বাসনত
দেশপ্রেম আর ন্যায়ের জন্য লড়াই,দেশপ্রেম আর ন্যায়ের জন্য লড়াই
আপনার কি কার্ড হোল্ডার আছে?,অনত্তে কি কার্ড হোল্ডার আছে না?
সাধারণ রান্না,সাধারণ রান্না
ধানের শীষে বসে আছে।,ধানর চরাত বয় লইয়ি ।
ঢাকের বাজনা।,ঢাকর বাজনা ।
মোগলাই পরোটা কি দিয়ে খান?,ডিম পরটা কি দি হন দে?
নারকেল ভাপাপিঠা পছন্দ,নাইরকুলুর দু পিডে গম লাগে দে
আপনি কি নিয়মিত ফুল তোলেন?,অনে কি পইত্তেন ফুল তোলন না?
চিকেন নুডলস পছন্দ,চিকেন নুডুলস গম লাগে দে
পেন্সিল বাক্সে।,পেন্সিল বাক্সে।।
"না, আমি ধূমপান করি না","না,আয় বিড়ি সিগারেট ন হায়"
কোন ধরনের রান্না শিখছেন?,হন ডইল্লে রান্না শিক্ষুন দে?
কি ভাবছো?,কি ভাইবতে লাইগ্গু দে?
কোথায় কোচিং করেন?,কোচিং হডে গরিবেন দে?
কি সাইজের জুতা চান?,হন সাইজুর জুতা চন?
নিরিবিলি জায়গায়,নিজেপ জাগা
পরোটা আর ভাজি,পরটা ইয়ের ভাজি
ধূপ জ্বালিয়ে,ধূপ জলাইয়েরে
পদ্মফুল ফুটেছে।,পদ্মফুল ফুইট্টি ।
ওমরা করে এসেছেন?,ওমরা গরি আইসসুন না ?
সবুজ পানির ঢেউয়ে পা ভিজিয়ে হাঁটি,সবুজ পানির ঢেউত টেং ভিজেইয়েরে আডির
আপনি কি নিয়মিত কমিট করেন?,অনত্তে কি পইত্তেন কমিট গরন না?
দারচিনি আছে?,দারচিনি আছে না ?
রাতের নিরিবিলি সময়ে,রাতিয়ে নিজেপ সমত
খুব মন দিয়ে পড়ে।,বউত মন দিয়েরে পড়ে ।
"হ্যাঁ, ভাজি করে","অয়অ,ভাজি গরিয়েরে"
বাড়িতে সবাই কেমন আছে?,ঘরত বেজ্ঞুনে কেন আছে?
বন্ধুদের ডেকে বাসায় দেখি,বন্ধু অলরে ডাকি ঘরত চাইদি
নতুন প্রজন্মের জীবনযাত্রা নিয়ে গল্প হচ্ছে,নতুন প্রজন্মের জীবনযাত্রা লয়েরে গল্প
মিষ্টি খোসা-মুক্ত কাঠাল খাই,মিডে ছোলা-ছাড়া হাট্টল হাই
বাবুর হোটেলে পরোটা আর ডিম ভাজি,বাবুর ওটেলত পরোটা ইয়ের ডিম ভাজি
"কাজি সাহেব, কি ফয়সালা হল?","হাজী সাব,কি ফয়সালা অইয়ি দে?"
সরকারি হাসপাতালে,সরকারি হাসপাতালত
"না, আজ ছুটি।","না, আজিয়ে ছুটি/বন্ধ।"
রাতে কি খাবেন?,বিয়েলে কি হাইবেন?
আপনার কি ইউপিএস আছে?,অনত্তে কি ইউপিএস আছে না?
খাওয়া হইছে?,খঅন অইয়ি না?
"কি গো, রান্না হল?","কি গো,রাধাঁ অইয়ি না ?"
আপনার কি বাড়িতে পেয়ারা গাছ আছে?,অনর ঘরত কি গোয়াছিয় গাছ আছে না?
গরমকালে মিষ্টি আম খুঁজে বেড়াই,গরম হালে মিডে আম থোয়াইর দি
কোন সিম ব্যবহার করেন?,হন কোম্পানির সিম চালাও দে?
পূব দিকের জানালাগুলো,পুক ডদির জানালা ইয়িন
স্কুল লাইফের বন্ধুরা একসাথে বেড়াতে যাই,স্কুল লাইফুর বেজ্ঞুনে বেড়াইতু যার
কোথায় ক্যারিয়ার কাউন্সেলিং নিবেন?,ক্যারিয়ার কাউন্সেলিং হত্তুন গরিবেন?
আপনি কি ভেজিটেরিয়ান?,অনেকি ভেজিটেরিয়ান?
ভালো কাজ।,ভালা হাম
"হ্যাঁ, সকাল-সন্ধ্যায়","অয়অ, আজইন্নে বেয়িন্নে"
কোথায় কফি খেতে যাস আজকাল?,কফি হাইবেল্লায় এহন হনডে যচ দে?
"বস, মিটিংটা রিশিডিউল করব?",বস মিটিং ইয়েন রিসিডিউল গইজ্জুম না?
"মা, বাজারে কি কি লাগবে?",আম্মু বাজার কি কি লাগিবু?
নাটোরের উঠবিল যাচ্ছ?,নাটোরুর উঠবিলুত যাইবে?
পুরনো ঢাকার চায়ের দোকানে সবাই জড়ো হই,পুরন ঢাহার চাআর দোআনত বেজ্ঞুন এককোয়ারে অই
হাটবারে কি করেন?,আটবারে কি গরন দে?
"মাসির কাছে, উনি খুব ভালো নকশী কাজ জানেন","হালাত্তুন,ইবে ভালা সিলেই হাম জানে"
দরজার পাশে,দরজার ডাগদি
"হ্যাঁ, চাবির জন্য","অয়অ,চাবির লায়"
এখন কি করছ?,এহন কি গরর?
আপনার কি বাড়িতে মাদুর আছে?,অনর ঘরত কি পাড়ি আছে আছে না?
আপনি কি নিয়মিত কুরআন পড়েন?,অনে কি পইত্তেন কুরান শরীফ পড়ন না?
হায়দ্রাবাদি দম পছন্দ,হায়দ্রাবাদি দম মজা লাগে দে
কোথায় ভ্যাকসিন নিবেন?,ভ্যাকসিন হত্তুন গরিবেন দে?
আগামীকাল কি ফ্রি আছেন?,আগামী হাইল কি ফ্রি আছোন না?
কোন ধরনের পাখি দেখতে ভালো লাগে?,হন ডইল্লে পাখি চাইতু ভালা লাগে দে?
কিভাবে ফল সংগ্রহ করেন?,ফল কেন গরি পাড়ন দে ?
বন্ধুদের সাথে লাইভ মিউজিক শুনতে যাই,বন্ধু অলর লয় লাইভ মিউজিক ওইনতু যাইর
আপনার কি বাগানে ঝুলন আছে?,অনর বাগানত কি ঝুলন আছে না?
আপনার কি নেইল কাটার আছে?,অনত্তে কি নখ হাডনি আছে না?
বাঁশি বাজছে।,বাঁশি বাজের ।
কোন ধরনের ফালুদা পছন্দ?,হন ধরনর ফালুদা পছন্দ গরদে?
কি করছে মামা?,কি গরের দে মামা?
কার কাছে শিক্ষা পেয়েছেন?,হাত্তুন শিক্ষে পাইয়ুন দে?
পাড়ার সালুনে,পাড়ার সেলুনুত
কোথায় মিলবে?,হনডে মিলিবু দে?
চা-বিস্কুট আর দৈনিক খুচরা জিনিস,চা -বিস্কুট ইয়ের পইত্তেন টুকটাক জিনিস
রবীন্দ্র সংগীত,রবীন্দ্র সংগীত
"হ্যাঁ, ব্ল্যাক কফি পছন্দ","অয়অ,ব্ল্যাক কফি গম লাগে দে"
"হ্যাঁ, নতুন কিনেছি","অয়অ,নোয়া কিন্নি দি"
শিশিরে ভেজা ধানগাছে সূর্যের আলো ঝিকমিক করে,শিশির ভেজা ধান গাছে সূজ্জুর ফঅর ঝিকমিক গরি
বাচ্চাটা কি স্কুলে যায়?,পোয়া ইবে স্কুলুত যাই না?
"খালামনি, এই ঈদে আপনাদের বাসায় যাব?","হালামনি, এই ইদুত অনর বাসাত যাইয়ুম?"
বাংলাদেশের ছাত্ররা কি করে?,বাংলাদেশর স্কুইল্লে পোয়া অলে কি গরে দে?
খেলা দেখবি আজকে?,খেলা চা এএ বিনি আজিয়ে?
কোন ধরনের কুলুপ লাগান?,হনডইল্লে কুলুপ লাগন দে?
চশমাটা দেখছেন?,চরমা ইয়েন চাইয়ুন না ?
কোথায় ঘুরতে যাবেন?,ঘুইরতু হডে যাইবেন দে?
তোয়ালেটা কোথায়?,তইলে ইয়েন হনডে ?
"হ্যাঁ, রাতের খবর দেখি","অয়অ,রাতিয়ের হবর চাইদ্দি"
লাইনে দাঁড়ান।,লাইনুত তিয়ন ।
কোন প্ল্যান নিবে?,হন প্লেন লইবে?
তাফসির নিয়ে আলোচনা।,তাফসির লয়েরে আলোচনা ।
কি প্ল্যান করছো?,কি প্লেন গইজ্জু?
ছোট বেলা থেকে,গুর থাকত্তেত্তুন
আপনার কি প্রিন্টার আছে?,অনত্তে কি প্রিন্টার আছে না?
"চাচু, পিকনিকে যাবেন তো?","চাচা, পিকনিগুত যাইবেন না?"
"হ্যাঁ, রান্নাঘরে আসে","অয়অ,পাকঘরত আছে"
কোথায় নাস্তা করেন?,নাস্তা হনডে গরন দে ?
নতুন বাংলা সিনেমা।,নোয়া বাংলা সিনেমা ।
"হ্যাঁ, জুমার নামাজে যাব","অয়অ,জুমর নামাজরত যাইয়ুম দে"
কক্সবাজারে কি করেন?,হক্সবাজারত কি গরন দে?
হাতপাখা,বিছেইন
"সবাই জব করে, পার্ট টাইম শেখে","বেজ্ঞুনে জব গরে, পার্ট টাইম শেখের"
খাঁটি তেল এসেছে।,হাঁটি তেল আইসসি ।
আপনার কি বেবি সিট আছে?,অনত্তে কি বেবি সিট আছে না?
"হ্যাঁ, টেবিলে রাখি","অয়অ,টেবিলুত রাহি দি"
সাড়ে চারটা বাজে।,সাড়ে চাইট্ট বাজে ।
নতুন গুড় দিয়ে মুড়ি খাই,নোয়া মিডে দি মুড়ি হাইর
মাছ ধরার সময় কি করেন?,মাছ ধরিবের সমত কি গরন দে?
কোন ঋতুতে বেড়াতে যান?,হন হালে বেড়ায়তু যন দে?
"নগদ, রকেট দিয়ে সব কিছু পেমেন্ট করি","নগদ, রকেট দিয়েরে বেগ কিছু পেমেন্ট গরি"
"নানীর দেখানো পুরনো রেসিপি মেনে, চুলায় সেঁকে","নানীর দেহাইয়ে পুরন রান্না,চুলত চেকি"
কি করছে বউদি?,কি গরের দে বউদি ?
তাকের উপরে।,থাগর উর ।
বাসার সামনে কি আছে?,ঘরর সাম্মদি কি আছে দে?
বাড়ির কোন জায়গায় রোদ বেশি?,ঘরর হন জাগাত রইদ বেশি দে?
"হ্যাঁ, টুকরো করা আছে।","অয়অ,টুরঅ গইজ্জে আছে ।"
"ফ্লেক্সিবল টাইম, যখন ইচ্ছা যাই","ফ্লেক্সিবল টাইম, যহন ইচ্ছে যাই"
আপনি কি নিয়মিত ব্লাড টেস্ট করান?,অনেকি পইত্তেন ব্লাড টেস্ট গরন না?
"সবুজ পানের গাছ লতিয়ে ওঠে, মাচার উপর দিয়ে","সবুজ পানর গাছ লতায় ওডে,চাংঅর উদ্দি"
পঞ্চাশ টাকা,পনজাইশ টিয়া
ঘরে চাল আছে?,ঘরত চইল আছে না?
ফোল্ডার কোথায়?,ফোল্ডার হনডে ?
দুগুণ হয়ে গেছে।,দিগুন অয় গেইয়ি ।
নিউ মার্কেট।,নিউ মার্কেটত ।
নামাজের ওয়াক্ত হয়েছে?,নামাজর অত্ত অয় গেইয়ি ?
"হ্যাঁ, ছায়া দেয়","অয়অ,ছামা দের"
"হ্যাঁ, দুই সের দুধ।","অয়অ,দুই সের দুধ ।"
বাউল গান গাইব।,বাউল গান গাইর ।
কোন এলাকায় প্রজেক্ট করছেন?,হন এলাকাত প্রজেক্ট গইত্তে লাইগ্গুন?
উত্তর পাশে,উতুর দি
"নাপ রুম আছে, গেমিং জোনও আছে","নাপ রুম আছে, গেমিং জোনও আছে"
ছাদের কোণায়,ছাদর হোনাত
মিষ্টি কুমড়া পছন্দ,মিডে হদু গম লাগে দে
নানাবাড়িতে,নানারঅ ঘরত
দেশি ছন্দে নতুন প্রজন্ম গল্প বলছে,দেশি ছন্দে নোয়া প্রজন্ম গল্প হর
কোন ধরনের ইভেন্টে যান?,কিরহম অনুষ্ঠানত যন দে?
বাঙালি শারদীয় উৎসব কি বলে?,বাআল অলর শারদীয় উৎসব অরে কি হয় দে?
পাবজি খেলি মাঝে মাঝে,পাবজি খেলি মাঝে মাঝে
কোন পথে যাবে?,হন পথদি যাইবেন দে ?
কোন রকম রান্না পছন্দ?,হন ডইল্লে পাক ভালা লাগে দে?
কি করে টাইম পাস করছিস?,কি গরি টাইম পাস গরর?
খালের পাড়ে কি?,হালর কুলুত কি ?
আপনি কি নিয়মিত ঝাড়ু দেন?,অনে কি পইত্তেন ফুরন না?
পাকন পিঠা আর দুধ পুলি,পাক্ষন পিডে ইয়ের দুধ পুলি
"মা, আজ রাতে বন্ধুদের আসতে বলব?","মা, আজিয়ে রাতিয়ে বন্ধু অলরে আইসতু হইয়ুম না?"
ফরজ আদায় হয়েছে?,ফরজ আদায় অইয়ি না ?
আপনার গ্রামের বাড়ি কোথায়?,অনরঅ গেরামর বাড়ি হনডে ?
মোড়ের মুদি দোকানি,মোড়ত বাজমালর দোআনদার
হিন্দু-মুসলিম সবার মিলনে আনন্দময়,হিন্দু-মুসলিম বেজ্ঞুনুর মিলনে আনন্দময়
গাছে কত আম?,গাছত আম হওঅ ?
নোটিশ বোর্ডে আছে।,নোটিশ বোর্ডুত আছে ।
খাবারের বাজারে কি হচ্ছে?,হানার বাজারত কি অদ্দে?
ভাদাই নাচ কোথায় দেখেন?,ভাদাই নাচ হডে চন দে?
"শুনেছ নাকি, কি হয়েছে?","ওইননু না,কি অইয়ি ?"
লোক সঙ্গীত,লোক সংগীত
বাবুর্চিদের হাতের কাচ্চি আর জর্দা শরবত,বস্তি অলর আথর কাচ্চি ইয়ের জর্দা শরবত
একুশে ফেব্রুয়ারি ভোরে ফুল দিতে যাই,একুশে ফেব্রুয়ারিত পোয়াইত্তেফুল দিতু যাইর
কিভাবে খাবার রান্না করেন?,হানাপানি কেন গরি রাধন দে?
"হ্যাঁ, আবহাওয়া অফিস বলেছে","অয়অ, আবহাওয়া অফিসুত্তুন হইয়ি দে"
কোন সময় লেখেন?,লেহা হন সমত লেহন দে?
"হ্যাঁ, রাতে করি","অয়অ,রাতিয়ে গরি দি"
"হ্যাঁ, রেস্তোরাঁ রিভিউ","অয়অ,ওটেলত রিভিউ"
কিভাবে চা বানান?,চা কেন গরি বানন দে?
আপনি কি নিয়মিত সিরিয়াল দেখেন?,অনে কি পইত্তেন সিরিয়াল চন না?
"হ্যাঁ, তিন মাস পর পর","অয়অ,তিন মাস পর পর"
"হ্যাঁ, ছাদের উপরে।","অয়অ,ছাদর উত ।"
কার সাথে আড্ডা জমে?,গফ হার লয় বেশি মজা অয় দে?
তেঁতুল গাছের ছায়ায় বিশ্রাম নেই,তেঁতয় গাছর ছামাত বইয়েরে জিরেইদ্দি
কাঁচি দিয়ে কাটুন।,হাঁচি দিয়েরে হাডন ।
কোন ধরনের পারফিউম ব্যবহার করেন?,কিরহম ছেন দিয়ন দে অনে?
কোন ধরনের কড়াই ব্যবহার করেন?,হন ডইল্লে হরিয়া ভালা লাগে দে?
ভোরবেলা টাটকা জিনিস কিনতে যাই,পোয়াইত্তে তাজা জিনিস কিনতাম যাই
পটেটো চিপস পছন্দ,পটেটো চিপস গম লাগে দে
নতুন কোর্স কবে শুরু করছেন?,নতুন কোর্স হত্তে শুরু গইজ্জুন?
যশোরের নলেন গুড় কিভাবে খান?,যশোরোর মিডে কেন গরি হন দে?
বাড়িতে কোন গাছে ফল ধরে?,ঘরর হন গাছত ফল ধরে দে?
আপনার কি স্পাইস গ্রাইন্ডার আছে?,অনত্তে কি স্পাইস গ্রাইন্ডার আছেনা?
রাত জেগে,রাত পোআইয়েরে/ওরঘুম থাগিয়েরে
"জানালার ধারে, প্রকৃতি দেখতে দেখতে","জানালার ডাগত,প্রকৃতি চায় চায়"
"ছাদে বসে আড্ডা দেয়া যায়, খরচও বেশি না","ছাদত বইয়েরে গফ মারন যাই,হরচ বেশি না"
বাসায় যাবেন কখন?,ঘরত হত্তে যাইবে দে?
বারান্দায় একটা কোণ বানিয়ে নিছি,বারান্দাত এক হোনুত বানায় লয়
কোন ফিল্ডে রিসার্চ করছেন?,হন ফিল্ডত রিসার্চ গইজ্জুন?
ছবি আঁকা।,ছবি আইক্ষে ।
আপনার কি বেবি মনিটর আছে?,অনত্তে কি বেবি মনিটর আছে না?
কোথায় ঘুরতে ভালোলাগে?,হন্ডে ঘুইত্তে ভালা লাগে?
"হ্যাঁ, বিকেলে দিই","অয়অ,বিকেলবেলা দি"
ডাল আর ভর্তার সাথে গরম ভাত,ডাইল ইয়ের ভর্তার লয় গরম ভাত
গরুর গাড়ি যাচ্ছে।,গরুর গাড়ি যার ।
কোথায় বসে গান করেন?,হনডে বইয়েরে গান গন দে?
আপনি কি নিয়মিত পড়াশোনা করেন?,অনে কি পইত্তেন লেহাপড়া গরন না?
কোথায় খাঁচা রাখেন?,হাচাঁ হনডে রাহন দে?
কোন ধরনের কুমড়া পছন্দ?,কিরহম হদু ভালা লাগে দে?
ছায়া পড়েছে।,ছামা পইজ্জি ।
আপনার কি বাড়িতে লেবু গাছ আছে?,অনর ঘরত কি হজি গাছ আছে না?
আজকে কি করলে?,আজিয়ে কি গরিলি?
"মামনি, কবে আসছেন আমাদের বাসায়?","মামনি, হত্তে আইবেন আরো বাসাত?"
মন দিয়ে,মন দিয়েরে
কোন সময় বাগান করেন?,বাগান হন সমত গরন দে?
সকালের বাজার পছন্দ,বেয়িন্নের বাজার গম লাগে দে
কোন রকম বই পড়তে ভালোলাগে?,হন ডইল্লে বই পইত্তু গম লাগে দে?
"হ্যাঁ, ভাজা করে","অয়অ,ভাজি গরিয়েরে"
লাল টিপ,লাল টিপ
দক্ষিণের জানালা দিয়ে,দইনদির জানালা দিয়েরে
আপনি কি নিয়মিত ব্যাকআপ নেন?,অনে কি পইত্তেন ব্যাকআপ গরন না?
পুকুরে মাছ ধরা আর আমগাছে চড়া খুব মজার,পইরুত মাছ ধরন ইয়ের আম গাছত চড়ন বউত মজার
শোকেসে সাজিয়ে,শোকেসত সাজাইয়ে
খিচুড়ি রান্না করে ভাজা খাই,খিচুরি রাধিয়েরে ভাজি গরি হায়
জামতলার বিরিয়ানি খাবি?,জামতলার বিরেনি হাবি?
শীতের সকালে টাটকা রস খেতে যাই,শীতকাইল্লে বেয়িন্নে তাজা রস হাইতু যাই
আদা দিয়ে,আদা দিয়ের
ফ্রেমটা ভাঙ্গা?,ফ্রেম ইয়েন ভাঙ্গা ?
পুকুরপাড়ে কি?,পইরু পাড়ত কি ?
"লেকের পাশ দিয়ে, যেখানে সন্ধ্যায় ঠান্ডা হাওয়া বয়","মাইনষুর ডাগদি,যেন্ডে আজইন্নে ঠান্ডা বাতাস থাগে"
"ঠাকুরদা, কি দেখেছিলে যুদ্ধে?","ঠাকুরদা,যুদ্ধুত কি চাইয়ুন দে?"
তোর ফুপুর বাসায় কি হচ্ছে?,তোর ফুরু ঘরত কি অদ্দে?
সূতা কাটছে।,সুত হাডের ।
খিলগাঁওয়ের রসগোল্লা কেমন?,খিলগাঁওর রসগোল্লা ক্যান?
নতুন চ্যানেলে কি করবি?,নোয়া চ্যানেলত কি গরিবিদি?
আপনি কি রান্নার রেসিপি জানেন?,অনে কি রাদঁনর রেসিপি জানন না?
সিরিয়াল কত নাম্বারে?,সিরিয়েল হত নম্বরত?
নাজিরশাইল চাল,নাজিরশাইল চইল
প্রাচীন বাংলার ইতিহাস খুঁজে বেড়াই,পুরন বাংলার ইতিহাস থোয়াই বেড়াইর
পূব দিকে,পুক ডদি
মুড়কি বানাবেন?,মুড়কি বানায়বেন না ?
"মিরপুরে, অফিসের কাছাকাছি","মিরপুরে, অফিসুর ডাহত"
কি গান শুনছেন?,কি গান ওইনতে লাইগগুন?
বাজারের কোন দোকানে ভিড় কম?,বাজারত হন দোআনত জাম হম?
চাষীদের সাথে মিলে কিছু করার প্ল্যান আছে,চাষা অলর লয় মিলেয়েরে কিছু গরিবের চেষ্টা গরির
হলুদ মাখিয়ে মসলা দিয়ে,হলুদ মাখিয়েরে মসল্লা দি
ভোরের পাখি ডাকছে।,বেয়িন্নে পাখি ডাহিলি ।
একটু পরেই যাব,এক্কানা পরে যাইয়ুম দে।
"হ্যাঁ, সকালে তুলি","অয়অ,বেয়িন্নে তুলি দি"
ছাতাটা নিলেন?,ছাতি ইয়েন লয়ুন না ?
শ্রীমঙ্গলের সাত রঙা চা নিবে?,শ্রীমঙ্গলর সাত রংঙর চা লইবে না?
কাল পড়ে গেছে।,হালিয়ে পরি গেইয়ি ।
মুখে আগুন জ্বলবে।,মুখুত অন জ্বলিবু ।
পাঠশালায় কি?,স্কুলুত কি?
বরবটি কাটা হয়েছে?,বরবটি হাডা অইয়ি না ?
"হ্যাঁ, পূজার জন্য","অয়অ,পূজর লায়"
মিষ্টি আর মুড়ি।,মিষ্টি ইয়ের মুড়ি ।
আপনি কি নিয়মিত ছবি আঁকেন?,অনে কি পইত্তেন ছবি আকন না?
কোথায় ডিবাগ করবেন?,ডিবাগ হডে গরিবেন দে?
"হ্যাঁ, সকালে করি","অয়অ, বেয়িন্নে গরি দি"
তোমার সাথে।,তোয়ার লয় ।
দুপুরে কি করেন?,দুইজ্জে কি গরন দে?
আলনায়,আলনাত
গ্রামের মেলায় গিয়ে দেখি,গেরামর মেলাত যাইয়েরে চাইদি
নামিয়ে ফেলুন।,নামায় ফেলন ।
"হ্যাঁ, ভয়েস কন্ট্রোল","অয়অ,ভয়েস কন্ট্রোল"
অভিজ্ঞ শিক্ষকের কাছে,বুঝে দে মাষ্টরত্তুন
পেঁয়াজ দাম বাড়লো?,পিয়েজুর দাম বাইজ্জি না?
নদীর ঘাটে কি?,নদীর ঘাটত কি ?
আপনার কি কফি মেকার আছে?,অনত্তে কি কফি মেকার আছে না?
আজানের সুর আর কাক-কোকিলের ডাক,আজানর সুর হাউঅ -কোকিলুর ডাক/ছেনছেনানি
কিভাবে সময় কাটান?,সম কেন গরি হাডন দে?
আপনি কি নিয়মিত ভিটামিন খান?,অনে কি পইত্তেন ভিটামিন হন না?
"হ্যাঁ, মৌসুমে খাই","অয়অ,সিজনত হায়দি এরি"
প্রজেক্ট মিটিং কখন রাখবো?,গুরুপ মিটিং হত্তে রাইক্খুম?
গ্রামের জীবনকে কবিতায় ফুটিয়ে তোলেন,গেরামর জীবনঅরে কবিতাত ফুডয় তুলর
আপনি কি নিয়মিত চিড়া খান?,অনে কি পইত্তেন চোড় হন না?
বন্ধুদের সাথে কোথায় আড্ডা দিস?,বন্ধু অলর লয় হনডে গফ মারছ দে?
"হ্যাঁ, সকালে খাই","অয়অ, বেয়িন্নে হায় দি"
"স্টাডি রুমের র‍্যাকে, বিষয় অনুযায়ী সাজিয়ে","স্টাডি রুমুর রেকত ,বিষয় অনুযায় সাজাই"
কি শিখছেন?,কি শিখতে লাইগ্গুন ?
ফুলকপি ভাঙ্গা হল?,ফুলহবি ভাইঙ্গে অইয়ি না ?
সুপারি-জর্দা দিয়ে মিষ্টি পান খাই,সুঅরি-জর্দা দিয়েরে মিডে পান হায়
কোন রাস্তায় নতুন ফুটপাত হচ্ছে?,হন রাস্তাত নোয়া ফুটপাত অদ্দে?
কোন ধরনের আঙ্গুর পছন্দ?,হন ডইল্লে আংকুরগম লাগে দে?
কোথায় পাসপোর্ট করবেন?,পাসপোর্ট হত্তুন গরিবেন দে?
কোথায় এক্সপোর্ট করবেন?,এক্সপোর্ট হডে গরিবেন দে?
রোজায় কি খান?,রোজাত মাইজ্জি কি হন দে?
চাল গুড়ো করুন।,চইল গুড়ি গরন ।
কোন ধরনের পাত্র ব্যবহার করেন?,হন ডইল্লে পাতিল ব্যবার গরন ?
"হ্যাঁ, দুইটা টিয়া পাখি","অয়অ,দুঅ তোতা পাখি"
ড্রয়িং রুমে,ড্রয়িং রুমত
অফিসে যাওয়ার সময় উবার-পাঠাও নিই,অফিসুত যাইবের সমত উবার-পাঠাও লয়ু
কিভাবে বই পড়েন?,বই কেন গরি পড়ন দে?
একশো টাকা কেজি।,একশ টিয়া কেজি ।
ঘুমিয়ে নিই একটু,ঘুম যাই লয় এক্ষানা
গ্রামের মাঠ হলুদ হয়ে থাকে,গেরামর মাঠ অলইদ অয় থাগে
"থ্রিডি মডেলিং শিখতেছি, মার্কেট ভালো","থ্রিডি মডেলিং শিখির, মার্কেট ভালা"
লিচু টক কি?,লেচু হরঅ না?
মাটির হাঁড়িতে কি রাঁধছো?,মেডির পাতিলেত কি রাইন্ধুন দে?
"ঠাকুরমার কাছে, রাতের খাওয়ার পর","ঠাকুমাত্তুন,রাতিয়ে হানার পর"
কিভাবে চিড়া মাখেন?,চোড় কেন গরি মাহন দে?
সিঁড়ির নিচে,সিঁড়ির নিচুদি
সকালে গরম জিলাপি নিয়ে আসে,বেয়িন্নে গরম জিলাপি লয় আইয়ি
কোথায় শুটিং করস এখন?,শুটিং হডে গরছ দে এহন?
বৃষ্টিতে ভিজছো কেন?,ঝরত ভিজর কা?
আপনি কি নিয়মিত ভ্রমণ করেন?,অনে কি পইত্তেন ঘুরন না?
তিনটা বেডরুম আছে,তিন্নে ঘুম যাইবের রোম আছে
মামুন চাচার দোকানে সবাই আড্ডা দেয়,মামুন চাচার দোআনত বেজ্ঞুনে গফ মারে
আপনি কি নিয়মিত রিপোর্ট করেন?,অনে কি পইত্তেন রিপোর্ট গরন না?
"মালাই চা আর গরম জিলাপি, রিকশাওয়ালাদের ভিড়","মালাই চা ইয়ের গরম জিলেপি,রিকশাওয়ালার জামাত"
কোন ধরনের পায়ের আলতা পরেন?,হন ডইল্লে টেংর আলতা পরন দে?
আপনার কি বাড়িতে শ্যামা পাখি আসে?,অনর ঘরত শ্যাম পাখি আইয়ি না?
"দুপুর বারোটার পর, যখন গরম পড়ে","দুইজ্জে বারটার পর ,যেত্তে গরম পড়ে"
দেশের ভাষা আন্দোলন কি শেখায়?,দেশর ভাষা আন্দোলন কি শিখেই দে?
মাংস কাটা হয়েছে?,গোস্ত হাডা অইয়ি না ?
কোন রুট দিয়ে যাবি?,হন রুট দি যাবি?
কোথায় ঈদের কেনাকাটা করবেন?,অনে কি ঈদুর বাজার গরিবেন না?
আলমারিতে আছে।,আলমারিত আছে ।
সাবান ঘষে ঘষে,সাবান ঘয় ঘয়
কোন বাজারে যান?,বাজারত কিল্লে যন দে?
কোন ধরনের সুপ পছন্দ?,কিরহম সুপ গম লাগে অনত্তুন?
আপনি কি নিয়মিত চিচিঙ্গা খান?,অনে কি পইত্তেন হইদে হন না?
খুব মিষ্টি হয়েছে।,বউত মিডে অইয়ি।
কোন রকম রং পছন্দ?,হন ডইল্লে রং ভালা লাগে দে?
স্টারবাকসে যাব,স্টার বাক্সত যাইয়ুম
আপনার কি বাড়িতে পায়রা আসে?,অনর ঘরত কি হতুর আইয়ি না?
"হ্যাঁ, সপ্তাহে একবার করি","অয়অ,সপ্তায় একবার গরি দি"
ময়মনসিংহের মাছ কোথায় পাওয়া যায়?,ময়মনসিংহর মাছ হডে পঅন যাই?
কি চাইছো?,কি চাইতে লাইগ্গুন দে ?
লোকেশন ভালো। কাস্টমার বেশি,লোকেশন ভালা। কাস্টমার বেশি
দেড় সের হবে।,দেড় সের অয়বু ।
কত জনের বুকিং?,বুকিং হত জনর?
ছুটির দিন আজ।,বন্ধর দিন আজিয়ে ।
এই রাস্তায় জ্যাম হয়?,রাস্তা ইবেত জাম অয়?
উঠানের মাঝে কি?,উডনর মাঝদি কি ?
এখন দশটা বাজে।,এহন দশটা বাজে।
কোন এলাকায় শুট করলে ভালো হয়?,হন এলাহাত শুট গরিলি ভালা অয় দে?
"ফজরের পর, যখন মন শান্ত থাকে","ফজরর পর,যেত্তে মন ভালা থাগে"
সুন্দর করে সাজিয়ে,সুন্দর গরি সাজায়
কেন এত খুশি আজকে?,আজিয়ে এতো খুশি ক্যা?
"না, অনেকদিন ধরে আছি","না,বউতদ্দিন ধরি তাগিদ্দি"
খান জাহানের ঐতিহাসিক মসজিদ ঘুরে দেখি,খান জাহানের ঐতিহাসিক মসদুত ঘুরে চাইর
পুরান ঢাকার গলিতে মাঝে মাঝে দেখা হয়,পুরন ঢাহার গলিত মাঝে মইধ্যি দেহা যায় দেহা যায়
কেন এত ব্যস্ত?,এত বিজি কা পানলার ?
কি খবর?,কি হবর?
"ছোট ছোট করে, সব একই সাইজে","গুর গুর গরি,বেগ একই সাইজুর"
জুম প্ল্যাটফর্মে,জুম প্লাটফর্মে
আপনার কি ওয়াশিং মেশিন আছে?,অনত্তে কি ওয়াশিং মেশিন আছে না?
বাড়ির কোন জায়গায় আড্ডা দেন?,ঘরর হন জাগাত বইয়েরে গফ মারন দে?
খবরের কাগজটা দেখি?,খবরর কাগজ ইয়েন চায় ত?
আপনার কি ডিজিটাল নোটবুক আছে?,অনত্তে কি ডিজিটাল নোটবুক আছে না?
"হ্যাঁ, অনেক রুই মাছ আছে।","অয়অ,বউত রুইত মাছ আছে ।"
শাক-সবজির দাম কম,শাক সবজির দাম অস্তা
কোথায় কলাই রাখেন?,হলই হনডে রাহন দে?
"হ্যাঁ, পরিবারের সাথে","অয়অ,পরিবারর লয়"
"হ্যাঁ, প্রতি ঘণ্টায় করি","অয়অ,পত্তি ঘন্টাত গরি ত"
লোকাল সিস্টেমে,লোকাল সিস্টেম
তোর রুমমেট কেমন?,তোর রুমমেট কেন?
নবম শ্রেণীতে।,নবম শ্রেণিত ।
পুরনো মুদি দোকানি,পুরন বাজমালর দোআনদার
দীঘির পাড়ে কি?,ডির পাড়ত কি ?
কোন গেম খেলছো?,হন গেইম খেলোর?
মাছের দাম কত?,মাছর দাম হত?
হাড় আলাদা করেছি।,আড্ডি আলাদা গইজ্জি
অনলাইন জার্নালে,অনলাইন জার্নালে
ডাঁটা আলাদা করেছি।,ডেডা আলাদা গইজ্জি।
আপনি কি সকালে নাশতা করেন?,অনে কে পইত্তেইন বেয়িননে নাস্তা গরন না?
জামদানি শাড়ি আর চামড়ার ব্যাগ পছন্দ করি,জামদানি শাড়ি আর চামড়ার ব্যাগ গম লাগে দে
কোথায় খুঁজবো?,হনডে থোয়াইয়ুম দে?
সুন্দরবনে কি দেখেন?,সুন্দর বনত কি চন দে?
দক্ষিণের জানালা দিয়ে,দইনদির জানালা দিয়েরে
কোথায় বেড়ি রাখেন?,বেড়ি হনডে রাহন দে?
কোন ধরনের ঝুড়ি ব্যবহার করেন?,কি রহম ঝুড়ি ব্যবার গরন দে?
হাওরের পানিতে ভাসমান শাপলা খুব সুন্দর,ডেবার পানিত ভাইন্নে শাপলা ফুল সুন্দর লাগে
একটু বেড়ে গেছে,এক্ষানা বাড়ি গেইয়ি
নটার পর।,নটার পর ।
"সাদাসিধা ভাবে, কিছু ফুলদানি আর ছবি দিয়ে","ভালা গরি,কিছু ফুলুরদানি ইয়ের ছবি দিয়েরে"
"আজ্জে হ্যাঁ, ফজরের আগে।","আজিয়ে অয়অ,ফজরর আগদি ।"
কোন ধরনের কাঠাল পছন্দ?,কিরহম হাট্টল গম লাগে দে?
নতুন চারা লাগাব বাগানে।,নোয়া চারা লাগাইয়ুম বাগানত ।
স্টার্টআপ মিট আর হ্যাকাথন,স্টার্টআপ মিট ইয়ের হ্যাকাথন
বাংলাদেশি শিল্পকলা কি পছন্দ?,বাংলাদেশি শিল্পকলা কি সুন্দর লাগে না অনত্তে?
কোন ডাক্তারের কাছে যান?,হন ডাক্তার এডে যন দে?
কোন ধরনের বরফি পছন্দ?,কিরহম বরফি মজা লাগে দে?
স্টাডি টেবিলে,স্টাডি টেবিলুত
সবজি নেড়ে দিন।,তরহারি লাড়ি দঅন ?
"হ্যাঁ, পড়ার সময় পরি","অয়অ,পড়ার সমত পরি দি"
সারাদিন খেলায় মেতে থাকে।,আরাদিন খেলা হায়।
কিভাবে সময় কাটান?,সময় কেন গরি শেষ গরন দে/?
আপনি কি নিয়মিত ছানা খান?,অনে কি পইত্তেন জানা হন না?
কোথায় যাবে পিসি?,হনডে যাইবে দে পিসি?
বিকেলে কোথায় যান?,বিকেল বেলা হনডে যন দে?
চাঁদ উঠেছে?,চাঁন উইট্টি না?
মুদির দোকান থেকে,মুদির দোআনত্তুন
তেহারি ফুচকা পছন্দ,তেহারি ফুচকা গম লাগে না
আজকে কি রান্না করবেন?,আজিয়ে কি রাধিঁবেন না?
বিকেল বেলায়,বিকেলবেলাত
"হ্যাঁ, তাপমাত্রা চেক করি","অয়অ,তাপমাত্রা চেক গরি দি"
কাল ছুটি নাকি?,হালিয়ে ছুটি নাকি?
পেনহোল্ডারে,পেনহোল্ডারত
আপনি কি নিয়মিত স্মৃতিচারণ করেন?,অনে কি পইত্তেন আগর হথা ভাবি চন না?
কার কাছে কবিতা শেখেন?,কবিতা হাত্তুন শিখন দে?
"হ্যাঁ, দিনে দুইবার","অয়অ,দিনি দুইবার"
আপনি কি নিয়মিত ঘর বাতাস করেন?,অনে কি পইত্তেন ঘরত বাতাস গরন না?
"হ্যাঁ, বিকেলে যাই","অয়অ,বিকেলবেলা যাইদি"
"রাত্রিবেলা, যখন চারপাশ নিস্তব্ধ থাকে","রাতিয়ের বেলাত,যেত্তে চাইরি ডাহদি নিজেপ থাগে"
বনভোজনে কি করেন?,পিন্নিকুত কি গরন দে?
বিটিভি দেখছি।,বিটিভি চাইর ।
"হ্যাঁ, কালো জাম।","অয়অ,হালা জাম ।"
আপনার কি বাড়িতে করবী গাছ আছে?,অনর ঘরত কি করবী গাছ আছে না?
জামা শুকিয়েছে?,হর পুঅয়ি ?
সব কুরে রেখেছি।,বেগ হুরায় রাইক্ষি ।
কি করে বানিয়েছেন?,কি গরি বানাইয়ুন ?
পুরনো মসজিদগুলোর স্থাপত্য তুলি,পুরন মসদুত ইয়িনুত ইমারত তুলির
বিশেষ অনুষ্ঠানে পরতে ভালোলাগে,বিশেষ অনুষ্ঠানত পইত্তু গম লাগে
বাড়ির কোন দিকে গাছ লাগান?,ঘরর হনদি গাছ লাগন দে?
পুরনো সুরে নতুন কথা লিখছে,পুরন সুরে নোয়া কথা লিখের
বিকেলে কোথায় যান?,বিকেল বেলা হনডে যন দে?
দেশের রিকশাচালকরা কি করেন?,দেশর রিকশেঅলা অলে কি গরে দে?
কি করছে জেলে?,কি গরের দে জাইল্লে ?
কোথায় সিনেমা দেখবেন?,সিনেমা হডে চাইবেন দে?
"হ্যাঁ, কিছু কিছু পারি","অয়অ, কিছু কিছু পারি ত"
কোন মিষ্টি পছন্দ?,হন ডইল্লে মিডে গম লাগে দে?
পান্তা ভাত আর শুটকি ভর্তা,পানি ভাত ইয়ের ওনির ভর্তা
কিভাবে শাক ভাজেন?,শাক কেন গরি বাজন দে?
কোন জায়গায় ছবি তোলেন?,হন জাগাত ছবি তোলন দে?
চাষী বিশ্রাম নিচ্ছে।,চাষা জিরের ।
বিকাশে করে সব কেনাকাটা মিটিয়ে দেই,বিকেশ দিয়েরে বেগ কিছু কিনি ফেলায়
এই দোকানে ওয়াইফাই আছে?,এই দোয়ানত কি ওয়াইফাই আছে না?
আপনার কি বাড়িতে সুপারি গাছ আছে?,অনর ঘরত কি শুয়ারি গাছ আছে না?
কোন রকম আবহাওয়া পছন্দ?,কিরহম আবহাওয়া গম লাগে দে?
শসা কুচানো হয়েছে?,শশা কুচকি গেইয়ি?
কোন ধরনের সন্ধ্যা ভালো লাগে?,কি রহম আজন্নে গম লাগে দে অনত্তে?
আপনি কি পার্ট টাইম জব করেন?,অনে কি টুকটাক চরি গরিবেন না?
চাচা বাড়ি আছেন?,চাচা ঘরত আছন না ?
প্রোগ্রামটা কখন শুরু হবে?,প্রোগ্রাম ইয়েন হত্তে শুরু অইবু?
শুধু শান্তি।,ওদ শান্তি ।
এই রেস্টুরেন্টে কি আছে?,রেস্টুরেন্টে ইয়েনঅত হাইবেল্লায় কি আছে?
ভাতের হাঁড়ি নামাবেন?,ভাতর ডেকসি নামাইবেন না?
রিং টোন বন্ধ।,রিং টোন বন্ধ।।
কার সাথে গল্প করতে ভালোলাগে?,হার লয় গফ মাইত্তু গম লাগে দে?
দেশের ক্ষুদে ব্যবসায়ীরা কি করেন?,দেশর গুর দোআনদার অলে কি গরে দে?
ভালো না।,ভালা ন।
"হ্যাঁ, মাঝে মাঝে খাই","অয়অ,মাঝে মাঝে হায় দি"
কিভাবে রান্না করেন?,রান্না কেন গরি গরন দে?
খেজুর রস কখন খান?,হাজুরুর রস হত্তে হন দে?
শকুন উড়ছে আকাশে।,অক্ষুন উড়ের আকাশত ।
কোথায় আড্ডা জমে?,গফ হডে মজা অয়দে?
আপনার কি বাড়িতে তুলসী গাছ আছে?,অনর ঘরত কি তুলসী গাছ আছে না?
চায়ের দোকানে কি নতুন?,চার দোআনত কি নোয়া না?
বাংলা গান কখন শেখেন?,বাংলা গান হত্তে শিখন দে?
সকাল নটায়,বেয়িন্নে নটা বাজে
গ্রামের রান্না শহরে নতুন সাজে আসছে,গেরামর রান্না শহঅরর নোয়া সাজি আইয়ির
সকাল বেলায়,বেয়িন্নে
সোনার গয়না,সোনার গয়না
"প্লেগ্রাউন্ড বড় হইছে, বাচ্চারা খুশি","প্লেগ্রাউন্ড ডর অইয়ি, গুর পুয়া অলে খুশি"
গরম চিড়ার সাথে মিশিয়ে,গরম চোড়র লয় মিয়েইয়েরে
কাজা নামাজ আছে?,হাজা নামাজ আছে না
গরম গরম,গরম গরম
কাঠের ঢাকনা,গাছর ঢাকনি
বেগুন ভাজি কেমন করেন?,বায়ুন ভাজি কেন গরি গরন দে?
নৌকায় করে সূর্যাস্ত দেখতে যাই,নৌকত গরি সূজ্জু ডুবনি চাইর
সরিষার তেল আছে?,সরিষের তেল আছে না ?
কোন দিকে হাঁটতে যান?,আডিবেল্লায় হনদি যন দে?
আপনি কি নিয়মিত ডায়েরি লেখেন?,অনে কি পইত্তেন ডায়েরী লেহন না?
বাড়ির কোন জায়গায় পড়েন?,ঘরর হন জাগাত পড়ন দে?
গরুর পাল।,গরুর ঝাঁক ।
আপনার কি ফুড প্রসেসর আছে?,অনত্তে কি ফুড প্রসেসর আছে না?
ধানমন্ডিতে দেখছি,ধানমন্ডিত চাইদি
কক্সবাজারের ইনানী বিচে যাবে?,কক্সবাজার ইনানি বিচ উত যাইবে?
ঈদের চাঁদ দেখা গেছে?,ঈদুর চাঁন দেহা গেইয়ি না ?
নতুন কোন মামাতো ভাই এসেছে?,নোয়া হন মামাত ভাই আইস্সি দে?
"হ্যাঁ, ভাজি করে","অয়অ,ভাজি গরি"
আপনার কি ওয়াটার হিটার আছে?,অনত্তে কি ওয়াটার হিটার আছে না?
হ্যান্ডমেড জুয়েলারি আর বুটিক শাড়ি,হ্যান্ডমেড জুয়েলারি ইয়ের বুটিক শাড়ি
কিভাবে সময় কাটান?,সম কেন গরি হাডন/শেষ গরন দে?
আপনি কি নিয়মিত মুড়ি খান?,অনে কি পইত্তেন মুড়ি হন না?
বাংলা ছোট চলচ্চিত্র আর গল্পের ধারাবাহিক,বাংলা ছোট চলচ্চিত্র ইয়ের গল্পর ধারাবাহিক
বাউল গান কোথায় শোনেন?,বাউল গান হনডে ওনন দে?
আপনি কি নিয়মিত ঘরের কাজ করেন?,অনে কি পইত্তেন ঘরর হাম গরন না?
কি ঔষধ খাচ্ছেন?,কি ঔষুধ/দাবাই হাইবেন ?
মাছওয়ালী যাচ্ছে।,মাছঅলা যার গু ।
বাঙালি ঐতিহ্য কিভাবে ধরে রাখেন?,বাআলর ঐতিহ্য কেন গরি ধরি রাহন দে?
কি নাস্তা করবেন?,কি নাস্তা গরিবেন ?
উচ্ছে কাটছেন?,উচ্ছে হাইট্টুন না ?
স্থানীয় খাবার আর ঐতিহ্য খুঁজে বেড়াই,এনডিয়ারর হানা ইয়ের রীতিনীতি তোআয় বেড়ায়
নাগরদোলা এসেছে।,হলর দক্ষ আইসসি ।
আপনার কি বাড়িতে শালিক আসে?,অনর ঘরত কি মনা আইয়ি না?
আপনি কি নিয়মিত খেলা দেখেন?,অনে কি পইত্তেন খেলা চন না?
"ইন্টারনেট থেকে, নতুন নতুন রান্না ট্রাই করি","ইন্টারনেটত্তুন,নোয়া নোয়া রান্না ট্রাই গরির"
কোথায় ইনভেস্ট করবেন?,ইনভেস্ট হডে গরিবেন দে?
তোর পাড়ার জিম কেমন?,তোর পাড়াত জীম কেন?
পুকুরের পাশের জমি।,পইরুর ডাহত জবিন ।
"হ্যাঁ, সন্ধ্যায় করি","অয়অ,আজইন্নে গরি দি"
মায়ের হাতের রান্না সবার উপরে,মাআর আথর রান্না বেজ্ঞুনুর উরি
ঢাকা ক্লাবে কাচ্চি খেতে যাবা?,ঢাহা ক্লাবত কাচ্চি হাইতে যাইবে না?
কোথায় ঘুরতে যাবেন?,হন্ডে ঘুইত্তু যাইবেন?
"বাংলা ব্রেকফাস্ট দেয়, টেস্ট ভালো","বাংলা ব্রেকফাস্ট দে, টেস্ট ভালা/পোয়াদ"
কি সমস্যা হয়েছে?,কি সমস্সে অয়ি দে?
কোন ধরনের ফিরনি পছন্দ?,কি রহম ফিরনি গম লাগে দে অনত্তে?
পুকুরঘাটে গোসল করে গায়ে জড়াবো,পইরুঘাটত গোছল গরি গঅত বেরাইয়ুম
রাজশাহীর মিষ্টি পান,রাজশাহীর মিডে পান
হাতের কাজ পছন্দ,আথর হাম গম লাগে দে
কোথায় ঝুড়ি ঝোলান?,হনডে ঝুরি ঝোলায় রাহন দে?
কিভাবে চুল বাঁধেন?,চুল কেন গরি বাধন দে?
কোথায় কাঁচি রাখেন?,কেছি হনডে রাহন দে?
কোন ধরনের চলাফেরা পছন্দ?,কিরহম আডাআডি গম লাগে দে?
কোন দিকে যাচ্ছিস এখন?,হন দি যদ্দে এহন?
"আদা কুচি দিয়ে, এলাচ মিশিয়ে","আদা কুচি দিয়েরে,এলাচি মিয়েই"
কিভাবে বাগান করেন?,বাগান কেন গরি গরন দে?
কেন হাসছেন?,আইসতে লাইগগ্গুন কা?
পুকুরে স্নান করতে।,পইরুত গোছল গইত্তু ।
কোথায় রুমাল রাখেন?,রোঅল ইয়েন হনডে রাহন দে?
লাল শাক আর পুঁই শাক।,লাল শাক আর পুঁই শাক।।
স্মৃতির পাতায়।,স্মৃতির পাতায়।।
ছাদে কি হচ্ছে?,ছাদত কি অর দে?
কোন মোড়ে রিকশা পাওয়া যায়?,হন মোড়ুত রিকশে পা যায় দে?
ভালোবাসা।,ভালাবাসা ।
আপনি কি নিয়মিত পুঁইশাক খান?,অনেকি পইত্তেন পুইশাক হন না?
কোথায় আড্ডা জমে?,গফ হনডে মজা অয় দে?
কুমিল্লার রসমালাই আনবে?,কুমিল্লার রসমালাই আনিবে?
কিভাবে রান্না শেখেন?,রাধনি কেন গরি শিখন দে?
ছাদে দাঁড়িয়ে বৃষ্টি দেখি,ছাদত তিয়েইয়েরে ঝড় চাইদ্দি
নতুন জায়গায় কি করেন?,নতুন জাগাত কি গরন দে?
আমাদের বাল্য বিয়ের বিরোধিতা কেমন?,আরার গুর থাকতে বিয়ে দিয়ারে কেন গরি অনিহা গরে দে ?
"হ্যাঁ, রাত দশটায়","অয়অ,রাইতুর দশটায়"
দুপুরে কি করেন?,দুইজ্জে কি গরন দে?
মাদারীপুরের খরসা কেমন?,মাদারীপুরুর খরসা কেন লাগে?
একটা চিঠি।,এক্কান চিডি ।
"হ্যাঁ, দুধ জমিয়ে","অয়অ,দুধ জমাইয়েরে"
"কাস্তে নিয়ে সবাই মিলে কাটি, মাঠে গান গাই","হাচি দিয়েরে বেজ্ঞুনে মিলিয়েরে হাডি,মাডত গান গায়"
নোট করে করে,নোট গরিগরি
কিভাবে জামা ইস্ত্রি করেন?,হোত্তা কেন গরি ইস্ত্রি গরন দে?
দাদা কি করেন?,দাদা কি গরন ?
নকশীকাঁথা আর পিতলের জিনিস কিনি,সিলেইয়ে কেথা ইয়ের পিতলর জিনিস কিনি
চিতই পিঠা পছন্দ,চিতল পিডে গম লাগে দে
কোন জেলার পান খান?,হন জেলার পান হন দে?
মার্জ করে নতুন একটা বড় চ্যানেল বানাইছি,মার্জ গরি নোয়া এক্ষান বড় চ্যানেল বানাই
"কি রে, লাইভ কমার্স কেমন যায়?",কিরে লাইভ কমার্স কেন গরি যায় দে?
রাজার গল্প বলব।,রাজার কিস্তে হইয়ুম না ।
বিকেলে চা-নাশতার জন্য পিঠা বানাই,বিকেলবেলার চা নাস্তার লায় পিডে বানাই
কোন খবর শুনেছেন?,হন হবর ওনন ?
শীত করছে?,শীত গলার?
টাঙ্গাইলের তাঁতিপাড়া থেকে কিনি,টাঙ্গাইলুর তাঁতি পাড়াত্তুন কিন্নি দি
মোবাইল ব্যাংকে কি করছো?,মোবাইল ব্যাংকত কি গরন দে?
কিভাবে মাছ কেনেন?,মাছ কেন গরি কিনন দে?
জাল ফেলবেন?,জাল ফেলায়বেন না?
আপনার কি ওয়াটার বটল আছে?,অনত্তে কি ওয়াটার বটল আছে না?
"হ্যাঁ, ভাজা করে","অয়অ,ভাজি গরিয়েরে"
ভোর পাঁচটায়,পোয়াইত্তে পাচটা বাজে
কিভাবে চা খান?,চা কেন গরি হন দে?
কমিটি বৈঠক করছে।,কমিটি বয়ডুক গরের।
তোয়ালে দিয়ে,তইলে দি
"হ্যাঁ, সকালবেলা","অয়অ,বেয়িন্নে"
কেন এত হাঁটছো?,এতো আডর ক্যা?
শীতের হাওয়া পছন্দ,শীতুর ঠলহাইন্ন বাতাস গম লাগে দে
ডাক্তারের অ্যাপয়েন্টমেন্ট নিয়েছেন?,ডাক্তরর এপয়েনমেন্ট লইয়ুন না?
পুকুর পাড় ধরে,পইরু পাড় দরিয়েরে
কি দেখে এলে?,কি চায় আইসসুন দে?
ঝাড়ু দিয়ে মুছে,পুরইন দিয়েরে মুছি
ঝোলে মশলা একটু বেশি পড়েছে।,ঝোলুত মসল্লা এক্ষানা বেশি পইজ্জি/অইয়ি ।
শালপাতার ঠোঙায় কি খান?,শালপাতার ঠোলাত কি হন দে?
ঠান্ডা পানি দেন,ঠান্ডা পানি দিয়ে
"সন্ধ্যায় লাইট দেয়, বেশ ঘুরা যায়","আজইন্নে লাইট দের, বেশ ঘুরা যার"
আজ বেশ গরম পড়েছে।,আজিয়ে বেশি গরম পড়ের ।
কোন রেস্টুরেন্টে যাবেন?,হন রেস্টুরেন্টে অত যাইবেন?
সোনারগাঁয়ে পিকনিক কবে?,সোনারগাঁওত পিকনিক হত্তে?
কোন সময় বাগান করেন?,হন সমত বাগানত যন দে?
শ্রীমঙ্গলের সবুজ পাহাড় মন ভরিয়ে দেয়,শ্রীমঙ্গলত সবুজ পাআড় মন ভরি চাইর
বাড়ির কোন দিকে রোদ পড়ে?,ঘরর হনদি রইদ পড়ে দে?
আপনার কি ফুফুর বাড়ি আছে?,অনত্তে ফুর বাড়ি আছে না?
ওপেন সোর্স প্রজেক্টে,ওপেন সোর্স প্রজেক্ট
সেহরি খেয়ে নিয়েছি।,সেহরি হায় ফেলায়।
কার কাছে গল্প শোনেন?,হাত্তুন কিস্তে/গল্প ওনন দে?
আলু আর পটল।,আলু ইয়ের পঠল ।
কিভাবে ফুলের যত্ন নেন?,ফুলুর যত্তন কেন গরি লন দে?
তোমার জন্য।,তোয়ার লায় ।
আপনি কি রান্না করতে পারেন?,অনে কি কি রাদিঁত পারন?
এক গ্লাস পানি।,এক গলস পানি ।
জুমার নামাজে যখন সব এলাকার মানুষ জমা হয়,জুমর নামাজত যেত্তে বেগ এলাহার বেজ্ঞুনে একত্রর অয়
"ইউটিউব দেখে দেখে, নোট করে রেখে",ইউটিউব চায় চায় ফজরর আজানর সমত
"মাস্টার মশাইয়ের কাছে, উনি খুব ভালো হারমোনিয়াম বাজান",মাস্টরত্তুন ইবে বঅত ভালা গরি হারমোনিয়াম বাজায়
লোকজ সংস্কৃতি বাঁচিয়ে রাখার চেষ্টা করেন,লোকজ সংস্কৃতি বাচায় রাখিবেল্লায় চেষ্টা গরন
"মিরপুর রোডে, হাঁটার জন্য ভালো হবে","মিরপুর রোডুত, আঁডিবেল্লায় ভালো অইবু"
দোকানের সামনে,দোআনর সাম্মে
আমের আচার পছন্দ,আমর আচার গম লাগে দে
পাক-পবিত্র আছেন?,পাক -পবিত্র আছন না ?
কেমন লাগল খাবার?,কেন লাইগ্গি হানা?
ডাইজেস্টিভ বিস্কুট খাই,ডাইজেস্টিভ বিস্কুট হায় দি
পশ্চিম দিকের ছাদ থেকে,পচিম দি ছাদত্তুন
"হ্যাঁ, ঘন ঘন খাই","অয়অ,ঘন ঘন হায় তো"
লেকের পাশে একটা বেঞ্চ আছে। সেখানে,লেকর ডাগত এক্ষান বেঞ্চ আছে। এনডে
ছুটির দিনে কি করেন?,বন্ধর দিনুত কি গরন দে?
"হ্যাঁ, বাগানে দেখি","অয়অ,বাগানত চাইদি"
ভুনা মটন পছন্দ,ভুনা মটন গম লাগে দে
পুরনো শিক্ষকের সাথে,পুরন মাষ্টরর লয়
"ময়দা মেখে রেখে, গরম তেলে ভেজে","ময়দা মাখি রাহি,গরম তেলত ভাজি"
সাধারণ খোঁপা,সাধারন খোঁপা
"হ্যাঁ, ক্লাউডে রাখি","অয়অ,ক্লাউডে রাখি দি"
দোলনা চেয়ারে,ডুলইনুর চেয়ারুত
কি চাও?,কি চ দে ?
কিছু ডকুমেন্ট রেডি করতে হবে,কিছু ডকুমেন্ট রেডি গরন পরিবু
"হ্যাঁ, ওয়াইফাই আছে","অয়অ, ওয়াইফাই আছে"
কোন রকম বাগান করতে চান?,হন ডইল্লে বাগান গইত্তু মনে হয় দে?
খুব মিষ্টি হয়েছে।,বউত মিডে অইয়ি ।
মাথা ব্যথা করছে।,মাথা হরার ।
"হ্যাঁ, শীতকালে খাই","অয়অ,শীতকাইল্লে হাইদি"
কোন এরিয়ায় রুম খুঁজছস?,হন এরিয়ের রুম তোঅর দে?
আলু দিয়ে বানানো মজাদার লাগে,আলু দি বানানি পোয়াদ লাগে
দাবা খেলব চল।,দাবা খেল্লুম চল ।
পা মচকে গেছে।,পা মোচরায় গেইয়ি ।
আপনার কি হেয়ার ড্রায়ার আছে?,অনত্তে কি হেয়ার ড্রায়ার আছে না?
"হ্যাঁ, ইউজার ইনপুট","অয়অ,ইউজার ইনপুট"
কোথায় লেখাপড়া করেন?,লেহাপড়া হনডে গরন দে?
কোন রেস্তোরাঁয় বেশি ভিড় হয়?,হন ওটেলত বেশি জাম দে?
মসলা ভেলপুরি পছন্দ,মসল্লা ভেলপুরি গম লাগে দে
কোথায় ছুরি রাখেন?,ছুরি হনডে রাহন দে?
দইয়ের হাঁড়ি বানাচ্ছি।,দইয়ুর গরা বানাইর ।
আপনি কি নিয়মিত ডকুমেন্ট করেন?,অনে কি পইত্তেন ডকুমেন্ট গরন না?
কোথায় সিঁদুর রাখেন?,সিঁদুর হনডে রাহন দে?
"মামা, কলেজের সামনে দারুণ ভিড় হয়",মামু কলেজর সাম্মদি যে জাম অয়
ময়দা মোলায়েম হয়নি।,ময়দা মোলায়েম ন অয় ।
কোথায় ওপেন মাইক হবে?,মাইক হডে পাইবু দে?
বাড়ির কোন জায়গায় পাখি আসে?,ঘরর হন জাগাত পাখি আইয়ি দে?
ফুটবল ম্যাচ দেখতে কি হয়?,ফুটবল ম্যাচ চাইতু কি অয় দে?
কোন পুকুরে গোসল করেন?,হন পইরুত গোছল গরন দে?
নারকেল দিয়ে গরম গরম খাই,নাইরকুল দি গরম গরম হাইর
মোবাইল নাম্বারটা কি?,মোবাইল নম্বর ইবে কি?
তেঁতুল দিয়ে খাসির মাংসের ঝোল,তেঁতয় দি ছলর গোস্তর ঝোল
কোন ধরনের গান পছন্দ?,হন ধরনর গান গম লাগে দে ?
মাটির হাঁড়ি,মেডির গরা
বিকেলের সময় পছন্দ,বিকেল বেলার এত্তে গম লাগে দে
"শফিক চাচার দোকানে, মালাই চা সেরা","শফিক চাচার দোআনত, মালাই চা পোয়াদ"
"ভিডিও এডিটিং করি, ক্লায়েন্ট পাই রেগুলার","ভিডিও এডিটিং গরি, ক্লায়েন্ট পা যায় রেগুলার"
কোন ধরনের ঝোল পছন্দ?,ঝোল কিরহম গম লাগে দে?
দূরে ঢাক বাজছে।,দূরে ডাক বাজের ।
কার সাথে বেড়াতে যান?,হাল্লই বেড়ায়তু যন দে?
বনশ্রীতে নতুন নতুন দোকান হচ্ছে,বনশ্রীত নোয়া নোয়া দোআন অর
জানালার পাশে,জানালার ডাগদি
পুকুরপাড়ে মাছওয়ালা বসে।,পইর পাড়ত মাছঅলা বইয়ি ।
হাটবাজারে বসে জীবিকা চালান,হাটখোলাত বইয়েরে জীবন/সংসার চলন
"হ্যাঁ, রেসিপি দেখে রান্না করি","অয়অ,রেসিপি চাইয়েরে রাধি দি"
সকালে কোথায় জগিং করস?,বেয়িন্নে হনডে জগিং গরছ দে?
মুড়ি ভাজা হবে?,মুড়ি ভাইজ্জে অয়বু না ?
দুধে ভিজিয়ে রাখব।,দুধত ভিজেয় রাইক্ষুম ।
কোন ধরনের বেলুন ফুলান?,হন ডইল্লে ফোতা ফুলন দে?
ক্ষুর ধার দিতে যাচ্ছি।,ক্ষুর ধার গরায়তাম যাইর ।
কিভাবে ঘর সাজান?,ঘর কেন গরি সাজন দে?
নারকেল নাড়ু বানানোর কৌশল শিখছি,নাইরকুলুর লাড্ডু বানাইবের টেকনিক শিখির
পোলাও আর মাংস।,পোল ভাত ইয়ের গোস্ত।।
মাঠের শেষে কি?,মাডর শেষদি কি?
গরম লাগলে কি করেন?,গরম লাগিলি কি গরন ?
এই বইটা কার লেখা?,বই ইবে হার লেহা?
নতুন নাবি ধান আর খই,নোয়া নাবি ধান ইয়ের হৈ
মায়ের কাছে শেখা খিচুড়ি বানাতে পারি,মাত্তুন শিখে খিচুরি বানাইত পারি
পেঁয়াজ কুচি করা হয়েছে?,পিয়েজ কুচি গরা অইয়ি ?
"হ্যাঁ, সিলেটে","অয়অ, সিলেটত"
গরম পিঠা কিভাবে খান?,গরম গরম পিডে কেন গরি হন দে?
বাবার কাছে,বাপত্তুন
ছেলে কেমন পড়ে?,পুয়া কেন পড়ে ?
কিভাবে খাবার রান্না করেন?,কেন গরি হানাপানি রাধন দে?
কার সাথে ঘুরতে ভালোলাগে?,হার লয় ঘুইত্তু গম লাগে দে?
নারায়ণগঞ্জে জামদানি কিনতে যাবে?,নারায়ণগঞ্জত জামদানী কিনতে যাইবে না?
সন্ধ্যাবেলা হেঁটে বেড়াই,আজইন্নে আডি বেড়াইর
নতুন অফিসে কেমন লাগে?,নোয়া অফিসুত কেন লাগে?
শেষ হয়ে গেল।,শেষ অয় গেইয়ি ।
"গরম পিঠা আর দুধ চা, রোদে বসে খাই","গরম পিডে আর দুধ চা, রইদুত বইয়েরে হায়"
"হ্যাঁ, সকালে করি","অয়অ,বেয়িন্নে গরি দি"
"কি রে, তোর পডকাস্ট কবে থেকে?",কিরে তোর পড কাস্ট হত্তেত্তুন?
কোন ধরনের দম বিরিয়ানি পছন্দ?,হন ডইল্লে দম বিরেনী গম লাগে দে?
আপনি কি নিয়মিত কুল খান?,অনে কি পইত্তেন বড়ই হন না?
আপনি কি নিয়মিত ব্যাকলগ আপডেট করেন?,অনে কি পইত্তেন ব্যাকলগ আপডেট গরন না?
নারকেল কোরা হয়েছে?,নাইরকুল হুর অইয়ি?
সোনার গয়না,সোনার গয়না
কোথায় এক্সপোর্ট করবেন?,এক্সপোর্ট হনডে গরিবেন দে?
হাতের কাজের বাজারে কি হয়?,আথর হাজর বাজারত কি অয় দে?
বাঙালি ভাইবোনের সম্পর্ক কেমন?,বাআলর ভাইবইন অলর মব্বত কেন?
বাংলাদেশের গৃহশিক্ষকরা কি করেন?,বাংলাদেশর ঘরর মাষ্টর অলে কি গরে দে?
"হোমমেড স্ন্যাকস, অর্ডার থাকে সারাদিন","হোমমেড স্ন্যাকস, অর্ডার থাগে আরাদিন"
আপনি কি নিয়মিত দাঁত মাজেন?,অনে কি পইত্তেন দাঁত মাজন না?
কোন ধরনের সস পছন্দ?,কিরহম সস ভালা লাগে দে?
কি করছে নদীতে?,কি গরের দে নদীত ?
শান্ত পরিবেশ,নিজেপ পরিবেশ
কিভাবে ফুল তুলেন?,ফুল কেন গরি তুলন দে?
"মাঝে মাঝে করি, ভালো সেল হয়","মাঝে মদ্ধে গরি, ভালা সেল অয়"
বৃষ্টি পড়ার সময়,ঝড় পড়নর সমত
কোরবানি করবেন?,হোরবান গরিবেন না ?
সীম কাটা হয়েছে?,চই হাডা অইয়ি ?
সামনের দরজা,সাম্মদির দরজা
"শর্ট ভিডিও বানাই, ট্রেন্ডিং এ আসে মাঝে মাঝে","শর্ট ভিডিও বানাই, ট্রেন্ডিং এ আইয়ি মাঝে মইদ্ধি"
কিভাবে শরবত বানান?,কেন গরি শরবত বানন দে?
খোলা জানালার পাশে,মেলা জানালার ডাগত
সন্ধ্যাবেলা একটু হাঁটাহাঁটি করি,আজইন্নে ইক্ষিনি আডাআডি গরি
শাক-সবজি,শাক সবজি
এই শাড়িটার দাম কত?,শাড়ি ইয়েন অর দর হ টিয়া?
বাজারের কোন মাছ দামি?,বাজারত মাছ হন্ন মংগা বেশি?
কাচ্চি আর বিরিয়ানি ফেমাস,কাচ্চি ইয়ের বিরেনী
বাজারে আজ কি কি কিনবেন?,বাজারত্তুন আজিয়ে কি কি কিনিবেন?
দুধ টগবগ করছে?,দুধ ইজের না ?
দাদা-দাদির কাছে,দাদা-দাদীত্তুন
"হ্যাঁ, দেয়াল ঘেঁষে","অয়অ,দেবাল গাইয়েরে"
পুকুর কাটবেন?,পইর হাডিবেন না ?
স্টাপলার কোথায়?,স্টপলার হনডে ?
আপনি কি নিয়মিত স্ট্রেচিং করেন?,অনে কি পইত্তেন স্ট্রেচিং গরন না?
আজকের খাবারে কি আছে?,আজিয়ে হানাত কি আছে?
কলার খোসা।,কেলার ছোলা।
কোন ধরনের আবহাওয়া ভালো লাগে?,আবহাওয়ার অবস্থাকেন ওইলি ভালা লাগে দে?
শাপলা ফুটেছে।,শাপলা ফুইট্টি ।
ছাদে বসে,ছাদত বইয়েরে
স্টার কাবাব।,স্টার হাবাব ।
তোর বাসার পাশের দোকানে কি হয়?,তোর ঘরর ডাহর দোআনত কি অয় দে?
তোর এলাকার চায়ের টেস্ট কেমন?,তোর এলাহার চার স্বাদ কেন?
এত তাড়াহুড়া কিসের?,এতো তাড়াহুড়া কিয়ুর?
নতুন রেস্তোরাঁয় কি খাচ্ছো?,নতুন ওটেলত কি হন দে?
কোন দিকে বেড়া দিয়েছেন?,হন ডাগদি বেড়া দিয়ুন দে?
বাংলা নাটক কোথায় দেখেন?,বাংলা নাটক হনডে চন দে?
গ্রামের মধ্যে কি?,গেরামর মাঝদি কি ?
কোন ধরনের জুতা পরেন?,কিরহম জুতা পরন দে?
আমাদের সাংস্কৃতিক চেতনা কি?,আরার সাংস্কৃতিক চেতনা কেন ?
"মাতব্বর সাহেব, কি সিদ্ধান্ত হল?","মাতব্বর সাব,কি সিদ্ধেন্ত লইয়ুন ?"
"মামা, কবে আসছেন ঢাকায়?","মামা, হত্তে আইবেন ঢাহা?"
"মিনি মার্ট খুলছে, অনলাইন অর্ডারও নেয়","মিনি মার্ট খুল্লি, অনলাইনুত অর্ডারও লয়"
তোর স্টার্টআপের কি অবস্থা?,তোর স্টার্টআপর কি অবস্থা?
"হ্যাঁ, খাওয়ার আগে-পরে","অয়অ,হানার আগদি পরদি"
আপনার কি বাড়িতে মাছরাঙা আসে?,অনর ঘরত কি মাছহনি পাখি আইয়ি না?
সকালে কোথায় নাশতা করস?,বেয়িন্নে হনডে নাস্তা গরছ দে?
বন্ধুদের নিয়ে নতুন ছবি দেখতে যাই,বন্ধু অলরে লয়েরে নোয়া ছবি চাইর দি
গ্রামের বাড়িতে।,গেরামর বাড়িত ।
কার কাছে হারমোনিয়াম শিখছেন?,হাত্তুন হারমোনিয়াম বাজানি শিক্ষুন দে?
আপনি কি অনলাইন ক্লাস করেন?,অনেকি অনলাইনুত কেলাস গরন না?
বাঙালি ঐতিহ্য কি বলে?,বাআলর ঐতিহ্য কিয়ুরি হয় দে?
কোন ধরনের খাবার রান্না করেন?,হন ডইল্লে হানা রাধন দে?
"হ্যাঁ, রান্নাঘরে বসি","অয়অ,পাকঘরত বয়দি"
পাড়ার মসজিদে,পাড়ার মসদুত
তোর চ্যানেলে কি ভিডিও বানাস?,তোর চ্যানেলত কি ভিডিও বানছ না?
হালিম আর বেগুনি,হালিম ইয়ের বায়ুনি
শনিবার পিকনিকে যাবি?,শনিবারে পিকনিকুত যাবি নি?
"হ্যাঁ, বাগানে দেখি","অয়অ,বাগানত চাইদি"
আপনার কি ট্যাবলেট পিসি আছে?,অনত্তে কি ট্যাবলেট পিসি আছে না?
পুরনো দিনের গান।,পুরন দিনুর গান ।
চমৎকার হয়েছে।,সুন্দর অইয়ি ।
"হ্যাঁ, জামা টাঙ্গানোর জন্য","অয়অ,হোত্তা টাকিবেল্লায়"
বাবা কি করেন?,বাপে কি গরে?
আপনি কি নিয়মিত রিফ্রেশ করেন?,অনে কি পইত্তেন রিফ্রেশ গরন না?
খই ভাজা হয়েছে?,খৈ ভাজা অইয়ি না ?
দেশের লোকজ সাহিত্য কি শেখায়?,দেশর লোকজ সাহিত্য কি শিখেয় দে?
মাছ ভেসে উঠেছে।,মাছ ভাঈ উডের ।
"স্যার, অফিস থেকে আর্লি লিভ নিতে পারি?",স্যার অফিসুত্তুন কি আর্লি লিভ লইত পাইজ্জুম না?
"হ্যাঁ, মাসে একবার","অয়অ,মাসে একবার"
স্পোর্টস কমপ্লেক্সে,স্পোর্টস কমপ্লেক্সঅত
বিজয় সরণি কেমন লাগে?,বিজয় সারণি কেন লাগে?
দেশের পথশিল্পীরা কি করেন?,দেশর প্যাকেজ অলায় কি গরে দে?
ক্লিপ লাগবে?,ক্লিপ লাগিবু না ?
কি পড়াশোনা করছেন?,পড়ালেহা কি গইত্তে লাইগ্গুন ?
হালুয়া করবেন?,আলুয়া গরিবেন না ?
উপন্যাস পড়তে ভালোবাসি,উপন্যাস পইত্তু গম লাগে দে
বৃষ্টিতে কি করো?,ঝরত কি গরো?
ফল কেমন হয়েছে?,ফলফ্রুট কেন অইয়ি?
"হ্যাঁ, গাছ থেকে পেড়ে","অয়অ,গাছত্তুন পাড়ি"
কার সাথে রাত জাগেন?,হার লয় রাইত ফালায় দিয়ন দে?
কোন ধরনের বালিশ পছন্দ?,কি রহম বালুশ গম লাগে দে?
বালিশের পাশে।,বালিশুর ডাহত।
"খুকি রে, কোথায় চললি?","খুকি রে,হনডে যঅর দে?"
তোর পাড়ার নতুন কাফেটা কেমন?,তোর পাড়াত নোয়া ক্যাফে ইয়েন কেন?
মাছ কত হল?,মাছ হত অইয়ি ?
দাদুর কাছে।,দাদুত্তুন।
কোন সময় পাখি ডাকে?,পাখি হন সমত ডাহে দে?
আলমারিতে,আলমারিত
বাংলা কবিতা পড়ছি।,বাংলা কবিতা পড়ির ।
আপনার কি ওভেন আছে?,অনত্তে কি ওভেন আছে না?
খেজুর আছে?,হাজুর আছে না ?
"হ্যাঁ, মুগ ডাল।","অয়অ, মুগ ডাইল ।"
তোর এলাকার লাইব্রেরি কেমন?,তোর এলাহার লাইব্রেরি কেন?
"হ্যাঁ, চাটনি করে","অয়অ,চান্নি গরিয়েরে"
রিসার্চ গ্রান্ট পেলেন?,রিসার্চ গ্রান্ট পাইয়ুন?
কোন বই পড়ছো?,হন বই পইত্তে লাইগ্গু?
স্কুলের বান্ধবীরা একসাথে সিনেমা দেখি,স্কুলুর বান্ধবী অল এক্ষোয়ারে সিনেমা চাইর
কি করছে জামাই?,কি গইজ্জি দে জামাই ?
চালটা ধুয়ে নিয়েছেন?,চইল ইয়িন ধুয়ুন না ?
"হ্যাঁ, দৈনিক কাজের","অয়অ,পত্তিন হাজর"
কোন ধরনের গান শুনতে পছন্দ?,হন ডইল্লে গান ওইনতু গম লাগে দে?
ঘি দেওয়া বাকি।,কি দিয়ন বাকি আছে ।
পুরনো একটা ছবি।,পুরন ওগগো ছবি ।
হোমওয়ার্ক কখন করো?,হোমওয়ার্ক হত্তে গরো?
দেশের যুব সমাজ কি করে?,দেশর জোয়ান পুয়া অলে কি গরে দে?
"হ্যাঁ, সব কোম্পানির সিম আছে","অয়অ,বেগ কোম্পনির সিম আছে"
সবাই সুস্থ আছে।,বেজ্ঞুনে গম আছে ।
নতুন গান।,নোয়া গান ।
"বনানীতে কোয়াইট জায়গা পাবি, ইন্টারনেটও ফাস্ট","বনানীত কোয়াইট জাগা পাবি, ইন্টারনেটও ফাস্ট"
দিদির সাথে,বড় বইনুর লয়
খাওয়া হয়েছে?,হানা হা ওইয়ি না?
কোন ধরনের তরকারি রান্না করেন?,হন ডইল্লে চালন রাধন দে?
কি খাবে আজ রাতে?,কি হাইবে আজিয়ে রাতিয়ে?
দশটা পাতা আনুন।,দশশো পাতা আনন ।
কোথায় শামুক রাখেন?,অক হডে রাহন দে?
কেন এত খুশি?,এতো খুশি ক্যা?
পিতলের খোলা,পিতল হোলা
কেন অফিস যাও নি?,কিল্লে অফিসুত ন যস?
হাতিরঝিলের ওয়াকওয়েতে গেছিলাম,হাতিরঝিলুর ওয়াকওয়েত গেইলাম
ডাইনিং টেবিলে,ডাইনিং টেবিলুত
"রাতেও খোলা থাকে, জরুরি কাজে লাগে","রাতিয়েও খোলা থাগে, জরুরি হামে লাগে"
কিভাবে সবজি কাটেন?,তরহারি কেন গরি হাডন দে?
"হ্যাঁ, ওয়্যারলেস ডোরবেল","অয়অ,ওয়্যারলেস ডোরব্যান"
পাবনার সিরাজগঞ্জ ঘাট দেখবে?,পাবনার সিরাজগঞ্জ ঘাট চাইবে?
পাঁচটা বাকি।,পাঁচখান বাইক্ষে।
"হ্যাঁ, টবে আছে","অয়অ,টবত আছে দে"
বাগানে কারা কাজ করে?,বাগানত হাম গরে হারা?
"ফকির ভাই, কি মানত করলে?","ফইর ভাই,কি নেকিন গইজ্জু দে?"
কোথায় সাবস্ক্রাইব করবেন?,সাবস্ক্রাইব হডে গরিবেন দে?
প্রতি অঞ্চলের নিজস্ব শৈলী আর রূপ,পইত্তেক অঞ্চলের নিজস্ব শৈলী আর রূপ
"হ্যাঁ, ভালো বীজ পেয়েছি।","অয়অ,ভালা বীজ পাই ।"
মাছ ধরার নৌকায় কি করেন?,মাছ ধরিবের নৌকত কি অয় দে?
ফুড ব্লগিং কিভাবে করেন?,ফুড ব্লগিং কেন গরি গরন দে?
নিজের পুকুরে,নিজুর পইরুত
"হ্যাঁ, দুইটা আছে","অয়অ,দুঅ আছে"
ছানা পাকানো হয়েছে?,ছানা দলা বানা অইয়ি না ?
কি করছেন এখন?,কি গইত্তে লাইগ্গু এহন?
কিভাবে ঘুম থেকে ওঠেন?,ঘুমুত্তুন কেন গরি উডন দে?
বাংলাদেশের ম্যাচ কখন?,বাংলাদেশর ম্যাচ হত্তে?
"ক্যামেরার লেন্স কিনতে হবে, শুটিং এর জন্য","ক্যামেরার লেন্স কিনম পরিবু , শুটিং ওর লায়"
পাঁচ টাকার দিন।,পাঁচ টিয়ার দিয়ন।
সবাই একে অপরের সুখ-দুঃখের ভাগীদার,বেজ্ঞুনে বেজ্ঞুনুর সুখ -দুঃখ ভাগ গরি লয়
কোরআন তেলাওয়াত হবে?,কোরান তেলাওয়াত অয়বু না ?
দেশের বিভিন্ন জায়গার ভ্রমণ কাহিনী আর খাবারের রিভিউ,দেশর বিভিন্ন জাগাত ঘুরিবের কাহিনী আর হানার রিভিউ
বরিশালের পান কেমন?,বরিশাইল্লে পান হার লায়?
প্রায় দশ কিলোমিটার।,হমছে হম দশ কিলোমিটার।
বাড়ির কোন জায়গায় শান্তি পান?,ঘরর হন জাগাত শান্তি লাগে দে?
"হ্যাঁ, দুধের সাথে","অয়অ,দুধুর লয়"
গ্রামের মাথায় কি?,গেরামর মাথাত কি ?
কল্যাণপুরের নতুন মার্কেটে যাবি?,কল্যাণপুরর নতুন মার্কেডত যাবি নি?
বোন কি পড়ে?,বইন কি পড়ে ?
"রাকিব, তোর ল্যাপটপটা ধার দিবি?",রাকিব তুর লেপটপ গো ধার দিবি নি?
"দুলাভাই, কি খবর আনলেন?","দুলাভাই,কি হবর আনিলেন ?"
নাপাক হয়েছে?,নাপাক অইয়ি না ?
"হ্যাঁ, নামাজের পর","অয়অ,নামাজর পর"
পুরান ঢাকার গলিতে মজার খাবার পাই,পুরন ঢাহার গলিত পোয়াদর হানা পা যায়
মাছের বাজারে,মাছর বাজারত
মধুর মতো।,মধুর নানি ।
কোন ধরনের সঙ্গীত শুনতে ভালো লাগে?,কি রহম গান ওইনতু ভালা লাগে দে?
সুতো লাগবে?,সুত লাগিবু না ?
সন্ধ্যায় টাঙ্গিয়ে দেব।,আজন্নে টাকি দিয়ুম ।
দরজার পেছনে,দরজার পিছুদি
আপনার কি নানার বাড়ি আছে?,অনত্তে কি নানার বাড়ি আছে না?
খাবারের দোকানে কি খাও?,হানার দোআনত কি হন দে?
"হ্যাঁ, নিউজ পড়ি","অয়অ,হবর পড়িদ্দি"
কোথায় বেণী বাঁধেন?,বেণী হনডে বাঁধন দে?
দিনাজপুরের পিঠা খেতে অনেক দূর যাই,দিনাজপুরুর পিডে হাইতু বউত দুরি যায়
খেলার স্কোর কত?,খেলার স্কোর হতো?
মিরপুর স্টেডিয়ামে ম্যাচ দেখবি?,মিরপুর স্টেডিয়ামত ম্যাচ চাবি নি?
নববর্ষে কি করেন?,নতুন বছরত কি গরন দে?
"ঐতিহাসিক স্থাপনা দেখি, খাবার খাই","ঐতিহাসিক স্থাপনা চাইর, হানা হাইর"
নাট্যমঞ্চে,নাট্যমঞ্চে
বাড়ির কোন জায়গায় বেশি শব্দ?,ঘরর হন জাগাত বেশি আওয়াজ দে?
দেশের আবহমান ঐতিহ্য কেমন?,এতদিন ধরি ওই আইসসি দেশত নিয়ম ইয়িন কেন?
কোন পার্কে বেড়াতে যান?,হন পার্কত বেড়াইতু যন দে?
কোন ধরনের কাশ্মিরি পুলাও পছন্দ?,হন ডইল্লে কাশ্মিরি পোলাও গম লাগে দে?
পাড়ার চায়ের দোকানে,পাড়ার চাআর দোআনত
নতুন কি শিখতে চান?,নোয়া কি লেখতু চন দে?
গাছের নিচে কি?,গাছর নিচুদি কি ?
পাড়ার বন্ধুদের সাথে,পাড়ার বন্ধু অলর লয়
কোন ধরনের কফি পছন্দ?,কিরহম কফি ভালা লাগে দে?
কোথায় আপলোড করবেন?,আপলোড হডে গরিবেন দে?
"উত্তরায় থাকে, রাতে থেকে আসি","উত্তরাত থাগে, রাতিয়ে থাগি আইয়ি"
কোথায় কনসাল্ট করবেন?,কনসার্ট হডে গরিবেন দে?
কোন ধরনের ঝাড়ু ব্যবহার করেন?,হন ডইল্লে ফুরইন ব্যাবার গরন দে?
ট্রেনের টিকেট পেয়েছো?,ট্রেনর টিগেট পাইয়ু না?
মোবাইল ব্যাংকিং দিয়ে করি,মোবাইল ব্যাংকিং দি গরি দি
কি গিফট দিলে ভালো হবে?,কি গিফট দিলি ভালা অয়?
"নতুন মালিক এসেছে, টেস্ট আরো ভালো","নোয়া মালিক আইসসি, টেস্ট আরো ভালা"
ছুটির দিনে কি করো?,ছুটির দিনুত কি গরো?
"ধোপা ভাই, কি কাচছো?","ধোপা ভাই,কি ধুইতে লাইগ্গুন দে?"
দাদীর বাক্সে,দাদীর বাক্সত
কিভাবে গান শেখেন?,গান কেন গরি শিখন দে?
"হ্যাঁ, পেকে গেছে।","অয়অ,পাগি গেইয়ি ।"
বাংলাদেশের গ্রামীণ খেলা কি কি?,বাংলাদেশর গেরামর খেলা কি কি?
"হ্যাঁ, রাতে দেখি","অয়অ,রাতিয়ে চায়দি"
আপনি কি নিয়মিত নাইট গার্ড পরেন?,অনেকি নাইট গার্ড পরন না?
ডগা তুলে রেখেছি।,ডগা তুলি রাইক্ষি।
"হ্যাঁ, প্রতিদিন সকালে করি","অয়অ, পইত্তেন বেয়িন্নে গরি দি"
কোথায় টাকা রাখেন?,টিয়া হনডে রাহন দে?
ভর্তা খাবেন?,ভর্তা হাইবেন ?
কোন দিকে সূর্য ডোবে?,সূর্য হন দি ডুবে দে?
বাঁশের চিংড়ি ধরছি।,বাঁশর ইছে মাছ ধয়জ্জি ।
সূর্য ওঠার সময় ক্যামেরা নিয়ে বের হই,সূজ্জু উডিবের সমত ক্যামেরা লইয়েরে বাইর অয়
কি করলেন?,কি গইজ্জুন?
গুড় মাখিয়ে মুঠো মুঠো করে,মিডে মাখিয়েরে মুঠো মুঠো গরি
জামদানি শাড়ি কোথায় কেনেন?,জামদানি শাড়ি হত্তুন কিনন দে?
আপনি কি নিয়মিত মূলা খান?,অনে কি পইত্তেন মুল হন না?
বাজারের কোন সবজি টাটকা?,বাজারত তরহারি হননান তাজা দে?
পুরান ঢাকার বিখ্যাত দোকানগুলোতে যাই,পুরন ডাহার নামগরা দোআনত যাই
"হ্যাঁ, রেগুলার করি","অয়অ,পইত্তেন গরি"
নতুন কোন জায়গায় ঘুরলি?,নোয়া হন হন জাগাত ঘুইজ্জুছ দে?
কার কাছে গল্প শোনেন?,হাত্তুন কিস্তে ওনন দে?
আপনি কি নিয়মিত কোড পুশ করেন?,অনে কি পইত্তেন কোড পুশ গরন না?
বাঁশের সাঁকো।,বাঁশর পুল।
কোথায় দুপুরের ঘুম হয়?,দুইজ্জে ঘুম হনডে যন দে?
তোর এলাকার চায়ের দোকানে কি হয়?,তোর এলাহার চার দোআনত কি অয় দে?
আপনি কি নিয়মিত নিউজ দেখেন?,অনেকি পইত্তেন নিউজ চন না?
"হ্যাঁ, ডাক্তারের পরামর্শে","অয়অ,ডাক্তরর হথায়"
তাজা ফলমূল,তাজা ফলফ্রুট
বাড়ির কোন অংশ সবচেয়ে প্রিয়?,ঘরর হন জাগা বেশি গম লাগে দে?
গত বছরের খাজনা।,গত বছরর হাজনা ।
ঢাকার পুরনো স্থাপত্য দেখলে মুগ্ধ হই,ঢাকার পুরন স্থাপত্য দেখিলি মনে ধরে
আপনার কি হ্যান্ড ওয়াচ আছে?,অনত্তে কি হ্যান্ড ওয়াচ আছে না?
মসজিদে কখন যেতে ভালোলাগে?,মসদুত হত্তে যাইতু গম লাগে দে?
কি গিফট পেলে?,কি গিফট পাইলে?
লোহার কাজে কৃষকের প্রয়োজন মেটান,লোআর হামত চাষার প্রয়োজন মিটের
কোন সময় বাজারে যান?,হন সমত বাজারত যন দে?
শাড়ি কোথায় শুকান?,শাড়ি হনডে পোঅন দে?
বাঁশের পিড়ি,বাঁশর পিড়ে
এই দোকানে চা ভালো?,দোআন ইয়েনঅর চা মজা?
খুন্তি কোথায় রাখলেন?,হন্দি হনডে রাখিলেন ?
"বেগুন পুড়িয়ে, কাঁচা মরিচ দিয়ে মাখি","বায়ুন পুড়িয়েরে,কেচা মরিচ দি মাখি"
"মৌলভি সাহেব, কি তালিম দিচ্ছেন?","মোলুই সাব,কি তালিম দিতে লাইগ্গুন দে ,?"
"হ্যাঁ, ঘণ্ট করে","অয়অ,গন্ড গরিয়েরে"
মাছ-ভাত-তরকারির সাথে মিষ্টির মিলন,মাছ-ভাত-তরহারির লয় মিষ্টির মিলন
"হ্যাঁ, প্রজেক্ট ম্যানেজারকে","অয়অ, প্রজেক্ট ম্যানেজাররে"
কোন মডেলের ফ্রিজ আছে?,হন মডেলর ফিরিজ আছে দে?
"হ্যাঁ, এক গ্লাস দেন।","অয়অ, এক গলস দিয়ন ।"
গৃহিণী।,গিরিছ/গৃহিণী ।
চা কেমন হয়েছে?,চাআ কেন অইয়ি?
পালং শাক পছন্দ,পালংশাক গম লাগে দে
আপনার কি শাওয়ার কার্টেন আছে?,অনত্তে কি শাওয়ার কার্টেন আছে না?
খড় কাটা হয়েছে?,খেড় হাইট্টে আছে ?
মোহাম্মদপুরে এখনো রেট কম,মোহাম্মদপুরুত এহনো রেট হম
জাম খাবেন?,জাম হাইবেন না ?
রঙ অনুযায়ী,রং অনুযায়
রান্নাঘরের পাশে,পাকঘরর ডাগদি
লাজুক ফার্মেসি থেকে,লাজুক ফার্মেসিত্তুন
তীর্থের পথে।,তীর্থর পুথ ।
যেখানে মন চায়।,যেনডে মন চায় ।
কিভাবে দই খান?,দই কেন গরি হন দে?
কাল বিকেলে ক্রিকেট খেলবি?,হালিয়ে বিয়েলে ক্রিগেট খেলিবি নি?
দাদুর ঘরে লুকিয়েছি।,দাদুর ঘরত লুইক্ষি দি ।
আপনি কি নিয়মিত পাটশাক খান?,অনে কি পইত্তেন নারিস শাক হন না?
সন্ধ্যায় স্কুলের সামনে লাইন লেগে যায়,আজইন্নে স্কুলুর সাম্মদি লাইন লাগি যায়
তোমার ফ্লাইট কনফার্ম?,তোয়ার ফ্লাইট কনফার্ম না?
নতুন বাজারে কি পাওয়া যায়?,নোয়া বাজারত কি পা যায় দে?
নতুন কি গাজেট কিনলি?,নোয়া কি গাজেট কিন্নছ দে?
ঘি মালপোয়া পছন্দ,ঘি মাল পোয়া গম লাগে দে
কোন গেম খেলছো?,হন গেইম খেলতে লাইগ্গু?
এখান থেকে কিভাবে যাবে?,এত্তুন ক্যানে যাইবে?
গান গাইছে।,গান গাআর ।
কার কাছে সেলাই শিখছেন?,সিলেই হাম হাত্তুন শিক্ষুন দে?
পিজা হাটে,পিজা আটত
"হ্যাঁ, গাছে বসে।","অয়অ,গাছত বইয়েরে ।"
রান্নাঘরের তাকে,পাকঘরর থাগত
"হ্যাঁ, রাতে খেলি","অয়অ,রাতিয়ে খেলি দি"
কার কাছে পরামর্শ চান?,হাত্তুন হথার পরামর্শ লন দে?
কোন ধরনের নান রুটি পছন্দ?,কিরহম নারুটি গম লাগে দে?
আপনি কি নিয়মিত ব্যাকআপ নেন?,অনেক কি পইত্তেন ব্যাকআপ লন না?
কিভাবে বাগান করা শিখলেন?,বাগান গরে দে কেন গরি শিক্ষুন দে?
বল উঠে এসেছে।,বল উডি আইসসি ।
ফুড প্যান্ডায় কি অর্ডার করেন?,ফুড পান্ডাত কি অর্ডার গরন দে?
ভ্রমণ কাহিনী পছন্দ,ভ্রমণ কাহিনী গম লাগে দে
কোথায় কাঠ রাখেন?,গাছ ইয়িন হনডে রাহ দে?
অনেক অনুশীলন করে শিখে নিয়েছি,বউত বার গরি শিখি লয় দি
সবজি আর মাছ,তরহারি ইয়ের মাছ
কার সাথে গল্প করতে ভালোলাগে?,হার লয় গল্প গইত্তু গম লাগে দে?
পুরনো বাংলা সাহিত্য পছন্দ,পুরন বাংলা সাহিত্যে গম লাগে দে
বর্ষায় কি খেতে ভালোলাগে?,বর্ষা হাইল্লে কি হাইতু গম লাগে দে?
বাথরুমে,বাথরুমুত
পাঙ্গাস মাছ,পাঙ্গাস মাছ
মেয়ে কি করে?,মাইপুয়া কি গরে ?
বাড়ির কোন জায়গায় খেলেন?,ঘরর হনদি খেলা খেলন দে?
দুধ দোহন।,দুধ দুর ।
ডিসকাউন্ট কত পারসেন্ট?,ডিসকাউন্ট হত পারসেন?
এত টক কেন?,এত হর কা?
নববর্ষে সবাই মিলে পান্তা ইলিশ খাই,নোয়া বছরত বেজ্ঞুনে পানিভাত ইলিশ হায়
বাসায় কেউ আছে?,বাসাত কেউ আছে না?
বাছুর কেমন আছে?,ডেহা কেন আছে ?
বৃষ্টির দিনে কি করো?,ঝড়র দিনুত কি গরন দে?
কোথায় ট্যুর করবেন?,ঘুরিবেল্লায় হডে যাইবেন দে?
কোথায় গ্রসারি কেনেন?,গ্রসারি হত্তুন কিনন দে?
ছুটির দিনে কি করেন?,বন্ধর দিনুত কি গরন দে?
পাহাড়ি নৌকায় চড়ে ভ্রমণ করি,পাআড়ি নৌকত চড়ি ঘুরি দি
ফুচকা খেতে আর গল্প করতে যাই,ফুচকা হাইতু আর গফ মাইত্তু যাই
আপনি কি নিয়মিত বাঁধাকপি খান?,অনে কি পইত্তেন পাতাহবি হন না?
বাংলাদেশের গণতন্ত্র কি দিয়েছে?,বাংলাদেশর গনতন্ত্র কি দিয়ি দে?
আচার কেমন হল?,আচার কেন অইয়ি?
কোন ধরনের পাটভাঙ্গা ব্যবহার করেন?,হন ডইল্লে পাডা ব্যবার গরন দে?
কার কাছে রান্নার রেসিপি শেখেন?,রান্না হাত্তুন শিখন দে?
কোন দিকে পুকুর আছে?,পইর হনদি আছে দে?
কোথায় ডাউনলোড করবেন?,ডাউনলোড হডে গরিবেন দে?
বিকেলে কি করো?,বিকেল বেলা কি গরন দে?
বাংলাদেশি গেমিং কমিউনিটিতে কি করেন?,বাংলাদেশর গেমিং কমিউনিটিত কি গরন দে?
নরম হয়নি এখনও।,নরম ন অয় এহনো।
ইংরেজি সাহিত্য।,ইংরেজি সাহিত্যে ।
কোন ধরনের আবহাওয়া পছন্দ?,হন ডইল্লে অবস্থা অইলি ভালা লাগে দে?
"হলুদ-মরিচ মাখিয়ে, মাঝারি আঁচে","হলুদ -মরিচ দি মআখিয়েরে,মাঝারি জ্বালত"
ডাঃ রহমান।,ডাঃ রহমান।।
"হ্যাঁ, ভোরবেলা","অয়অ,পোয়াইত্তে"
"হ্যাঁ, ফুলে ফুলে","অয়অ, ফুলে ফুলে"
কোন সময় ঘুম ভাঙে?,হন সমত ঘুম ভাঙ্গি যায় দে?
বাজারের কোন সময় ভিড় কম?,বাজারত হন সমত জাম হম থাগে দে?
শীতের সকালে কি?,শীতুর বেয়িন্নে কি?
নলেন গুড় আর গরম চিড়া,মিডে ইয়ের গরম চোড়
বাজারে মাছের দাম কেমন?,বাজারত মাছর দর কেন?
"হ্যাঁ, দেয়ালে থাকে","অয়অ,দেবালত থাগে দে"
কোন ধরনের দুপুর পছন্দ?,কি রহম দুইজ্জে ভালা লাগে দে?
দোল পূর্ণিমায় কি করেন?,পূর্ণিমেত মাইজ্জি কি গরন দে?
সামাজিক সচেতনতা বাড়ছে দিন দিন,সামাজিক সচেতনতা বাড়ান দিন দিন
পার্কের বেঞ্চে,পার্কর বেঞ্চত
"হ্যাঁ, বছরে দুইবার করি","অয়অ,বছরে দুইবার গরি দি"
আজকাল কি নিয়ে বিজি?,আজিয়ে কি লয় বিজি দে?
মামার বাড়ি থেকে আসছি।,মামার বাড়িত্তুন আইসসি দি ।
কোন রকম খাবার পছন্দ?,হন ডইল্লে হানা গম লাগে দে?
দুধ আর ভাত।,দুধ ইয়ের ভাত।
গ্রামের সবুজ আর মানুষের সহজ জীবন,গেরামর সবুজ ইয়ের মাইনষুর সহজ জীবন
কোথায় চুন রাখেন?,চুন হডে রাহন দে?
কোথায় বন্ধুদের সাথে মিট করেন?,বন্ধু অলর লয় হনডে দেহা গরন দে?
কোথায় মিটিং করবি?,মিটিং হডে গরিবি দি?
গরম লাগছে?,গরম লাগের ?
বাংলা একাডেমি বইমেলায় কবে যাচ্ছো?,বাংলা একাডেমি বইমেলাত হত্তে যাইবে?
হাটে যাবেন?,আটখোলাত রাখবেন?
গ্রামের চিকিৎসকরা কেমন?,গেরামর ডাক্তর অল কেন?
মাছের আড়তে কি দেখেন?,মাছর আড়তত কি চন দে?
বাড়ির সামনে,ঘরর সাম্মদি
শাড়ি-গামছা আর মাটির পুতুল সংগ্রহ করি,শাড়ি -গামছা ইয়ের মেডির পুতুল আছিল গরি
নতুন কি শখ হয়েছে?,নোয়া কি মনে হদ্দে?
বারান্দার চেয়ারে,বারান্দার চেয়ারুত
নারকেল লাড্ডু পছন্দ,নাইরকেলর লাড্ভু গম লাগে দে
কোন ধরনের সকাল পছন্দ?,কি রহম বেয়িন্নে গম লাগে দে?
কোথায় থাকেন?,হডে থাহোন?
লেবুর শরবত পছন্দ,হজির শরবত গম লাগে দে
সবুজ রং পছন্দ,হচ্ছ রং গম লাগে দে
ফজরের নামাজটা জামাতে পড়ি,ফজরর নামাছ ইয়েন জামাতে পড়ি দি
দোকান খুলবে কখন?,দোআন হত্তে খুলিবেন দে?
ডালিম কত?,ডালিম হত গরি ?
খাবার দেওয়ার সময়।,হানা দিবের সমত ।
বাড়ির কোন জায়গায় মশা বেশি?,ঘরর হন জাগাত মশা বেশি দে?
"হ্যাঁ, বাচ্চাকে ঘুরাতে","অয়অ,পুয়ারে ঘুরইতু"
আপনি কি নিয়মিত ব্র্যান্ডিং করেন?,অনে কি পইত্তেন ব্রান্ডিং গরন না?
আপনি কি নিয়মিত কম্পোজ করেন?,অনে কি পইত্তেন কম্পোজ গরন না?
কাল কখন ঘুম থেকে উঠলেন?,হালিয়ে ঘুমত্তুন হটা বাজে ওইট্টুন দে?
মগবাজারে একটা অসাধারণ কাবাব পাইছি,মগবাজারত এক্কান অসাধারণ কাবাব পাই
"হ্যাঁ, ভাজা করে","অয়অ, ভাজি গরিয়েরে"
কার সাথে মেলায় যান?,মেলাত হারে লয় যন দে?
রাত জেগে,ওরঘুম থাই
কি আনবে দাদু?,কি আনিবে দাদু ?
"হ্যাঁ, ট্রাভেল করার সময় নিই","অয়অ, ট্রাভেল গরিবের সমত লয় দি"
বইটা কোথায় রাখব?,বই ইবে হডে রাইক্ষুম দে ?
অনলাইন মার্কেটে কি কিনছো?,অনলাইন মার্কেটত্তুন কি কিনুন দে?
"পাকা কলা পেড়ে খাই, পাতা নিয়ে আসি পিঠা মুড়াতে","পাইক্ষে খেলা পাড়ি হাই,পাতা লয় আয় পিডে বেরাইতু"
কোথায় শপিং করতে যাস?,শপিং গইত্তু হনডে যচ দে?
আপনার কি হেয়ার ব্রাশ আছে?,অনত্তে কি হেয়ার ব্রাশ আছে না?
নকশি কাজ আর পুতির কাজ শিখছি,সিলেই হাম ইয়ের পুতির হাম শিখির
কোথায় যাবে নানী?,হনডে যাইবু দে নানী ?
"আপু, শপিংয়ে যাবেন আজ?","আপু, শপিং উত যাইবে না আজিয়ে?"
দু'টুকরো দিন।,দুই টুরঅ দিয়ন।
কোন ধরনের গ্রাম পছন্দ?,হন ডইল্লে গ্রাম/গেরাম ভালা লাগে দে?
জানাজা বাকি।,জানাজা বাকি আছে।
সকালের মাছ,বেয়িন্নের মাছ
মায়ের কাছে বিরিয়ানি রেসিপি নিতেছি,মাত্তুন বিরিয়ানি রেসিপি লইর
মাছের ঝোল।,মাছর ঝোল ।
রান্নাঘরের কোণে,পাকঘরর হোনত
"হ্যাঁ, ফজরের পর","অয়অ,ফজরর পর"
"কন্টেন্ট বানাও ভাই, এইটাই এখন ট্রেন্ডে","কনটেন্ট বানা ভাই,ইয়িন এহন ট্রেন্ড চলের"
কোন ধরনের খাটিয়া ব্যবহার করেন?,হন ডইল্লে হাইট্টে ব্যবার গরন দে?
সবাই মিলে করব।,বেজ্ঞুনে মিলিয়েরে গইজ্জুম ।
কোন দোকানে ভর্তা ভালো পাস?,হন দোআনত ভর্তা ভালা পা যায় দে?
ফাইলে আছে।,ফাইলুত আছে ।
এক চা-চামচ দিন।,এক চা চামিচ দিয়ন ।
নতুন প্রজন্মের ছবিতে দেশের গল্প দেখি,নোয় প্রজন্মর ছবিত দেশর গল্প চাইর
ফ্লাইট কনফার্ম হয়েছে?,ফ্লাইট কনফার্ম অইয়ি না?
"হ্যাঁ, একটু একটু পারি","অয়অ,এক্কানা এক্কনা পাড়ি তো"
আপনি কি নিয়মিত মনিটর করেন?,অনে কি পইত্তেন মনিটর গরন না?
"ঘরের সাধারণ রান্না, মায়ের হাতের স্বাদে","ঘরর সাধারন রান্না, মার আথর পোয়াদ"
পাড়ার ক্লাবে কি?,পাড়ার কেলাফত কি ?
বাংলা বইয়ের সংগ্রহ কেমন?,বাংলা বইর হতিন আছে?
চাষ করব মাঠে।,চাষ গইজ্জুম মাডত ।
কোথায় ঘুরতে যাবি?,ঘুইত্তু হনডে যাবি দি?
"হ্যাঁ, সপ্তাহে দুইটা পোস্ট লিখি","অয়অ,সপ্তায় দুইয়েন পোস্ট লেহি দি"
কোথায় যাবে নাতনি?,হনডে যাইবে দে নাতিন ?
নাগেশ্বর আর হরীতকী।,নাগেশ্বর ইয়ের হরীতকী।।
সোজা গিয়ে বাঁদিকে ঘুরুন।,সোজা যাইয়েরে বাম ডদি ঘুরন।
"হ্যাঁ, তরকারিতে","অয়অ,তরহারিত"
পুরান ঢাকায় কি খাও?,পুরন ঢাহাত কি হন দে?
জামদানি-টাঙ্গাইল মিক্স করে মডার্ন লুক,জামদানি-টাঙ্গাইল মিক্স গরি মডার্ন লুক
"হ্যাঁ, রান্নার সময় মাপি","অয়অ,রাধিবের সমত মাপি দি"
যশোরের নলেন গুড় কি করেন?,যশোরুর নলেন গুড়/ মিডে কি গরন দে?
ফরেন ইউনিভার্সিটিতে,ফরেন ইউনিভার্সিটিত
আহসান মঞ্জিল কেমন লাগে?,আহসান মঞ্জিল কেন লাগে?
কিভাবে ফুলের যত্ন নেন?,কেন গরি ফুলুর যত্তন গরন দে?
একে অপরের প্রতি দায়িত্ব আর ভালোবাসা,একজনত্তে আরেকজনর দায়িত্ব ইয়ের ভালোবাসা
কার কাছে বাজার টাকা চান?,বাজার গরিবেল্লাই হাত্তুন টিয়া তোয়ান দে?
বাংলাদেশের মাদ্রাসা শিক্ষার্থীরা কি করে?,বাংলাদেশর মাদ্রাসার পুয়া অলে কি গরে দে?
কোথায় কাপড় কেনেন?,হর হত্তুন কিনন দে?
কোন ধরনের বিছানার চাদর পছন্দ?,কিরহম বিছেনর বেসসিট ভালা লাগে দে?
হাসি-খুশির আলাপ,আসাআসির হথা
কত দূর যাবেন?,হতদূর দূরি রাখবেন?
ঝাল-মিষ্টি মিশানো স্বাদ ভালোলাগে,ঝাল মিডে মিয়েইয়েরে পোয়াদ ভালা লাগে
"দুপুর বেলায়, যখন রোদের তেজ বেশি","দুইজ্জে,যেত্তে রইদুর তেজ বেশি"
"মিরপুরে নতুন প্রজেক্ট অনেক হচ্ছে, দেখতে পারস","মিরপুরুত নোয়া প্রজেক্ট বউত অর,চাইত পারনস"
বাড়ির কোন জায়গায় আলো কম?,ঘরর হন জাগাত ফর হম?
"হ্যাঁ, রান্নাঘরে আছে","অয়অ,পাকঘরত আছে ত"
কোথায় কাপড় কেনেন?,হর হত্তুন কিনন দে?
শ্রীমঙ্গলে আছে,শ্রীমঙ্গলত আছে দে
কোন সময় বাজার করেন?,হন সমত বাজার গরন দে?
"হ্যাঁ, বেড়ায় জড়ানো","অয়অ,বেড়ায় বেড়ান্নে"
কোন দিকে যাবে বাছা?,হন দি যাইবেদে বাছা?
"হ্যাঁ, বিকেলে যাই","অয়অ,বিকেলবেলা যাইয়ুম দে"
"হ্যাঁ, ভাজি করে","অয়অ,ভাজি গরিয়েরে"
গ্রামের পাঠশালা কেমন?,গেরামর স্কুল ইয়িন কেন?
"হ্যাঁ, ভাজা পছন্দ","অয়অ, ভাইজ্জে গম লাগে দে"
ল্যাবরেটরিতে,ল্যাবরেটরিত
"হ্যাঁ, বাগানে দেখি","অয়অ,বাগানত চায়দি"
দুধ জ্বাল দেওয়া হয়েছে?,দুধ জ্বাল দিয়ু না?
নোট নিতে নিতে,নোট লতে লতে
বাউল গানে নতুন যন্ত্রের ব্যবহার হচ্ছে,বাউল গানে নোয়া যন্ত্রর ব্যবার অর
তোর এলাকার হকার কি বেচে?,তোর এলাহাত বেইজ্জে ওলে কি বেছে দে?
সকালে আমগাছের ডালে বসে থাকে,বেয়িন্নে আম গাছর টেইলুত বয় থাগে
দেশের ছোট দোকানদাররা কি করেন?,দেশর গুর দোআনদার অলে কি গরে দে?
বাজারে কি দর কম?,বাজার কি অস্তা না?
মাটির চুলায় কি রান্না করেন?,মেডির চুলত কি রাধন না?
আধা কেজি হবে।,আধা কেজি অইবু না ।
"বস, ক্লায়েন্ট মিটিং কখন?","বস, ক্লায়েন্ট মিটিং হত্তে?"
"হ্যাঁ, আজকেই কাটা","অয়,আজিয়েই হাইট্টি দি"
লাল পাড় সাদা শাড়ি পরে মেলায় যাই,লাল পাড় সাদা শাড়ি পরে মেলাত যাইর
"আইয়া, পানতা ভাত খামু?","আই ইয়া, পানি ভাত হাইয়ুম?"
আপনার কি কুকিং স্কেল আছে?,অনত্তে কি কুকিং স্কেল আছে না?
আপনি কি গান গাইতে পারেন?,অনে কি গান গাইত পারন না?
কোন ধরনের পোলাও পছন্দ?,হন ডইল্লে পোলাও মজা লাগে দে?
কেন ডাকছে?,কিল্লে ডাইকতে লাগ্গুন দে ?
যেদিকে সূর্য ওঠে।,যিনদি সূজ্জু উডে ।
কোন এরিয়ায় থাকো?,হন এরিয়েত থাহো?
মার হাতের রান্না খেয়ে একটু ঘুমাই,মার আথর রান্না হাইয়েরে এক্ষানা ঘুম যাইর
কোথায় ট্রেড করবেন?,ট্রেড হডে গরিবেন দে?
মোবাইলে দেশি গেম ডেভেলপারদের গেম খেলি,মোবাইলুত দেশি ডেভেলপার অলর লয় গেম খেলি দি
কেন ডাকছেন?,কিল্লে ডাইকতে লাগ্গুন দে?
রেজাল্ট কবে আসবে?,রেজাল্ট হত্তে আইবু?
অডিটোরিয়ামে,অডিটোরিয়ামে
যতদূর পারি হাঁটব।,যেদ্দুর পারি আইট্টুম ।
সকাল আটটায়,বেয়িন্নে আটটা বাজে
সামনের বাগানে নানা রঙের ফুল ফোটে,সাম্মদির বাগানত বউত ডইল্লে ফুল ফুডে
আপনি কি নিয়মিত ওল খান?,অনে কি পইত্তেন ওর হচু হন না?
দক্ষিণের জানালায়,দইনদির জানালাত
গ্রামে গিয়ে কি করো?,গেরামত যাইয়েরে কি গরন দে?
এত টাকা খরচ করস কোথায়?,এত টিয়া হরচ গরছ দে হডে?
পঁচাত্তর হাজার টাকা।,পাঁচত্তর আজার টিয়া ।
"হ্যাঁ, সকাল থেকে করছে","অয়অ, বেয়িন্নেত্তুন গরের দে"
কোথায় খেজুর রাখেন?,হাজুর হনডে রাহন দে?
মাদ্রাসায়।,মাদ্রাসাত ।
টাটকা ইলিশ,তাজা ইলিশ
"নানা জান, কি করতেন আগে?","নানা জান,কি গইত্তেন দে আগে ?"
"মেঘ করছে, নিয়ে নিলাম।","মেঘ গইজ্জি,লয় ফিলায় দি ।"
বাগানের যত্ন কে নেয়?,বাগানর যত্তন হনে গরে দে?
হাতার কাছে,আথর ডাহে
মেলায় কি কেনেন?,মেলাত্তুন কি কিনন দে?
আপনি কি নিয়মিত ফজর পড়েন?,অনে কি পইত্তেন ফজর শেষ গরন না?
ঘুড়ি উড়ছে আকাশে।,ঘুরি উরের আকাশত।
"হ্যাঁ, ক্লাউড ডাটা","অয়অ,ক্লাউট ডাটা"
কুরিয়ার অফিসে,কুরিয়ার অফিসুত
কোন নদীতে নৌকা চলে?,হন নদীত মাইজ্জি নৌক চলে দে?
কোন ধরনের ভেজিটেবল পছন্দ?,কিরহম ভেজিটেবল গম লাগে দে?
মিস্তিরির দোকানে।,মিস্তিরির দোআনত ।
আম পাড়ছি সবার জন্য।,আম পাড়ির দি বেজ্ঞুনুর লায়।
আপনি কি নিয়মিত খই খান?,অনে কি পইত্তেন হই হন না?
দেরি করে ঘুম থেকে উঠি আর টিভি দেখি,বেইল গরি ঘুমত্তুন ওডি আর টিভি চাইর
ভাজা কাজু পছন্দ,ভাইজ্জে/ ভাইঙ্গে হাজু গম লাগে দে
কোন ব্র্যান্ডের প্রোডাক্ট নিবেন?,হন ব্রেন্ডর পোডাক্ট লইবেন?
রমজানে কি রান্না করেন?,রোজাত মাইজ্জি কি রাধন দে?
ভিখারি বসে আছে।,ফইরে বয় লইয়ি ।
সাতক্ষীরার সুন্দরী কাঠের আসবাব দেখবে?,সাতক্ষীরার সুন্দরী কাডর আসবাব চাইবে?
মাছ কেমন উঠল?,মাছ কেন উইট্টি?
রান্নাঘরের তাকে,পাকঘরর থাগত
আকিকা হয়েছে?,আকিয়ে হত্তে?
কোথায় বাজনা বাজান?,ঢোল হডে পিড দে?
মোড়ে অনেক আছে।,মোড়ুত বউত আছে ।
কাঠের খড়ম,গাছর হরম
"হ্যাঁ, বিকেলে খেলি","অয়অ, বিকেলবেলা খেলি দি"
অপটিক্স সেন্টারে,অপটপিক্স সেন্টারত
কোন ধরনের কাশ্মিরি চাই পছন্দ?,কিরহম কাশ্মীরি চা গম লাগে দে?
"দাদু মাছ ধরার জাল বোনেন, আমি পাশে বসে দেখি","দাদু মাছ ধরিবের জাল বানার,আই ডাগদি বয় থাগি"
"হ্যাঁ, ট্রেনের টিকেট কাটি","অয়অ,ট্রেনর টিকিট হাডিরদি"
গান শেখে।,গানি শিখের ।
"হ্যাঁ, শাক-সবজিতে","অয়অ,শাক সবজিত"
কোথায় ডেমো দিবেন?,ডেমো হডে দিবেন দে?
ধান ভানা হয়েছে?,ধান ভাঙ্গা অইয়ি না ?
"হ্যাঁ, গরমে লাগে","অয়অ,গরমত লাগে"
আপনি কি নিয়মিত কাঁচকলা খান?,অনে কি পইত্তেন কেচা কেলা হন না?
আপনের বাসা কোন এলাকায়?,অনর বাসা হন এলাকাত?
ছোট ভাইয়ের সাথে,ছোট ভাইয়ুর লয়
কার সাথে গল্প করতে ভালোলাগে?,হার লয় গফ মাইত্তু গম লাগে দে?
আপনি কি নিয়মিত কমেন্ট করেন?,অনে কি পইত্তেন কমেন্ট গরন না?
সুন্নত জানেন?,সুন্নত জানন না ?
"হ্যাঁ, কিছু কিছু জানি","অয়অ, কিছু কিছু জানি তো"
আজকের তৈরি।,আজিয়ের তৈরি।
বইয়ের তাকে,বইয়ুর তাগত
মেঘের উপর দিয়ে সূর্যোদয় দেখি,মেঘর ওদ্দি সূর্যদয়/সূজ্জু উডনি চাইর
"ইন্টারনেটের টিউটোরিয়াল দেখে, নিজে নিজে প্র্যাকটিস করে","ইন্টারনেট টিউটরিয়াল চাইয়েরে,নিজি নিজি প্রাকটিস"
কোথায় যাবে বাপু?,হনডে যাইবে দে বাপু ?
ধানের শীষ দুলছে।,ধানর ছড়া দুলের ।
মোটা চিড়া পছন্দ,মোটা চোড় গম লাগে দে
কোন ধরনের তেল ব্যবহার করেন?,হন ডইল্লে তেল দিয় দে?
কোন ধরনের শখ আছে?,হন ডইল্লে ইচ্ছে আছে দে?
আপনি কি নিয়মিত ছাতু খান?,অনে কি পইত্তেন মুড়ির গুঁড়ি হন না?
গ্রুপ স্টাডি কবে করবো?,গ্রুপ স্টাডি হত্তে গইজ্জুম?
পুরান ঢাকার গলিতে খাবার খুঁজি,পুরন ঢাহার গলিত হানা থোয়াইর
পার্কে বেড়াতে গিয়ে,পার্কত বেড়াইতু যাইয়েরে
আজকে বিকেলে কি করছো?,আজিয়ে বিয়েলে কি গইজ্জু?
সব কুচি করে কেটেছি।,বেগ কুচি গরি হাইট্টি।
আপনার কি হ্যান্ড স্যানিটাইজার আছে?,অনত্তে কি হ্যান্ড স্যানিটাইজার আছে না?
কোথায় কনট্রিবিউট করবেন?,কন্ট্রিবিউট হনডে গরিবেন দে?
কোন এলাকায় বেড়াতে যান?,হন এলাহাত বেড়ায়তু যন দে?
আপনার কি বাড়িতে লতাপাতা আছে?,অনর ঘরত কি লতা ইয়ের পাতা আছে না?
বনের ধারে কি?,বনর ডাহত কি?
পথে জ্যাম পেয়েছিলাম।,পথত জাম পাইলাম ।
কোথায় আতর লাগান?,আতর হনডে লাগন দে?
"ফরেন ক্লায়েন্ট পাই, পেমেন্ট ভালো","ফরেন ক্লায়েন্ট পাই, পেমেন্ট ভালা দে"
তুলসী মঞ্চ।,তুলসী মঞ্চ ।
কিভাবে ঘর গোছান?,ঘর কেন গরি গুছন দে?
ভোরে শিশির মাখা ধানের শীষ দেখি,বেয়িন্নে শিশির মাইক্ষে শীষ চাইর
"হ্যাঁ, বিকেলে খাই","অয়অ,বিকেলবেলা হায় দি"
বাড়ির কোন দিকে গাছ বেশি?,ঘরর হনদি গাছর টাল দে?
পুরনোকে বিদায় দিয়ে নতুনকে বরণ,পুরন অরে বিদায় দিয়েরে নোয়া গরি বরণ গরন
পহেলা বৈশাখে কি করেন?,পইলে বৈশাকতদিন কি গরন দে?
কোন ধরনের চাটাই বিছান?,হন ডইল্লে দাইজ্জে বিছন দে?
সার্ভার ডাউন নাকি?,সার্ভার ডাউন নাকি?
চিনি মিশিয়ে মুড়ি দিয়ে খাই,চিনি মিয়েইয়েরে মুরি দি হাইদি
বাড়ির কোন দিকে হাওয়া আসে?,ঘরর হনদি বাতাস আছে দে?
জানালার পাশে বসে আলোয় পড়াশোনা করি,জানালার ডাগত বইয়েরে ফঅর পড়ালেহা গরিদ্দি
আপনার কি ফাইল ক্যাবিনেট আছে?,অনত্তে কি ফাইল ক্যাবিনেট আছে না?
মাখা ঝালমুড়ি পছন্দ,ঝলমুড়ি মাইক্ষে গম লাগে দে
"ইমাম সাহেব, কোন ওয়াজ হবে?","ইমাম সাব,হন ওয়াইজ অইবু দে?"
এটা কিভাবে যাব?,এনডে কেন গরি যাইয়ুম?
ইশার পর যাব।,এশার পর যাইয়ুম।
ছুটির দিনে কোথায় যাও?,বন্ধর দিনুত হনডে যন দে?
"হ্যাঁ, গান গায়","অয়অ,গান গায়"
কোথায় ক্রিকেট খেলতে যাস?,ক্রিকেট খেলা হাইতু হবে যচ দে?
"লাইব্রেরি রুমে, নীরব পরিবেশে","লাইব্রেরিরর রুমুত,নীজেপ পরিবেশত"
কোন ধরনের মিষ্টি দই পছন্দ?,মিষ্টি দই হন্ন গম লাগে দে অনত্তে?
কোন দিকে সূর্য দেখেন?,হন দি সূজ্জু চন দে?
দক্ষিণের রোদে,দইনদির রইদুত
তোমার কথা।,তোয়ার হথা ।
কোথায় কবিতা লেখেন?,কবিতা হনডে লেহন দে?
কোন চায়ের দোকানে আড্ডা হয়?,হন চার দোআনত গফ মারে দে?
কোন ধরনের খড়ম পরেন?,হন ডইল্লে হরম পরন দে?
ভুনা মাংস বেশি পছন্দ করি,ভুনা গোস্ত বেশি গম লাগে দে
কার কাছে পুরনো গল্প শোনেন?,হাত্তুন পোরন কিস্তে ওনন দে?
চোরের সন্ধান পেয়েছি।,চোরর হবর পাই ।
চিনি একটু বেশি পড়েছে।,চিনি এক্ষানা বেশি পইজ্জি ।
কোন ধরনের আলাপ পছন্দ?,কি রহম হতাবার্তা ভালা লাগে দে?
কোথায় বেণী বাঁধেন?,বেণী হনডে বাঁধন দে?
গরম গরম খাবার,গরম গরম হানা
"হ্যাঁ, আইপ্যাড আছে","অয়অ,আইপ্যাড আছে"
দুটো কলম।,দুঅ হলম ।
আয়নার সামনে,আনার সাম্মদি
বেণী করে,বেণী গরিয়েরে
কোন ধরনের পায়েস পছন্দ?,পায়েস কিরহম গম লাগে দে?
বাজার থেকে কি আনবেন?,বাজারত্তুন কি নিবেন?
দেশি মুরগির মাংস আর কাঁচকলার খিচুড়ি,দেশি খুরর দোস্ত ইয়ের কেচাঁকেলার খিচুড়ি
কিভাবে সবজি রান্না করেন?,তরহারি কেন গরি রাধন দে?
কোন মার্কেটে কাপড় কেনেন?,হন মার্কেটত্তুন হর ( কাপড়) কিনন দে?
কোন দিকে যাচ্ছেন?,হন দি যাইতে লাগ্গুন ?
"হ্যাঁ, ঘুম থেকে উঠে","অয়অ,ঘুমত্তুন ওডি"
কি খবর বাসায়?,বাসার হবর কি?
"দেখো দেখো, কি উড়ছে ওটা?","চঅ চঅ,কি উরের ইয়েন ?"
আপনি কি নিয়মিত কাঁঠাল খান?,অনে কি পইত্তেন হাট্টল হন না?
কোন দিকে বেড়া দিয়েছেন?,বেড়া হনদি দিয়ুন দে?
আপনি কি নিয়মিত আর্কাইভ করেন?,অনে কি পইত্তেন আর্কাইভ গরন না?
কোথায় বসে গান শোনেন?,হনডে বইয়েরে গান ওনন দে?
কোন সময় রান্না করেন?,হন সমত রাইনতু যন দে?
ত্রিশ টাকা কেজি।,তিরিশ টিয়া কেজি ।
"হ্যাঁ, ভাজি করে","অয়অ,ভাজি গরিয়েরে"
নানী কি করছেন?,নানী কি গইত্তে লাইগ্গুন ?
কি বুঝলে?,কি বুইজ্জুন দে?
তাবিজ পরেছেন?,তাবিজ পইজ্জুন না ?
পেঁয়াজ-মরিচ দিয়ে ঝাল করে খাই,পিয়েজ-মরিচ দিয়েরে ঝাল গরি হায় দি
ভাত বেশি হবে না তো?,ভাত বেশি অইবু না চ ত?
রোমান্টিক নাটক দেখি,রোমান্টিক নাটক চাই দি
মাসআলা জানেন?,মাসাআলা জানন না ?
"হ্যাঁ, রান্নার জন্য","অয়অ,রাধিবেল্লায়"
সুখে-দুঃখে পাশে দাঁড়ায় ভাই-ভাইয়ের মতো,সুক্ষে-দুক্ষে ডাগত থাগে ভাইয়ুর মতন
কিভাবে বাগানের মাটি তৈরি করেন?,বাগানর মেডি কেন গরি তৈয়ের গরন দে?
কিভাবে ভাত রান্না করেন?,ভাত কেন গরি রাধন দে?
কোথায় তালা লাগান?,তারা হনডে লাগন দে?
আপনি কি নিয়মিত কাঁকরোল খান?,অনে পইত্তেন হা হরলা হন না?
লাইনে কতক্ষণ দাঁড়াতে হবে?,লাইনুত হতক্কন থিয়ন পরিবু?
আপনি কি নিয়মিত মিষ্টি কুমড়া খান?,অনে কি পইত্তেন মিডে হদু হন না?
সামান্য টাকায় গরিব মানুষের সেবা করেন,হম টিয়া দি গরিব মাইনুষেরে সেবা গরের
আপনি কি নিয়মিত হাঁটতে যান?,অনে কি পইত্তেন আডিবেল্লাই যন না?
ভাজা ছোলা পছন্দ,ভাইজ্জে চেনাবুট গম লাগে দে
কিভাবে ডাল রান্না করেন?,ডাইল কেন গরি রাধন দে?
কাল সকালে।,হালিয়ে বেয়িন্নে ।
নতুন পান গাছ লাগানোর তোড়জোড়,নোয়া পান গাছ লাগাইবের তোড়জোড়
মুরগির ঝোল পছন্দ,খুর গোস্তর ঝোল গম লাগে দে
কোথায় আইসক্রিম খেতে যাস?,হনডে আসক্রিম হাইতি যচ দে?
ইনস্টাগ্রামে কি শেয়ার করেন?,ইনস্ট্রাগ্রামত কি গরন দে?
গরম লাগছিল।,গরম লাইগ্গিলু।
"হ্যাঁ, মাছ চাষ করি","অয়অ,মাছ চাষ গরি দি"
যাত্রাপালা থেকে পালাগান সব আছে,যাত্রাপালাত্তুন পালাগান বেগ আছে
কিভাবে ফল সংরক্ষণ করেন?,ফলফ্রুট কেন গরি রাহন দে?
হাল্কা সেন্ট পছন্দ করি,হাল্কা সেন গম লাগে দে
"হ্যাঁ, কাসিও ঘড়ি","অয়অ,ক্যাসিও ঘুরি"
বাউল গানের সুর,বাউল গানর সুর
ছাদে লংকা গাছ লাগিয়েছি,ছাদত মরিচ গাছ লাগায়
দোতলার ঘরে,দোতলার ঘরত
রায়েরবাজারে কার বাসায় যাবে?,রায়েরবাজার হার বাসাত যাইবে?
কোন খাবার বানাতে ওস্তাদ?,হন হানা বানাতে এববেরে হাবিল দে?
"হ্যাঁ, ছোট একটা গার্ডেন আছে","অয়অ,গুর এক্কান গার্ডেন আছে দে"
চেক করে আসি।,চেক গরি আই ।
"শপআপ ফাস্ট ডেলিভারি দেয়, দাম একটু বেশি","শপআপ ফাস্ট ডেলিভারি দের, দাম এক্ষানা বেশি"
বাসায় কি চাষ করেন?,ঘরত কি ক্ষেত গরন দে?
মুগ ডাল,মুগ ডাইল
"হ্যাঁ, গরমকালে","অয়অ,গরম হালে"
নতুন সিস্টেমে,নতুন সিস্টেমে
পহেলা বৈশাখে কি করো?,পইলা বৈশাকত কি গরন দে?
কোথায় চা খাবেন?,চা হডে হাইবেন দে?
রহমান চাচার।,রহমান চাচার ।
বেগুন কেমন?,বায়ুন কেন?
কোথায় ট্রেড লাইসেন্স করবেন?,ট্রেড লাইসেন্স হডে গরিবেন দে?
মানুষের সুখ-দুঃখের কথা কবিতায় বাঁধেন,মাইনষুর ভালা-হারাপ হথা কবিতাত লেহে
বাড়িতে কে কে রান্না করে?,ঘরত মাইজ্জি হনে হনে পাক/রাধেদে দে?
ছাদের বাগানটা আমার প্রিয় জায়গা,ছাদর বাগান ইয়েন মনর মত জাগা
কত ঘণ্টা ঘুমান?,হ ঘন্টা ঘুম যন ?
কোন এলাকায় ঘুরতে ভালো?,হন এলাহাত ঘুইত্তু গম লাগে দে?
বন্ধ করতে ভুলে গেছি।,বন্ধ গইত্তাম ভুলি গেয়।
বাজারের কোন দোকানি ভালো?,বাজারত দোআনদার হন্ন ভালাদে?
আগে নিভিয়ে দিন।,আগে নিপেয় দন ।
পুরনো ঢাকার রেসিপিতে নতুন স্বাদ যোগ করেছে,পুরন ঢাহার রেসিপিত নোয়া পোয়াদ যোগ গরের
বাংলাদেশের মা-বোনেরা কি করেন?,বাংলাদেশর মা বইন অল কি গরন দে?
অনলাইন পোর্টালে,অনলাইন পোর্টালে
পাড়ার মাঠে,পাড়ার মাডত
কোথায় বিল পে করবেন?,বিল হডে দিয়ন দে?
কি করছো?,কিত্তে লাইগগু ?
বাড়ির কোন অংশ বেশি পছন্দ?,ঘরর হন জাগা ইয়েন ভালা লাগে দে?
"পীর সাহেব, কি উপদেশ দেবেন?","পীর সাব, কি উপদেশ/পরার্মশ দিবেন ?"
কত ভাড়া নিবেন?,ভাড়া হত লইবে?
বাংলাদেশের নারী জাগরণ কেমন?,বাংলাদেশত নারী জাগরন কেন?
নিয়মিত পানি দিয়ে,পইত্তেন পানি দিয়েরে
মাথার পেছনে,মাথার পিছুদি
হোয়াইট সস পাস্তা,হোয়াইট সস পাস্তা
কোথায় ফুল লাগান?,ফুল হডে লাগন দে?
নতুন কোন গেম খেলছস?,নতুন হন গেম খেলছ দে?
নদীর পাড়ে,নদীর পাড়ত
সিস্টেম মেনে,সিস্টেম মানিয়েরে
ঘড়িটা চলছে?,ঘরি ইবের চলের না?
সিন্দুকে তুলে রেখেছি।,সিন্দুকুত তুলি রাইক্ষি ।
আজ বৃহস্পতিবার,আজিয়ে বিসুদবার
গ্রামের বাড়িতে কি করেন?,গ্রামর বাড়িত কি গরন দে?
কিভাবে ফুল গাছ লাগান?,ফুল গাছ কেন গরি লাগন দে?
কোথায় বিশ্রাম নেন?,জিরদে হনডে?
আগামীকাল মুভি দেখবি?,আগামী হালিয়ে মুভি চাবি নি?
কোন ট্রেন ধরবেন?,হন ট্রেন ধরিবেন ?
বাঙালি সামাজিক রীতি কি?,বাআল অলর সমাজের নিয়ম কি?
নীলক্ষেত থেকে।,নীলক্ষেত্তুন ।
বাগেরহাটের ষাট গম্বুজ কেমন?,বাগেরহাটর ষাট গম্বুজ কেন?
"আনিকা, স্টাডি গ্রুপে আসবি তো?","আনিকা, স্টাডি গ্রুপত আএবি তো?"
কোন ফল পছন্দ?,হন ফলফ্রুট গম লাগে দে ?
সকালে কি করো?,বেয়িন্নে কি গরন দে?
নম্বরটা কত?,নম্বর ইবে হত?
তোমার রিসার্চ কেমন চলছে?,তোয়ার রিচার্স ক্যান চলের?
খোঁপা করে,ঝুড বাঁধিয়েরে
উস্তাদ পড়াচ্ছেন।,উস্তাদে পড়ার ।
"হ্যাঁ, বাইক চালানোর জন্য","অয়অ, বাইক চালাইবেল্লায়"
আপনার কি ওয়াটার ফিল্টার আছে?,অনত্তে কি ওয়াটার ফিল্টার আছে না?
কিভাবে ফল সাজান?,ফলফ্রুট কেন গরি সাজান দে?
কোন রেস্তোরাঁয় খেতে ভালোলাগে?,হন ওটেলত হানা হাইতু গম লাগে দে?
আপনি কি নিয়মিত শরবত খান?,অনে কি পইত্তেন শরবত হন না?
শনিবার বিকেলে,শনিবার বিকেলবেলা
কোন ধরনের চাল খান?,কি রহম চইল হন দে?
কোন ধরনের ডিম পছন্দ?,ডিম কিরহম গম লাগে দে?
টেবিলে রাখা।,টেবিলুত রাইক্ষি ।
সব সাজিয়ে গুছিয়ে,বেজ্ঞিন সাজায় গুছায়
"হ্যাঁ, পুরানো একটা আছে","অয়অ,পুরন ওগগো আছে"
কোন ধরনের থালা ব্যবহার করেন?,হন ডইল্লে বাসন ব্যবার গরন দে?
পাটিসাপটা আর চিতই,পাটিসাপটা ইয়ের চিতল পিডে
কোন প্ল্যাটফর্মে বেশি অর্ডার আসে?,হন প্লাটফর্মত বেশি অর্ডার আইয়ি দে?
পুরনো আড্ডায় নতুন প্রজন্মের গল্প,পুরন গফত নোয়া প্রজন্মের গল্প
কিভাবে চুল বাঁধেন?,চুল কেন গরি বাঁধন দে?
ঢাকার পুরান ঢাকায় কি হয়?,ঢাহার পুরন ঢাহাত কি অয় দে?
আপনি তো চিনি খান না।,অনে ত চিনি ন হন ।
রোদে দড়িতে,রইদুত দড়িত মাইজ্জি
আপনি কি নিয়মিত মিষ্টি খান?,অনে কি পইত্তেন মিষ্টি হন না?
কোন ধরনের সময় পছন্দ?,কিরহম সম ভালা লাগে দে?
বিকেলে বন্ধুরা মিলে বিরিয়ানি খাই,বিকেলবেলা বন্ধু অলে মিলিয়েরে বিরেনী হায়
"হ্যাঁ, কলেজ জীবনের","অয়অ,কলেজ জীবনর"
কোন ধরনের ফটোগ্রাফি করেন?,কি রহম ফটোগ্রাফি গরন দে?
লম্বা করে কেটেছি।,লাম্বা গরি হাইট্টি ।
"না গো, মিথ্যা কথা।","ওননা,মিছে হথা ।"
রোজকার লাঞ্চ কোথায় করেন?,পইত্তেন দুইজ্জের ভাত হনডে হন দে?
কি করছে মাইয়া?,কি গরের দে মাইপুয়া ?
কোল্ড কফি পছন্দ,কোল্ড কফি গম লাগে দে
বউমাকে মেয়ের মতো স্নেহ করেন,পুতুর বউরে নিজুর জির মতন আদর গরন
"হ্যাঁ, রান্নার জন্য","অয়অ,রাধিবের লায়"
কোথায় রিভিউ করবেন?,রিভিউ হডে গরিবেন দে?
"পাড়ার মোড়ে, পুরনো বটগাছের নিচে","পাড়ার মোড়ত ,পুরন বটগাছর নিচি"
"হ্যাঁ, বিকেলবেলা","অয়অ,বিকেল বেলা"
কেন এত চিন্তা?,এতো চিন্তে ক্যা?
কিভাবে খাবার গরম করেন?,হানা কেন গরি গরম গরন দে?
নীলক্ষেতের বই মেলায় নিয়মিত যাই,নীলক্ষেতর বইমেলাত পইত্তেন যাই
নর্থ এন্ডে বন্ধুদের সাথে আড্ডা দেই,নর্থ এন্ডে বন্ধু অলর লয় গফ মারি দি
কাঠের খুন্তি,গাছর হন্দি/খুন্তি
মামাবাড়িতে,মামারবাড়িত
ছুটির দিন কি করেন?,বন্ধর দিনুত কি গরন ?
কি গিফট দিবেন?,কি গিফট দিবে?
তাজা সবজি,তাজা তরহারি
ঝড়-তুফান উপেক্ষা করে মাছ ধরতে যান,ঝড়-তুঅন ন চাইয়েরে মাছ দয়ত্তু যায় দে
এবার প্রায় দুশো হবে।,এবারাত হমছে হম দুইশো অইবু ।।
কোন সময় গান গাইতে ইচ্ছে করে?,হন সমত গান গাইত মনে হয় দে?
কোন ডাক্তার দেখাবেন?,হন ডাক্তর দেহায়বেন ?
লোকাল মার্কেটে এখন ব্র্যান্ডেড জিনিস পাওয়া যায়,লোকাল মার্কেটত এহন ব্র্যান্ডেড জিনিস পা যার
"ভালো কাজ করে, বেশি টাকাও নেয় না","ভালা হাম গরে, বেশি টিয়াও ন লয়"
সকাল সকাল গিয়ে কাস্তে নিয়ে সবার সাথে কাটি,বেয়িন্নে শরে হাচি লয়েরে বেজ্ঞুনের লয় হাডি দি
আপনি কি নিয়মিত ট্র্যাক করেন?,অনে কি পইত্তেন ট্র্যাক গরন না?
আপনার কি বাড়িতে শিমূল গাছ আছে?,অনর ঘরত কি শিমুল গাছ আছে না?
স্বাধীনতার লড়াই।,স্বাধীনতার লড়াই।।
আপনি কি নিয়মিত ফুটবল খেলেন?,অনেকি পইত্তেন ফুটবল খেলন না?
সকালের গুলো শেষ।,বেয়িন্নের গিন শেষ
কিভাবে বাগান করেন?,বাগান কেন গরি গরন দে?
সরল জীবন,সরল জীবন
বই পড়ে আর পুরনো বাংলা গান শুনে,বই পড়িয়েরে ইয়ের বাংলা গান ওনি
আপনার কি বাড়িতে রকমারি গাছ আছে?,অনর ঘরত কি বউত ডইল্লে গাছ আছে না?
চাঁপাইনবাবগঞ্জের আলতাদিঘি যাবে?,চাপাইনবয়াবগঞ্জর আলতা ডিত যাইবে না?
ভাই-বোন কত জন?,ভাই ভইন হত জন?
শীতে কোন পিঠা বানান?,শীতকাইল্লে হন পিডে বানন দে?
"হ্যাঁ, তারা দেখার জন্য","অয়অ,ইতারা চাইবেল্লায়"
আপনি কি নিয়মিত গল্প লেখেন?,অনে কি পইত্তেন গল্প লেহন না?
দেশের শিল্পকলার বৈচিত্র্য কেমন?,দেশর শিল্পকলার বিচিত্র কেন?
"পিসি মা, কেন এসেছো?","পিসি মা,কিল্লে আইসু দে?"
বড় ছুরিটা দিন।,ডঅর ছুরি ইয়েন দিয়ন ।
পূবের পাড়ায়।,পুগুদির পাড়াত ।
গরম রসগোল্লা খেতে খুব ভালোলাগে,গরম রসগোল্লা হাইতু গম লাগে
আপনার কি পুরনো কমিক আছে?,অনত্তে কি পুরন কমিক আছে না?
কি করছে কাকা?,কি গরেদ্দে কাকা ?
বাংলা হাতের লেখা কেমন?,বাংলা আথর লেহা কেন?
চালকুমড়া কাটছেন?,ফরানশি হাইট্টুন না ?
কোন ধরনের মালপোয়া পছন্দ?,কিরহম মালপোয়া মজা লাগে দে?
বন্ধুদের সাথে ভিডিও কল করি,বন্ধু অলর লয় ভিডিও কল গরির
"পূব দিকের জানালা দিয়ে, যখন সকাল হয়","পুক ডদির জানালা দিয়েরে,যেত্তে বেয়িন্নে অয়"
কোথায় অপেক্ষা করবেন?,হনডে অপেক্ষা গরিবেন ?
রাতের নীরবতায়,রাতিয়ের নিজেপত
"গেমিং চ্যানেলে ভিউয়ার বাড়ে, সুপারচ্যাটও আসে","গেমিং চ্যানেলত ভিউয়ার বাড়ে, সুপারচ্যাটও আইয়ি"
কলমি শাক তুলবেন?,হরমু শাক তুলিবেন না ?
বাড়ির কোন অংশ প্রিয়?,ঘরর হন জাগা ইয়েন বেশি গম লাগে দে?
কোন দিকে বেড়াতে যান?,বেড়াইতু হনদি যন দে?
আজ সোমবার।,আজিয়ে সোমবার ।
কোন জায়গায় শুট করলে ভিউ বেশি পাস?,হন জাগাত শুট গরিলি বেশি ভিউ অয় দে?
দুপুরের দিকে,দুইজ্জের ইক্ষে
কোন দিকে যাবে সন্ন্যাসী?,হন দি যাইবু দে সন্ন্যাসী ?
কোথায় সিম রিচার্জ করেন?,সিমোত টিয়া হত্তুন ডুক দে?
কোন ধরনের দৃশ্য আঁকেন?,হন ডইল্লে পরিবেশর ছবি আকঁন দে
আমাদের গ্রাম্য বিচার ব্যবস্থা কি?,আরার গেরামত বিচের ব্যবস্থা কেন?
মিষ্টি আর পান সুপারি।,মিষ্টি ইয়ের পান সুঅরি ।
তোমার জন্য দোয়া।,তোয়ার লায় দোয়া ।
"রাখাল ছেলেরা মাঠে বসে বাজায়, গরু চরায়","গরু চড়াইন্নে পুয়া অলে মাডত বইয়েরে বাজায়,গরু চড়ায়"
ব্যাটারি শেষ।,ব্যাটারি ফুরইয়ি ।
আপনি কি নিয়মিত আপডেট দেন?,অনে পইত্তেন আপডেট দন না?
ঠান্ডা লেবুর সরবত খুব প্রিয়,ঠান্ডা হজির শরবত বেশি গম লাগে আত্তে
বাসায় বাসায় গিয়ে ছাত্রদের পড়ান,ঘরত ঘরত মাইয়েরে পুয়া অলরে পড়ন
ডিজিটাল পেমেন্ট কিভাবে করেন?,ডিজিটেল পেমেন্ট কে গরি গরন দে?
আপনার কি বাড়িতে তিতির পাখি আসে?,অনর ঘরত কি তিতির পাখি আইয়ি না?
"হ্যাঁ, সকাল থেকে করছে","অয়অ, বেয়িন্নেত্তুন গরেদ্দে"
বাজারের কোন দোকানি সৎ?,বাজারত দোআনদার হন্ন ২ নাম্বারি নগরে(সৎ) দে?
খাতায় লিখে দিন।,হাতাত লেহি দিয়ন ।
আপনার কি বেবি স্টরলার আছে?,অনত্তে কি বেবি স্টরলার আছে না?
কোথায় গামছা রাখেন?,গামছা হডে রাহন দে?
কিভাবে চাল ধোন?,চইল কেন গরি দোন দে?
কার সাথে দেখা করতে যান?,হারলয় দেহা গইত্তু যন দে?
আপনি কি নিয়মিত টেস্ট করেন?,অনে কি পইত্তেন টেস গরন না?
আপনার কি ডোরবেল আছে?,অনত্তে কি ডোরভেল আছে?
রান্নার রেসিপি আর ট্রাভেল ভলগ,রান্নার রেসিপি ইয়ের ট্রাভেল ব্লগ
রহিমের চায়ের দোকানে,রহিম্মের চাআর দোআনত
আগামী পূর্ণিমায়।,সাম্মদির পূর্ণিমেত ।
কোন ধরনের চটপটি পছন্দ?,অনত্তে কিরহম চটপটি ভালা লাগে দে?
কেন এত হাসি?,এতো আসি ক্যা?
"রাতে ভালো ক্রাউড হয়, টেস্টও ভালো","রাতিয়ে ভালা ক্রাউড অয়, টেস্টও ভালা"
প্রতিটি গ্রামে শহীদ মিনার আর গল্প,পইত্তেক গেরামত শহীদ মিনার ইয়ের গল্প
"হ্যাঁ, বিকেলে যাই","অয়অ,বিকেলবেলা যায়নি"
মেইন সার্ভারে,মেইন সার্ভারে
আপনার কি বাড়িতে কামিনী গাছ আছে?,অনর ঘরত কি কামিনী গাছ আছে না?
কোন ধরনের গল্প বলেন?,কিরহম গফ মার দে?
"হ্যাঁ, সন্ধ্যায় করি","অয়অ, আজইন্নে গরি দি"
"খালতো ভাই, চাকরিটা কেমন লাগে?","হালতো ভাই, চরি ইয়েন কেন লার?"
লাল আলতা,লাল আলতা
"না, লাইন গেছে","না,লাইন আছে"
বন্ধুদের সাথে কোথায় যাও?,বন্ধু অলর লয় হনডে যন দে?
শুটকি দিয়ে ভর্তা বানিয়েছি,ওনি দি ভর্তা বানায়
কোন সময় বেড়াতে যান?,হন সমত বেড়াইতু যন দে?
"হ্যাঁ, ফুলের বাগানে","অয়অ,ফুলুর বাগানত"
চাটনি বানাবেন?,চান্নি বানাইবেন না ?
কোথায় গল্প লেখেন?,গল্প হনডে লেহন দে?
বোর্ড মিটিংয়ে,বোর্ড মিটিংয়ে
গামছা কোথায় ব্যবহার করেন?,গামছা হনডে ব্যবার গরন দে?
"হ্যাঁ, প্রতি রুমে আছে","অয়অ, পইত্তেক রুমুত আছে"
খাবারের ছবি কোথায় তোলেন?,হানার ছবি হনডে তোলন দে?
কোথায় রেফার করবেন?,রেফার হডে গরিবেন দে?
বাড়ির কোন জায়গায় চা খান?,ঘরর হন জাগাত চা হন দে?
পুঁইশাক কেমন হয়েছে?,পুঁই শাক কেন অইয়ি ?
"জোলা ভাই, কোন কাপড় বুনছো?","জোলা ভাই,হন হঅর বুইনতে লাইগ্গুন দে?"
কি গরম পড়েছে!,কি গরম পড়ের ?
মোড়ের চায়ের দোকানে,মোড়র চাআর দোআনত
কি করে সময় কাটে?,কি গরি সময় হাডে?
কি করছে সোনা?,কি গরের সোনা ?
"তিনবার পানি বদলে, ভালো করে পরিষ্কার করে","তিনবার পানি বদলায়,ভালা গরি সাফ গরি"
পুরান ঢাকার হালিম খেতে যাবে?,পুরান ঢাহার আলিম হাইতে যাইবে?
নদীর পানি কেমন?,নদীর পানি কেন?
চাঁদ দেখছি আকাশে।,চাঁন চাইদ্দি আকাশত ।
কোথায় যাবে নাপিত?,হন যাইবু দে নাইতে ?
পাবলিক লাইব্রেরিতে,পাবলিক লাইব্রেরীতে
আপনার কি বাড়িতে ভ্রমর আসে?,অনর ঘরত কি ভোরা আইয়ি না?
দুই কপি আছে।,দুই কপি আছে ।
নতুন এলাকায় কেমন লাগছে?,নোয়া এলাহাত কেন লাগের?
কোন ধরনের পাস্তা পছন্দ?,কিরহম পাস্তা গম লাগে দে?
কক্সবাজার যাব,হক্সবাজার যাইয়ুম দে
মোরগ লড়াই কোথায় দেখেন?,কুরর লড়াই হনডে চন দে?
পুরনো বন্ধুদের সাথে,পুরন বন্ধু অলর লয়
"সরষে বাটা দিয়ে, কাঁচা মরিচের ঝোলে","অরয় বাডা দি,কেচাঁ মরিচুর ঝোল"
সকালের শিশির থাকতে,বেয়িন্নে শিশির থাগে
ওর জন্য সুজি বানাবো,ইবের লায় সুজি রাইন্দুম দে
বাংলাদেশের তরুণ প্রজন্ম কি চায়?,বাংলাদেশর জোয়ান পোয়া অলে কি চায় দে?
"হ্যাঁ, স্প্যাম মেইল","অয়অ, স্প্যাম মেইলে"
আপনার কি ফ্লাওয়ার পট আছে?,অনত্তে কি ফ্লাওয়ার পট আছে না?
শীতের পিঠা উৎসবে কি করেন?,শীতকাইল্লে পিডে বানাইলি কি গরন দে?
কি করছে মালি?,কি গরের দে মালি ?
জায়নামাজে,জায়নামাজত
পূব দিকের ঘরে,পুক ডদির ঘরত
আপনার কি বাড়িতে পেঁপে গাছ আছে?,অনর ঘরত কি কুইয়ে গাছ আছে না?
গরম গরম কচুরি দিয়ে চা খাই,গরম গরম কচুরি দিয়েরে চা হাইর
"আপা, বিয়ের শপিং কবে করবেন?",আফা বিয়ের শপিং হত্তে গরিবেন?
"কাকা, আম পাকছে নাকি?","হাক্কু, আম পাইক্কি না?"
"হ্যাঁ, বিকেলে যাব।","অয়অ, বিকেলবেলা যাইয়ুম ।"
কোন সময় বইমেলায় যান?,বইমেলাত হন সমত যন দে?
আপনার কি বেবি ক্যারিয়ার আছে?,অনত্তে কি বেবি ক্যারিয়ার আছে না?
পিঠা আর নকশি কাঁথা,পিডে ইয়ের সিলেইয়ে কেথা
বাঙালি বউরা কি করেন?,বাআলর ঘরর বউ অল কি গরে দে?
বাংলা অডিওবুক কি শুনছো?,বাংলা অডিও বুক কি ওইনুন না?
"নীল আকাশে সাদা মেঘ ভাসে, শিউলি ফুল কুড়াই","নীল আকাশত সাদা মেঘ ভাঈ,শিউলি ফুল তোআই"
বাংলা ক্যালিগ্রাফি আর ফোক আর্ট ডিজিটালি আঁকি,বাংলা ক্যালিগ্রাফি ইয়ের ফোক আর্ট ডিজিটালি আঁকির
কিভাবে ঘর পরিষ্কার করেন?,ঘর কেন গরি সাফ গরন দে?
তোমার গাড়ি সারাই হয়েছে?,তোয়ার গাড়ি সাড়াই অইয়ি না?
"হ্যাঁ, দুইটা বার্নার আছে","অয়অ,দুঅ বার্নার আছে দে"
সোনারগাঁয়ের মসলিন কি করেন?,সোনারগাঁও মসলিন কি গরন দে?
সার্টিফিকেট কোথায়?,সার্টিফিকেটে হনডে ?
কার সাথে কথা বলতে ভালোলাগে?,হার লয় হথা হইতু গম লাগে দে?
আপনি কি নিয়মিত হাঁটতে যান?,অনে কি পইত্তেন আটিবেল্লায় যন না?
আজকে সন্ধ্যায় কোথায় যাবে?,আজিয়ে আজইন্নে হডে যাইবে?
দেশি আর্টিজান প্রোডাক্ট আর ক্র্যাফট,দেশি আর্টিজান প্রোডাক্ট ইয়ের ক্র্যাফট
কিভাবে ফুল যত্ন নেন?,কেন গরি ফুলুর যত্তন গরন দে?
চাটনি কেমন?,চান্নি কেন ?
মাছ আর মাংস,মাছ ইয়ের গোস্ত
হোটেল সোনারগাঁওয়ে,হোটেল সোনারগাঁওয়ে
বারান্দার চেয়ারে,বারান্দার চেয়ারুত
আড়তদারের কাছ থেকে,আড়তদারত্তুন
পাড়ার দোকানে,পাড়ার দোআনত
আপনি কি নিয়মিত রিলিজ করেন?,অনে কি পইত্তেন রিলিজ গরন না?
ব্র্যাক ব্যাংকে আছে,ব্র্যাক ব্যাংকত আছে দে
পশ্চিম দিকে,পচিম দি
কি নিয়ে ভাবছিস?,কি লই ভাবর?
মুড়ি মাখতে কি দেন?,মুড়ি মাখতে সমত কি দিয়ন দে?
"বসুন্ধরায়, সব কিছু কাছেই পাওয়া যায়","বসুন্ধরাত, বেগ কিছু হাছেই পা যায়"
"এই মাস থেকে শুরু করছি, স্টোরি টেলিং নিয়ে","এই মাসত্তুন শুরু গইজ্জি, স্টোরি টেলিং লয়েরে"
এবার ফলন ভালো।,এবারাত ক্ষেত ভালা অইয়ি ।
পনির টাটকা?,পনির এহনর না ?
"কি রে, লাইভ কমার্স কেমন যায়?",কি রে লাইভ কমার্স কেন গরি যায় দে?
আমার ছোট বোনের।,আর ছোট বইনুর ।
"কি রে, নতুন গাড়ি নিলি নাকি?",কিরে নোয়া গাড়ি কিন্নুছ পানলার?
ভাতে নুন হয়েছে?,ভাতত নুন অইয়ি?
নৌকা বাইচ আর আষাঢ়ে গানের আসর,নৌক বাইর আর আষাঢ়র গানর বইডুক
"কলাপাতায় খাই, গান গাই, গল্প করি সবাই মিলে","কেলাপাতাত হাই,গান গায়,গফ মারি বেজ্ঞুনে মিলিয়েরে"
দাদীর হাতে তৈরি গরম পিঠা আর পায়েস,দাদীর আথর তৈয়ের গইজ্জে গরম পিডে আর পায়েস
লেট করলেন কেন?,লেইট কিল্লে গইজ্জু?
"মাঝরাতে, যখন চারদিক নিঝুম","আদারাইতুত,যেত্তে চাইরি ডাহদি নিজেপ"
"হ্যাঁ, ভাজি করে","অয়অ,ভাজি গরিয়েরে"
কি পড়তে ভালোলাগে?,কি পইত্তু গম লাগে দে?
"হ্যাঁ, ভাজা যাবে।","অয়অ,ভাজা যাইবু ।"
সংসার সামলে হাতের কাজে আয় করেন,গিরিছ সামলাইয়েরে আথর হাম গরি টিয়া হামার
কার গাড়িতে যাবি?,হার গাড়িত যাবি?
স্পেশালিস্ট ডাক্তারের কাছে,স্পেশালিস্ট ডাক্তরত্তুন
"ভাই, জমির কাগজ ঠিক আছে?","ভাই, জবিনুর হাগজ ঠিগ আছে না?"
পানি ফুটছে?,পানি ফুডের না ?
তোর এলাকার ফুচকাওয়ালা কই গেল?,তোর এলাহার ফুচকাওলা ইবে হডে গেইয়ি দে?
বন্ধুর বাসায় খেলি,বন্ধুর ঘরত খেলি দি
আপনি কি অনলাইন টিকেট কাটেন?,অনেকি অনলাইনুত্তুন টিকিট হাডন না?
কোথায় চাষবাস করেন?,ক্ষেতখোলা হনডে গরন দে?
মুক্তিযুদ্ধের গল্প কার কাছে শোনো?,মুক্তিযুদ্ধর কাহিনী হাত্তে ওনন দে?
মসজিদে,মসদুত
ঝরঝরে পাটালি গুড় চিড়ার সাথে,ঝরঝরে পাটালি মিডে চুড়র লয়
আপনার কি হ্যাঙ্গার স্ট্যান্ড আছে?,অনত্তে কি হ্যাঙার স্ট্যান্ড আছে না?
বাঙালি চারুকলার বৈশিষ্ট্য কি?,বাঙালির আঁকাআঁকি/চারুকলা চিনিবু কেনে?
রাতে শোবার আগে একটু সময় দিই,রাতিয়ে ঘুম যাইবের আগদি এক্ষানা সম দি
সারাদিন খেটে পরিবার চালান,আরাদিন হাডিয়েরে পরিবার চালাই
আপনার কি স্টিম কুকার আছে?,অনত্তে কি স্টিম কুকার আছে না?
কোন দোকানে চা ভালো পাস?,হন দোআনত চা ভালা পছ দে?
আম আর পেয়ারা গাছে,আম ইয়ের গোআছি গাছত
আপনার কি বাড়িতে কেঁচো আছে?,অনর ঘরত কি কেচ্ছ আছে না?
ময়মনসিংহের দই পছন্দ,ময়মনসিংহর দই গম লাগে দে
কিভাবে ঘর ঠাণ্ডা রাখেন?,ঘুর কেন গরি ঠান্ডা রাহন দে?
খেয়েছেন?,হাইয়ুন না?
কোন সময় চা খান?,চা হন সমত হন দে?
লাইব্রেরি কখন খুলবে?,লাইব্রেরি হত্তে খুলিবু?
আপনি কি নিয়মিত দই খান?,অনে কি পইত্তেন দই হন না?
রবীন্দ্রনাথের গল্প পডকাস্ট হয়ে আসছে,রবীন্দ্রনাথের গল্প পডকাস্ট হয়ে আইয়ির
জলপাই আছে?,জলপই আছে না ?
খুব ভালো মানুষ।,বউত ভালা মানুষ ।
আইক্লাউড স্টোরেজে,আইক্লাউড সেটোরেজত
"মনি রে, কোন পুতুল চাও?","মনি রে,হন পুতুল চঅ ?"
খিচুড়ি রান্না হচ্ছে।,খিচুর রাধাঁ অইয়ি ।
কি ইস্যু হচ্ছে?,কি ইসু অর দে?
সুতির জায়নামাজ,সুতির জায়নামাজত
নতুন সিরিজটা দেখছ?,নতুন সিরিজ ইবে চাইয়ু না?
বন্ধুদের সাথে আড্ডা।,বন্ধু অলর লয় গফ মরন ।
কখন বের হবি বাসা থেকে?,হত্তে বাইর অবি বাসাত্তুন?
আমরা চারজন থাকি,আরা চাইরজন থাগি দি
"ক্যানভা প্রো নিছি, ডিজাইন ফাস্ট হয়","ক্যানভা প্রো লয়লাম, ডিজাইন ফাস্ট অয়"
প্যাকেট ভর্তি আছে।,পকেট ভরা আছে ।
তোর পাড়ার নতুন বাচ্চাগুলো কি করে?,তোর পাড়ার নোয়া গুর পুয়া ইয়িন কি গরে দে?
সকালের তোলা।,বেয়িন্নে তোলা ।
আপনার কি বাড়িতে ঝুড়ি আছে?,অনর ঘরত কি ঝুরি আছে না?
কার সাথে মিল বেশি?,হার লই বেশি পরে দে?
বাজারে কত সময় লাগে?,বাজারত হতন লাগে দে?
বাজারের কোন মাছ বেশি টাটকা?,বাজার মাছ হন্ন তাজা দে?
মিষ্টি দই সারা বছর আত্মীয়দের পাঠাই,মিডে দই আরা বছর আত্মীয় অলরে পাঠায়
"বাদাম আর কাজু, যা এখন আকাশছোঁয়া","বাদাম ইয়ের হাজু,যিয়িন এহন চিন্দের বাদ্দি"
কোন ধরনের কথা পছন্দ?,হন ডইল্লে হথা গম লাগে দে?
কোন পার্কে জগিং করস?,হন পার্কত জগিং গরছ দে?
আপনার কি চাচার বাড়ি আছে?,অনত্তে কি চাচার বাড়ি আছে না?
কিভাবে পান সাজেন?,পান কেন গরি সাজান দে?
ওয়াজ মাহফিল কবে?,ওয়াইজ মাহফিল হত্তে?
আপনার কি হ্যান্ড স্যানিটাইজার আছে?,অনত্তে কি হ্যান্ড স্যানিটাইজার আছে না?
কিভাবে মাছ ভাজেন?,মাছ কেন গরি ভাজন দে?
ছাদে টবে দেশি শাক-সবজি লাগাই,ছাদর টপত দেশি শাকসবজি তরহারির ক্ষেত গইজ্জি
"হ্যাঁ, মিষ্টি হয়েছে।","অয়অ,মিডে ওইয়ি ।"
রাত্রির নিরিবিলিতে,রাতিয়ের নিজেপত
কোন সাইজটা নিবেন?,হন সাইজ ইবে লইবেন?
পালং শাক কাটা হল?,পালংশাক হাডা অইয়ি না ?
কোন গরু দুধ দেয়?,হন গরু দুধ দে ?
শপিং মল,শপিং মলত
কোন ধরনের বিরিয়ানি পছন্দ?,হন ডইল্লে গম লাই দে অনত্তে?
নতুন জায়গায় ঘুরে ছবি তুলি,নোয়া জাগাত ঘুরি ছবি তুলির
তালের পিঠা হবে?,তালর পিডে অয়বু না ?
"হ্যাঁ, মাসে একবার যাই","অয়অ,মাসে একবার যায়নি"
বাজারের কোন মাছ নেন?,বাজারত্তুন হন মাছ লন দে?
কখন রিটার্ন করবেন?,হত্তে রিটার্ন গরিবে?
কোন ধরনের বিছানা পছন্দ?,বিছেন কি রহম অইলি গম লাগে দে?
ভোরের চায়ের দোকানে কি হয়?,পোয়াইত্তে চার দোআনত কি অয় দে?
সুপারি-জর্দা দিয়ে মিষ্টি পান খাই,সুঅরি-জর্দা দিয়েরে মিডে পান হাইর
কোন গাছে উঠবে?,হন গাছত উডিবেন দে?
আপনার কি রান্নাঘরে জানালা আছে?,অনর এডে পাকঘরত কি জানালা আছে না?
গ্রামের শেষে কি?,গেরামর শেষে কি ?
মাজারে মোম জ্বালাব।,মাজারত মোম জ্বালাইয়ুম ।
তেঁতুলের আচার পছন্দ,তেঁতর আচার গম লাগে দে
কি ইভেন্ট হচ্ছে আজকে?,কি ইভেন্ট অদ্দে আজিয়ে?
"হ্যাঁ, গাড়িতে শুনি","অয়অ,গাড়িত ওনির"
"হ্যাঁ, ভাজি করে","অয়অ, ভাজি গরিয়েরে"
কোথায় ফোন রিপেয়ার করাবেন?,ফোন হডে ঠিক গরে দে?
ফ্যানটা চালাবো?,পাংখা ইবে চালাইয়ুম না?
কোথায় কুপি রাখেন?,হুবি হডে রাহন দে?
পুরনো দিনের গল্প বলে মূল্যবোধ শেখান,পুরন আমলর হথা হয়েরে মূল্যবোধ শিখন না
পল্লীর দাওয়াতে ভাত-মাছ খাই,গেরামর দঅত ভাত-মাছ হায়
চট্টগ্রাম ব্রাঞ্চে,চট্টগ্রাম ব্রাঞ্চে
"স্ট্রিট আর্ট করছে কিছু ছেলে, দারুণ লাগে","স্ট্রিট আর্ট গরের পোয়া হদুন, সুন্দর লাগের"
নিউজ পড়ি আর লাইভ টিভি দেখি,নিউজ পড়ি ইয়ের লাইভ টিভি চাইর
এই রাস্তায় বাস পাওয়া যায়?,রাস্তা ইবেত বাস পা যায়না?
জানালার পাশে,জানলার ডাগদি
কোথায় ঝিনুক সাজান?,অউক হনডে সাজায় রাহন দে?
"হ্যাঁ, ইভ্যালি থেকে করি","অয়অ,ইভালিত্তুন গরি দি"
সকালে কি করেন?,বেয়িন্নে কি গরন দে?
"হ্যাঁ, ছোটবেলার বন্ধু","অয়অ,গুরথাকতের বন্ধু"
"হ্যাঁ, পুরনো ছবি আছে","অয়অ,পুরন ছবি আছে"
হাতিরঝিলে যাব,হারির ঝিলুত যাইয়ুম
বৃষ্টি দেখে,ঝড় চাইয়েরে
দেশের পূজা উৎসব কি শেখায়?,দেশর পূজর উৎসব কি শিখেই দে?
কোন ধরনের সিরিয়াল খান?,কিরহম সিরিয়েল হন দে?
"হ্যাঁ, পেছনের বাগানে","অয়অ,পিছুদির বাগানত"
আজকে কি বৃষ্টি হবে?,আজিয়ে মনয় ঝড় পরিবু ?
"ধান মেলে দেই, কাক-চিল আসে, রোদে শুকাই","ধান মেলি দি,হাউঅ চিল আইয়ি,রইদ পোঅই"
দেশি অনলাইন শপে কি কেনেন?,দেশি অনলাইন শপে কি কিনন দে?
কোন ধরনের আচার পছন্দ?,কিরহম আচার ভালা লাগে?
"পার্কের দিকে, যেখানে বড় বড় গাছের সারি","পার্কর ইক্ষে,যেনডে বড় বড় গাছর সারি"
যুব উদ্যোক্তারা কি করছে?,জোয়ান উদ্যোক্তা অলে কি গরেদ্দে?
"হ্যাঁ, নানা রকম ফুলগাছ","অয়অ,বউত ডইল্লে ফুল গাছ"
সুখে দুঃখে মিশিয়ে।,সুক্ষে-দুঃক্ষে মিয়েইয়েরে ।
সকালে দিয়ে আসব।,বেয়িন্ন দিয় আইসসুম
বাংলা হাতের লেখা কেমন?,বাংলা আথর লেহা কেন?
বাড়ির কোন দিকে বাতাস বেশি?,ঘরর হন দি বাতাস বেশি দে?
সকালে জামাল ভাইয়ের হোটেলে ভিড় লাগে,বেয়িন্নে জামাল ভাইয়ুর ওটেলত লাইন ধরে
তোর বাসায় কেউ আছে?,তুর বাসাত কেউ আছে না?
"হ্যাঁ, ইমেইল স্প্যাম","অয়অ, ইমেইল স্পাম"
আপনার কি বাড়িতে জোনাকি আসে?,অনর ঘরত কি জোনি পোক আইয়ি না?
বন্ধুদের সাথে হলে গিয়ে দেখি,বন্ধু অলর হলত যাই থাগি দি
তেজগাঁও লিংক রোডে আড্ডা হবে?,তেজগাঁও লিংক রোডত আড্ডা অয়বু না?
পোলাপান স্কুল থেকে আসছে?,পোয়া অক্কল স্কুলুতুন আইস্সি না?
কোন সময় রান্না করেন?,হন সমত রাধন দে?
বাঙালি পোশাক-আশাক কি বলে?,বাআল অলর পোশাক আশাক কি হয় দে?
ঘাটের পথে কি?,ঘাটর রাস্তাত কি ?
"হ্যাঁ, ব্যাকআপের জন্য",অয়অ ব্যাকাপর রায়
ইফতার কখন?,ইস্তের অত্ত হত্তে ?
তোর এলাকার ইফতার বাজার কেমন?,তোর এলাহার ইফতেরর দোআন কেন?
নৌকার মাঝিদের ভাটিয়ালি গান শুনি,নৌকর মাঝি অলর ভাটিয়ালি গান ওনির
আপনার বাসায় কি পালতু জানোয়ার আছে?,অনর ঘরত কি বেহুআইসসে জানোয়ার আছে না?
শিল্পীদের আঁকা ছবি দেখি মাঝে মাঝে,শিল্পী অলর আইক্ষে ছবি চায় মাঝে মধ্যে
কোথায় ছিলেন?,হনডে আছিলেন ?
পাটালি গুড় দিয়ে গরম গরম,পাডালি মিডে দিয়েরে গরম গরম
কার কাছে ব্লগিং শিখছেন?,ব্লগিং হাত্তুন শিক্ষুন দে?
"হ্যাঁ, বাগানে আছে","অয়অ,বাগানত আছে ত"
কিভাবে চা বানান?,চা কেন গরি বানন দে?
বেদানা শরবত পছন্দ,বেদানার শরবত গম লাগে দে
"হ্যাঁ, শিশুর রুমে","অয়অ,পুয়ার রুমুত"
"রাত দশটার পর, ভিউয়ার বেশি থাকে","রাতিয়ে দশটার পর, ভিউয়ার বেশি থাগে"
পহেলা ফাল্গুনে কি করো?,পইলে ফাল্গুনুত কি গরন দে?
রাতের নীরবতায় মন বসে ভালো,রাতিয়ের নিজেপত মন বইয়ি ভালা
"শুনে যাও, কোথায় যাচ্ছি জানো?","ওনি য, হনডে যাইর জান না ?"
কোন ধরনের কচুরি পছন্দ?,কি রহম হচুরি মজা লাগে দে অনত্তে?
কোন রেস্টুরেন্টে যাবে?,হন রেস্টুরেন্টত যাবি?
"চট্টগ্রাম থেকে, একসাথে কলেজে যাই","চট্টগ্রামত্তুন, এক কোয়ারে কলেজত যাই"
"হ্যাঁ, প্রোগ্রাম কোড","অয়অ,প্রোগাম কোড"
"হ্যাঁ, নামাজ পড়ি","অয়অ, নামাজ পড়ি"
এখনই ভেজেছি।,এহন ভাইজ্জি দি ।
স্মার্ট ফোনে কি দেখছো?,স্মার্ট ফোনুত কি চন দে?
বাজারের কোন জিনিস দামি?,বাজারত হন জিনিস ইয়েন মংগা বেশি দে?
কিভাবে ফল সংরক্ষণ করেন?,ফলফ্রুট কেন গরি রাহন দে?
"হ্যাঁ, পড়েছি।","অয়অ, হানা পইজ্জি"
স্টার সিনেপ্লেক্সে,স্টার সিনেপ্লেক্সে
ছাদের চেয়ারে,ছাদর চেয়ারুত
কাল সকালে দেখা হবে।,হালিয়ে বেয়িন্নে দেহা অইবু।
তোর পাড়ার নতুন জিমটা কেমন?,তোর পাড়ার নোয়া জিম ইয়েন কেন?
বাড়ির কোন জায়গায় শব্দ বেশি?,ঘরর হনদি আওয়াজ বেশি দে?
সাতক্ষীরার সুন্দরবন যাবে?,সাতক্ষীরার সুন্দরবন যাইবে না?
গত বছর গিয়েছিলাম।,গতবছর গেইলাম।
পানের দোকানে কি নেন?,পানর দোআনত্তুন কি লন দে?
মাটির কলস,মেডির গরা
"শীতে পিকনিক হয়, সবাই মিলে রান্না করে","শীতুত পিকনিক অয়, বেজ্ঞুনে মিলিয়েরে রান্না গরে"
"হ্যাঁ, কাপড় ইস্ত্রির জন্য","অয়অ,হর ইস্ত্রির লায়"
কোন বাজারে চাল সস্তা?,হন বাজারর চইল অস্তা দে?
মেলায় কি কিনতে যান?,মেলাত মাইজ্জি কি কিন্তু যন দে?
দেখে আসি কে।,চাই আয় হন ইবে ।
কোন সময় চা খান?,চা হত্তে হন দে?
আপনার কি বাড়িতে রজনীগন্ধা আছে?,অনর ঘরত কি রজনীগন্ধা আছে না?
বাজারের কোন ফল মিষ্টি?,বাজারর হন ফলফ্রুট বেশি পোয়াদ দে?
রাইড শেয়ারিং কেমন চলছে?,রাউড শেয়ারিং কেন চুলের?
আমাদের সামাজিক বন্ধন কেমন?,আরার সামাজিক বন্ধন কেন?
দুইশ টাকা,দুইশু টিয়া.
"হাজী সাহেবের দোকান, উনি ভেজাল দেন না","হাজী সাপর দোন,ইবে ভেজাল ন দে"
"হ্যাঁ, শীতকালে লাগে","অয়অ,শীতকাল্লে লাগে"
তোর এলাকার মুদি দোকানে কি হয়?,তোর এলাহার বাজমালর দোআনত কি অয় দে?
বাংলাদেশের খেলোয়াড়রা কি চায়?,বাংলাদেশর খেলোয়াড় অলে কি চায় দে?
ওজু করে নিয়েছেন?,ওজু গরি লইয়ুন না ?
দুটো দিয়ে দিয়েছি।,দুঅ দিয় দি ।
কি করলে?,কি গইজ্জু দে?
পোলাও খেতে কোথায় যান?,পোলাভাত হাইতু হনডে যন দে?
মাছ কত কেজি?,মাছ হত কেজি ?
কার কাছে সেলাই শিখলেন?,হাত্তুন শিলেই গরনি শিক্কুন দে?
সন্ধ্যাবেলা বসে মাছ ধরতে ভালোলাগে,আজইন্নে বইয়েরে মাছ ধইত্তু গম লাগে
এসি চালু করব?,এসি চালু গইজ্জুম না?
ক্লাউড কিচেন কি রাঁধছে?,ক্লাউড কিচেনত কি রাধন দে?
পরিবারের সবার সাথে,পরিবারর বেজ্ঞুনের লয়
"হ্যাঁ, টেবিল গুছানো রাখি","অয়অ, টেবিল গুছায় রাখি"
কোন দিকে জানালা খোলা রাখেন?,হন দি জানালা মেলা দে?
কাঁথা লাগবে?,কেথাঁ লাগিবু ?
মদিনার খেজুর পছন্দ,মদিনের হাজুর গম লাগে দে
"হ্যাঁ, গাড়িতে লাগানো","অয়অ,গাড়িত লাগাইয়ে আছে"
কোথায় শঙ্খ রাখেন?,শঙ্খ হনডে রাহন দে?
নরম তোয়ালে,নরম তইলে
শিল্পকলায় কি দেখছো?,শিল্প কলাত কি চাইয়ুন দে?
বইয়ের পাশে,বইয়ুর ডাগদি
"গরম ভাতে ঢেলে, কাঁচা মরিচ দিয়ে, পাতে বসে","গরম ভাতত ঢালি, কেচাঁ মরিচ দিয়েরে পাতত বয়"
বাজারের কোন জিনিস দামি?,বাজারত হন জিনিস ইয়েন মংগা দে?
তোর গার্লফ্রেন্ড কেমন আছে?,তুর গার্লফ্রেন্ড ক্যান আছে?
তোর পাড়ার খাবার কি ফেমাস?,তোর পাড়ার হানা কি নাম গরা না?
কোথায় পারফর্ম করবেন?,পারফর্ম হনডে গরিবেন দে?
সকালে কি করো?,সকালে কি গরো?
নিজের বাগান থেকে,নিজুর বাগানত্তুন
বাজারের কোন মাছ ভালো?,বাজারত হন মাছ ভালা দে?
আপনি কি নিয়মিত কার্টুন দেখেন?,অনেকি পইত্তেন কার্টুন চন না?
"হ্যাঁ, ক্যামেরাযুক্ত","অয়অ, ক্যামেরাওদ্দ"
কি লাগবে?,কি লাগিবু ?
ব্র্যান্ড শপে নিব,ব্র্যান্ড শপত্তুন লইয়ুম দে
"কই গো, চা দিলে না?","হই গো,চা ন দিয়অ দে ?"
অফিসের ফাইল।,অফিসুর ফাইল ।
ডান দিকে।,ডান ডদি ।
বরবটি আছে?,বরবটি আছে না ?
নতুন জামা পরে সবার বাসায় ঘুরি,নোয়া হর পড়ি বেজ্ঞুনুর ঘরত যায় ঘুরি
আপনার বাসায় কে কে থাকে?,অনর অ ঘরত হন হন থাগে?
গরুর গাড়িতে।,গরুর গারিত গরি ।
একটু পানি।,এক্কানা পানি।
"হ্যাঁ, গাছে বসে","অয়অ,গাছত বইয়েরে"
স্পোর্টস ক্লিনিকে,স্পোর্টস ক্লিনিকুত
দেশের হস্তশিল্প কি শেখায়?,দেশর আথর হাম/হস্ত শিল্প হনে শিখেই দে?
"হ্যাঁ, নতুন আর্টিকেল",অয়অ নোয়া আর্টিকেল
কি করে সময় কাটান?,কি গরি সময় হাডোন?
কেন ডাকছো?,কিল্লে ডাইক্ষু দে?
ঢাকার কোন এলাকায় ঘুরতে ভালোলাগে?,ঢাহার হন এলাহাত ঘুইত্তু গম লাগে দে?
কত টাকা লাগবে?,হ টিয়া লাগিবু?
সিলেটে চা-বাগান কোনটায় যাবে?,সিলেডত চা বাগান হন্নানত যাইবে?
"স্টাডি রুমের কোণে, যেখানে একটা ছোট টেবিল আছে","স্টাডি রুমুর হুনুত,যেনডে এক্ষান ছোড টেবিল আছে"
কোন এরিয়ায় বাসা দেখছেন?,হন এরিয়েত বাসা চাইতে লাইগ্গু?
গিটার বাজানো।,গিটের বাজন ।
মা'র জন্য শাড়ি এনেছি।,মার লায় শাড়ি আইন্নি ।
আপনি কি নিয়মিত পান খান?,অনে কি পইত্তেন পান হন না?
তালের রস কখন খান?,তালর রস হত্তে হন দে?
"হ্যাঁ, একটা পান দেন।","অয়,ওগগো পান দিয়ন ।"
মাটির পাত্র,মেডির পাতিল/গরা
আপনি কি নিয়মিত স্ট্যান্ডআপ অ্যাটেন্ড করেন?,অনে কি পইত্তেন স্ট্যান্ড আপ অ্যাটেন্ড গরন না?
মিষ্টি পানা পছন্দ,মিডে পান গম লাগে দে
"রাতে মুড়ি ভাজে, গন্ধ আসে","রাতিয়ে মুড়ি ভাজে, বাশ আইয়ি"
দেশি গরুর দুধ কিভাবে খান?,দেশি গরুর দুধ কেন গরি হন দে?
চুল কাটাবেন?,চুল হাডিবেন না ?
একদম তিতো না।,এক্ষানাও তিতে ন ।
কোন ধরনের ফ্রুট কেক পছন্দ?,কিরহম ফ্রুট কেক গম লাগে দে?
কি করছে বোন?,কি গইজ্জি দে বিন?
পানি এখনও গরম।,পানি এহনো গরম।
দরজার সামনে কি?,দরজার সাম্মদি কি ?
"হ্যাঁ, রাতে খাই","অয়অ,রাতিয়ে হায় দি"
নাশপাতি পাকা?,নাশপাতি পাইক্ষে না ?
কি কিনলে আজ?,কি কিনিলে আজিয়ে?
কিভাবে বাগান করেন?,বাগান কেন গরি গরন দে?
কোথায় খেলা হবে?,খেলা হনডে অইবু দে?
শিক্ষা-দীক্ষায় এগিয়ে যাচ্ছে মেয়েরা,শিক্ষা-দীক্ষায় আগায় যারগুই মাইপুয়া অলে
কিভাবে রান্না করতে ভালোলাগে?,কেন গরি রানতে গম লাগে দে?
কোথায় ইন্টার্নশিপ করবেন?,ইন্টার্নশিপ হডে লইবেন দে?
আপনার কি বাড়িতে কাঁচা লঙ্কা আছে?,অনর ঘরত কি কেচা মরিচ আছে না?
পান্তা ইলিশ খাই বাড়ির সবাই মিলে,পানি ভাত ইলিশ হায় ঘরর বেজ্ঞুনে মিলি
উরস কবে?,ওরস হত্তে?
কোথায় রিপোর্ট করবেন?,রিপোর্ট হডে গরিবেন দে?
অফিসিয়াল সাইট থেকে,অফিসিয়াল সাইটুত্তুন
"নানি, কবে যাবেন গ্রামের বাড়ি?","নানি, গ্রামর বাড়িত হত্তে যাইবেন?"
কোন মার্কেটপ্লেসে লিস্ট করছস?,হন মার্কেটপ্লেসর লিস্টি গইজ্জুস দে?
কম বেতনেও হাসিমুখে কাজ করে যান,হম বেতনে আসি মুখে হাম গরে
পুরনো ঢাকায় কি করেন?,পুরন ঢাহাত কি গরন দে?
আমের টোকা।,আমর টুগ।
নিজের মধ্যে।,নিজুরত্তে ।
"দাদি, শীত লাগতাছে?","দাদি, শীত লাগের না?"
শান্ত সন্ধ্যা পছন্দ,নিরিবিলি আজইন্নে গম লাগে দে
বাঙালি সংস্কৃতির বৈশিষ্ট্য কি?,বাআলর সংস্কৃতি কেনে চিনা যায় দে?
বাড়ির কোন জায়গায় বই পড়েন?,ঘরর হন জাগাত বই পড়ন দে?
বাসায় কে আছে?,ঘরত হন আছে?
খুব বেশি জ্যাম।,বউত বেশি জাম ।
কি নিয়ে ফিরলে?,কি লয়েরে আইসসুন দে ?
আপনার গ্রামের বাড়ি কোথায়?,অনর গেরামর বাড়ি হনডে?
কোন ধরনের ছাকনি ব্যবহার করেন?,হন ডইল্লে চানি ব্যবার গরন দে?
নতুন এসেছে।,নোয়া আইসসি ।
ফার্মগেটের দোকানে গেলে?,ফার্মগেটর দোয়ানত গেইয়্যু?
কোথায় আতর মাখেন?,আতর হনডে মাহন দে?
কোন দিকে চাও?,হন দি চঅ ?
কোন ধরনের পিঁড়ি পাতেন?,হন ডইল্লে পিড়ে বিছন দে?
মাঝির গান শুনতে শুনতে নদীর পাড়ে ঘুরি,মাঝি অল গান ওনতে ওনতে নদীর পাড় ঘুরই
রাস্তায় জ্যাম কেমন?,রাস্তাত জ্যাম ক্যান?
মোহাম্মদপুরের টাউন হলে প্রোগ্রাম আছে?,মোহাম্মদপুর টাউন হলত প্রোগ্রাম আছে না?
পাখির কিচিরমিচির,পাখির ছেনছেনানি
কোন দিকে বাগান করেছেন?,বাগান হনদি গইজ্জুন দে?
নতুন চালের পিঠার সাথে মাখিয়ে,নোয়া চাআর লয় পিডের লয় মাখিয়েরে
পুরনো দিন মনে পড়ে।,আগর দিনুর হথা মনত পড়ে ।
"ভাবী, মেহেদির প্রোগ্রাম কবে?","ভাবি, মেহেদীর প্রোগ্রাম হত্তে?"
নতুন প্রযুক্তি শিখে এগিয়ে যায়,নোয়া প্রযুক্তি শিখিয়েরে আগায় যায়
নকশি পাটি,নকশি পাটি
বাউল গান কোথায় শোনেন?,বাউল গান হনডে ওনন দে?
কোথায় ওয়ার্কশপ করবেন?,ওয়ার্কশপ হডে গরিবেন দে?
আমি বাজারে যাচ্ছি।,আই বাজারত যাইর
ধৈর্য আর সৃজনশীলতার পরিচয়,সবর ইয়ের সৃজনশীলতার/নোয়া কিছুর পরিচয়
কার সাথে সিনেমা দেখেন?,হার লয় ছবি/সিনেমা চন দে?
বোম্বাই লিচু পছন্দ,বোম্বাই লেচু গম লাগে দে
আপনার কি বাড়িতে শজনে ফুল আছে?,অনর ঘরত কি শজন ফুল আইয়ি না?
কোন সময় মন ভালো থাকে?,মন দিল হত্তে ভালা থাগে দে?
"হ্যাঁ, গরমকালে","অয়অ,গরমহালে"
কোন মার্কেটে কাপড় কিনতে যাস?,হন মার্কেডত্তুন হর কিনতু যচ দে?
"গামছা কাঁধে নিয়ে সকালে গোসল করি, মাছ ধরা দেখি","গামছা হালত লইয়েরে বেয়িন্নে গোছল গরি,মাছ ধরনি চাইর"
ফুটবল খেলি।,ফুটবল খেলির ।
"হ্যাঁ, বাসা-বাড়ি","অয়অ,বাসা-বাড়ি"
"হ্যাঁ, শেষ রাতে","অয়অ,শেষ রাতিয়ে/ পোয়াইত্তে"
পাড়ার চায়ের দোকানে,পাড়ার চাআর দোআনত
আপনি কি সকালে নাস্তা করেন?,অনে কি বেয়িন্নে হানা হন না?
পাড়ার চায়ের দোকানে বসি,পাড়ার চাআর দোআনত বয়
"ভাইয়া, রিকশা ভাড়া কত?","ভাইয়ে, রিকসে ভাড়া হত?"
গ্রামের মাঠে কি?,গেরামর মাডত কি ?
"হ্যাঁ, বিকেলে আসে","অয়অ, বিকেলবেলা আইয়ি দে"
কোন সিজন প্রিফার করো?,হন সিজন প্রিফার গরো?
ইন্টারনেট দেখে,ইন্টারনেট চাইয়েরে
"বস, মার্কেটিং প্ল্যানটা রেডি?",বস মার্কেটিং প্ল্যান ইবে রেডি না?
কোন রুটে যাবে?,হন রোডত যাইবেন?
রাজশাহীর আম,রাজশাহীর আম
আপনার কি বাড়িতে তেতুল গাছ আছে?,অনর ঘরত কি তেতয় গাছ আছে না?
ক্যাশ নাকি কার্ড?,ক্যাশ না কার্ড?
বাজারের কোন জিনিস দামি?,বাজারত হন জিনিস ইয়েন বেশি মংগা দে?
বাড়ির কোন অংশ প্রিয়?,ঘরর ন জাগা গম লাগে দে?
খাবার অর্ডার করে রাখবো?,হানা অর্ডার গরি রাইখ্খুম না?
বিদ্যুৎ না থাকলে দুপুরবেলা,কারন ন থাগিলি দুইজ্জে
সন্ধ্যায় সবাই মিলে আড্ডা দেই,আজইন্নে বেজ্ঞুনে মিলি গফ মারি
আপনি কি নিয়মিত সার্চ করেন?,অনে কি পইত্তেন সার্চ গরন না?
"হ্যাঁ, ভিজা কাপড় দিয়ে","অয়অ,ভিজে তেনা/হর দি"
আপনার কি বাড়িতে অর্কিড আছে?,অনর ঘরত কি অর্কিড আছে না?
সাতগম্বুজ মসজিদ কেমন?,সাত গম্বুজ মসদ কেন?
ঠান্ডা হাওয়া,ঠান্ডা বাতাস
বাতাস দিচ্ছে?,বাতাস দেন না?
শ্বশুর বাড়ি।,অরু বাড়ি ।
"অনলাইনে পড়ায়, ভালো আয় করে","অনলাইনুত পড়ায়, ভাল আয় গরে"
"হ্যাঁ, বারান্দায় আছে","অয়অ,বারান্দাত আছে"
কোন ধরনের তন্দুরি পছন্দ?,কিরহম ফেরাই গম লাগে দে?
বটগাছ দাঁড়িয়ে।,বটগাছ থিয়েইয়েরে ।
কোথায় খড় রাখেন?,কেড়ে হডে রাহন দে?
"নদীর পাড়ে বসে সন্ধ্যাবেলা, মাঝিরা যখন নৌকা বায়","নদীর পাড়ত বইয়েরে আজন্নে,মাঝি অলে যেত্তে নৌক চলায়"
দরজার সামনে পড়ে।,দরজার সাম্মদি পড়ে ।
শরবত কিভাবে বানান?,শরবত কেন গরি বানন দে?
ভোরের দিকে,পোয়াইত্তে
"জা গো, কোথায় যাচ্ছো?","জা গো,হনডে যাইতে লাগ্গুন দে?"
তোর এলাকার খাবার ডেলিভারি কেমন?,তোর এলাহাত হানার ডেলিভারি কেন?
"হ্যাঁ, টিম মিটিংয়ে","অয়অ,টিম মিটিং ওর"
নতুন চারাগাছ।,নোয়া চারা গাছ ।
"হ্যাঁ, ইলিশ শুঁটকি।","অয়অ, ইলিশ ওনি ।"
ডিজিটাল বাস ট্র্যাকিং আর স্মার্ট পার্কিং,ডিজিটাল বাস ট্র্যাকিং ইয়ের স্মার্ট পার্কিং
নতুন প্ল্যাটফর্মে,নোয়া প্লাটফর্মে
লুচি ভাজা হবে?,লুচি ভাজা অইয়ি না ?
বাংলা ছড়া কোথায় শেখেন?,বাংলা ছড়া হনডেত্তুন শিখন দে?
আপনার কি বাড়িতে জিরজিরে আসে?,অনর ঘরত কি ঝিরঝিরে আইয়ি না?
গাছে উঠে কাঁঠাল পাড়ি আর দুপুরে ঘুমাই,গাছত উডি হাট্টল পাড়ি আর দুইজ্জে ঘুম যাই
"হ্যাঁ, খাওয়ার পর","অয়অ,হানার পর"
লাল শাক কিভাবে রাঁধবে?,লাল শাক কেন গরি রাধন দে?
"মেজো মামা, ধানের দাম কেমন?","মাইজ্জে মামা, ধানর দাম ক্যান?"
শাক-সবজির বাগান।,শাক-সবজি তরহারির বাগান/ক্ষেত ।
"একটা ক্রিয়েটিভ হাব খুলতেছে, চেক করে দেখ","এক্কান ক্রিয়েটিভ হাব খুলের, চেক গরি চা"
রাশিয়ান সালাদ পছন্দ,রাশিয়ান সালাদ গম লাগে দে
আধুনিক বাংলা গান আর ফিউশন মিউজিক,আধুনিক বাংলা গান ইয়ের ফিউশন মিউজিক
নদীকে ঘিরে জীবন-জীবিকা আর গান,নদীরি ঘুরি জীবন চলন ইয়ের গান
"ভাবী, কাল বাজারে যাবেন?","ভাবি, হালিয়ে বাজারত যাইবেন?"
"হ্যাঁ, দুপুরে নিই","অয়অ,দুইজ্জে লয় দি"
কোথায় রেজিস্ট্রেশন করবেন?,রেজিস্ট্রেশন হডে গরিবেন দে?
কি রান্না করছেন?,কি রাইন্দুন দে?
ঘাটের নৌকায় কি?,ঘাটর নৌকত কি?
"স্পেশাল বার্গার বানায়, সবাই খেতে আসে","স্পেশাল বার্গার বানাইর, বেজ্ঞুনে হায়তু আইয়ি"
তোমার প্রেজেন্টেশন কেমন হলো?,তোয়ার পেজেনটেশন কেন অয়য়ি?
সরিষা ফুল কেন ফুটেছে?,অরই ফুল কিল্লে ফুইট্টি দে?
মা আর বোন আছে।,মা ইয়ের বইন আছে ।
উফফ! কি যে টেস্টি বানায়,উফফ! কি যে টেস্টি বানায়
এক মুঠো দিন।,এক মুঠ দিয়ন ।
"হ্যাঁ, দুইবার করি","অয়অ,দুইবার গরি দি"
"কানকো দেখে, চোখ দিয়ে টাটকা কিনা বুঝে","হান চাইয়েরে,চোখদি তাজা আছে কিনা চাইয়েরে"
রুফটপ রেস্তোরাঁ হবে শুনলাম,রুফটপ ওটেলত অইবু ওইন্নি
ঘরের ভেতরে,ঘরর ভিতুর
কোথায় আঁচল রাখেন?,আঁচল হনডে রাহন দে?
"হ্যাঁ, মেঘ করেছে।",অয়অ মেঘ গইজ্জি ।
আপনার কি বাড়িতে ডালিয়া আছে?,অনর ঘরত কি ডালিয়া আছে না?
বিকেলে ছবি তুলি ফুলের সাথে,বিকেলবেলা ছবি তুলি ফুলুর লয়
ভর্তা বানানোর অনেক কৌশল শিখলাম,ভর্তা বানাবের বউত ডইল্লে কৌশল শিক্ষি
চাল ভাজা হচ্ছে।,চইল ভাজা অর ।
মৌসুমি সবজি,সিজনর তরহারি
মাথা ধরেছে?,মাথা ধইজ্জি না?
"দমে রেঁধে, আলু-ডিম সাজিয়ে","দমে রেঁধে, আলু-ডিম সাজিইয়েরে"
দিনাজপুরের কাঠাল কেমন?,দিনাজপুরুর হাট্টল কেন?
উঠানে বসে জোনাকি দেখি আর পুরনো গল্প শুনি,উডনত বইয়েরে জোনি পোক চাইর আর পুরন গফ মারির
আপনি কি নিয়মিত ব্যাংকিং করেন?,অনেকি পইত্তেন ব্যাংকিং গরন না?
কোথায় বৃষ্টি দেখেন?,ঝড় হনডে দেক্ষুন দে?
মেলায় নিয়ে যাব।,মেলাত লয় যাইয়ুম ।
সামনের দিকে।,সাম্মদি।
গরুর পাল চরছে।,গরুর ঝাঁক চড়ের ।
গরুটা দুধ দেয় না কেন?,গরু ইবে দুধ কা ন দের ?
দই জমে গেছে।,দই জমি গেইয়ি।
চকলেট কেক পছন্দ,চকলেট কেক গম লাগে দে
এসি সার্ভিসিং করাবে না?,এসি সার্ভিসিং ন গরাইবে?
আট ঘণ্টা ঘুমাই।,আধা ঘন্টা ঘুম যাইর ।
ডিজিটাল বাংলাদেশে কি করেন?,ডিজিটাল বাংলাদেশত কি গরন দে?
নতুন কি টুল ইউজ করস?,নোয়া কি টুল ইউজ গরস দে?
মিষ্টি হয়েছে।,মিডে অইয়ি ।
বেগুন ভর্তা পছন্দ,বায়ুন ভর্তা গম লাগে দে
ডিজিটাল মার্কেটিং শিখতেছি অনলাইনে,ডিজিটাল মার্কেটিং শিখির অনলাইনুত্তুন
তোমার আশীর্বাদ।,তোয়ার আশীর্বাদ/দোয়া।
আলু দিয়ে ভাজি করে ভাতের সাথে খাবো,আলু দিয়েরে ভাজি গরি ভাতর লয় হাইয়ুম
বারান্দার কোণায়,বারান্দার হোনাত
কিভাবে খাবার গরম রাখেন?,হানা কেন গরি গরম গরন দে?
"দারাজে শপ খুলছি, ফেসবুকেও বিক্রি হয়","দারাজত শপ খুইল্লি, ফেসবুকুত বেছা যায়"
প্রিন্ট হয়েছে?,প্রিন্ট অইয়ি না ?
কোথায় নতুন কাপড় রাখেন?,নতুন হর হনডে রাহন দে?
বাঙালি থালিতে মেক্সিকান টাচ দিয়েছে,বাআলর থালিত মেক্সিকান টাচ দিঈয়ি
সকাল সকাল,বেয়িন্নে শরে
"হ্যাঁ, টবে লাগিয়েছি","অয়অ,.টবত লাগাইদি"
কোথায় তাস খেলেন?,তাস হনডে খেলন দে?
বাংলাদেশের গ্রাম্য ডাক্তার কেমন?,বাংলাদেশর গেরমর ডাক্তর অল কেন?
"নানা অঞ্চলের পিঠা-পুলি খাই, রান্নার কৌশল শিখি","বিভিন্ন অঞ্চলর পিডে পুলি হায়,রাধিবের টেকনিক শিখি"
লেবুটা কোথায় রাখলাম?,হজি ইবে হডে রাহিলাম ?
চাল ধুয়েছেন?,চইল ধুইয়ুন না ?
কোথায় পিকনিক করবেন?,পিন্নিক হডে গরিবেন দে?
কিভাবে স্কুলে যাও?,ক্যান গরি স্কুলুত য?
নামাজ মিস হয়ে যাবে।,নামাজ মিস অয় যাইবু ।
কোথায় প্রমোট করবেন?,প্রমোট হডে গরিবেন দে?
আপনার কি ব্যাটারি ব্যাকআপ আছে?,অনত্তে কি ব্যাটারি ব্যাকআপ আছে না?
নতুন আর্ট ক্যাফেতে কি আছে?,নোয়া আর্ট ক্যাফত কি আছে দে?
নতুন বন্ধু কেমন পেলি?,নোয়া বন্ধু কেন পাইয়ুচ দে?
"নানা রকম পিঠা সেঁকা হয়, মিষ্টি গন্ধ ছড়ায়","বউত ডইল্লে পিডে সেকে দে,মিডে বাশ লাগে"
কোন ধরনের বই পড়তে পছন্দ করেন?,কিরহম বই পইত্তে অনর ভালা লাগে?
"হ্যাঁ, উঠানের পাশে","অয়অ,উডনর ডাহদি"
কোথায় ঈদের নামাজ পড়বেন?,ঈদুর নামাজ হনডে পরিবেন দে ?
আপনার কি বেবি বাথটাব আছে?,অনত্তে কি বেবি বাথটাব আছে না?
মেয়েরা কাপড় কাচছে।,মাইপুয়া অলে হঅর ধোর ।
কোন রেস্তোরাঁয় যাবে?,হন রেস্তোরাঁত যাইবে?
শবে বরাত কবে?,শবে বরাত হচ্ছে?
ছোটবেলার বন্ধুর সাথে,গুর থাকতের বন্ধুর লয়
"হ্যাঁ, বন্ধুদের লেখা","অয়অ,বন্ধু অলর লেহা"
চৈত্র সংক্রান্তিতে কি করেন?,চৈত্র সংক্রান্তিত কি গরন দে?
কোথায় ছবি রাখেন?,ছবি হনডে রাহন দে?
আপনার কি ধর্ম?,অনর হন ধর্ম?
কার সাথে আড্ডা জমে?,হাল্লয় গফ মারি গম লাগে দে?
"পিসী মা, কোন গান গাও?","পিসি মা,হন গান গন দে?"
কোন রকম খাবার পছন্দ?,হন ডইল্লে হানা গম লাগে দে অনত্তে?
"ছাদে চেয়ার নিয়ে, সন্ধ্যাবেলা","ছাদর চেয়ারুত লয়েরে, আজইন্নে"
ছাদের কোণায়,ছাদর হোনাত
"প্রদীপ জ্বালাই, ধান-দুর্বা দিয়ে সাজাই, প্রসাদ খাই","চেরাগ জ্বালাই, ধান-দুর্বা দিয়েরে সাজাই, প্রসাদ হায়"
লক্ষ্মী পূজোর সন্ধ্যায় উঠানে সাজাবো,লক্ষ্মী পূজোর আজইন্ন উডনত সাজাইয়ুম
"হ্যাঁ, গ্রীষ্মকালে লাগে","অয়অ,গরমহালে লাগে দে"
কোথায় চাকরি করেন?,হনডে চরি গরন ?
আলু সামুসা পছন্দ,আলু সমুসা গম লাগে দে
আরামদায়ক জুতা,জুতা পড়ি আরাম আছে/হোআইশ লাগের
কোথায় যাবে এখন?,হনডে যাইবে এহন ?
কোথায় নতুন বাসা নিবেন?,নতুন বাসা হত্তুন লইবে দে?
মাঝারি সাইজে কাটুন।,মাঝারি সাইজুর হাডন ।
"হ্যাঁ, বাগানে আছে","অয়অ,বাগানত আছে দে"
"হ্যাঁ, কিচেন সিঙ্কে","অয়অ,কিচেন সিঙ্কে"
আপনার কি ডিশ কভার আছে?,অনত্তে কি ডিশোর কভার আছে না?
"হ্যাঁ, ডকুমেন্ট চেক করি",অয়অ ডকুমেন্ট চেক গরি
"হ্যাঁ, পরোটা খাই","অয়অ,পরটা হায় দিল"
গোলাপের চারা লাগাচ্ছি।,গোলপর চারা লাগায় ।
মোবাইলে কি দেখো সবসময়?,মোবাইলুত কি চন দে সবসমে?
বাতাস লাগে এমন জায়গায়,বাতাস গরে দে এন জাগাত
কমিউনিটি সেন্টারে,কমিউনিটি ক্লিনিকুত
"রহস্য উপন্যাস, যেগুলো রাত জেগে শেষ করতে ইচ্ছে করে","কাহিনীর উপন্যাস,যিয়িন ওরঘুম থাগি শেষ গইত্তু মনে হয়"
দাম দরাদরি করে,দর বারকেডিং গরে
হাটবারে কি কেনেন?,আটবাজারত কি কিনন দে?
শুক্রবার সকালে,শুক্কুরবার বেয়িন্নে
"হ্যাঁ, দিয়ে ডাল রাঁধি","অয়অ,দিয়েরে ডাইল রাধি ত"
"শোন শোন, কি বাজে?","ওন ওন,কি হারাপ?"
রিভিউটা পড়েছ?,রিভিউ ইবে পইজ্জু না?
চল না কোথাও ঘুরে আসি?,চল না ঘুরি আই হনোমিক্কেত্তুন?
দাদুর পুরনো অভিধান থেকে নতুন শব্দ খুঁজি,দাদুর পুরন অভিধানত্তুন নোয়া শব্দ থোয়াইর
হজ্জ করবেন কবে?,হজ্ব গরিবেন দে হত্তে ?
মাংসের পুলি পছন্দ,গোস্তর পুলি গম লাগে দে
"গেমিং ল্যাপটপ নিছি, এখন এডিটিংও করা যাবে","গেমিং ল্যাপটপ লয়, এহন এডিটিংও গরিত পাইজ্জুম"
কৃষকরা মুঠোফোনে ধানের দাম জানছে,কৃষক অলে মোবাইলু ধানর দর জানের
বাংলা ছবি কোথায় দেখেন?,বাংলা সিনেমা হনডে চন দে?
কিভাবে ফুল সাজান?,ফুল কেন গরি সাজান দে?
ওয়ালেটে,ওয়ালেটত
সব ডগা ভেঙ্গেছি।,বেগ ডগা ভাইঙ্গি ।
ছাদের কোণায় কি?,ছাদর হোণাত কি ?
বাড়ির কোন দিকে ছায়া বেশি?,ঘরর হনদি ছামা বেশি দে?
আপনার কি টেলিস্কোপ আছে?,অনত্তে কি টেলিস্কোপ আছে না?
"হ্যাঁ, রোজ সকালে","অয়অ, পইত্তেন বেয়িন্নে"
কোথায় ধুপ জ্বালান?,ধোয়া হডে দিয়ন দে?
তারা ভরা আকাশ,আকাশত তারার টাল
কিভাবে মাছ কাটেন?,মাছ কেন গরি হাডন দে?
কোন সময় হাঁটতে বের হন?,হনসমত আডিবেল্লাই বাইর অন দে?
শেষ দশ দিনে।,শেষ দশ দিন ।
ঈদের দিন কি করেন?,ঈদুর দিনুত কি গরন দে?
কার কাছে গল্প শুনতে ভালোলাগে?,হার হাছে গল্প উনতে ভালা লাগে?
"শীতের সকালে, যখন কুয়াশা কাটে","শীতকাইল্লে বেয়িন্নে,যেত্তে কুয়াশা ন থাগে"
কোন সময় পড়াশোনা করেন?,হন সমত পড়ালেহা গরন দে?
টাটকা মাছ,তাজা মাছ
মেনু কার্ড দেখব?,মেনু কার্ড চাইয়ুম না?
ঠিক বারোটায়,ঠিক বারটা বাজে
বাড়ির কোন জায়গায় আলো কম?,ঘরর হন জাগাত পঅর হম পড়ে?
তোমার ল্যাপটপটা কেমন?,তোয়ার লেপটপ ইবে কেএন?
চাষ হয়েছে?,চাষ অইয়ি না?
আধা কেজি দিন।,আধা কেজি দিয়ন
জ্বরে ভুগছি।,জ্বরে ভুগির ।
পাশের বাসার মাসির কাছে,ঘরর ডাহদি হালাত্তুন
শীতের সকালে কি পান?,শীতকাইল্লে বেয়িন্নে কি পন দে?
রুই মাছ।,রুইত মাছ ।
ভোরবেলা উঠে শিশির মাখা ফুল তুলি,বেয়িন্নে উডি হুয়াত ভিজি ফুল তুলি দি
"কি রে, পুরান দোকানটা কি হলো?",কিরে পুরন দোআন ইয়েন কি অইয়ি দে?
কোন ধরনের নদী পছন্দ?,কিরহম হাল গম লাগে দে?
কুমিল্লার রসমালাই কার জন্য?,কুমিল্লার রসমালাই হার লায়?
বাঁশের চারা আর মুকুল খুঁজে পাই,বাঁশর চারা ইয়ের হরা তুআই পায়
আপনি কি নিয়মিত স্প্রিন্ট প্ল্যান করেন?,অনেকি পইত্তেন স্প্রিন্ট প্ল্যান গরন না?
"চাচা, কেমন আছেন?",চাচা ক্যান আছন?
কিভাবে মাছ রান্না করেন?,কেন গরি মাছ রাধন দে?
"হ্যাঁ, লোডশেডিংয়ের জন্য","অয়অ, লোডশেডিংয়ের লাই"
জানালার পাশে বসে,জানালার ডাগত বয়দি
"বড় বোন, কি ভাবছো?","বড় বইন,কি ভাইবতে লাইগ্গুন দে?"
আপনি কি নিয়মিত শসা খান?,অনে কি পইত্তেন ফল হন না?
রোজ শেষ রাতে।,পইত্তেন শেষ রাতিয়ে ।
বগুড়ার দই নিয়ে কি করেন?,বগুড়ার দই লইয়েরে কি গরন দে?
শ্মশান ঘাট।,শ্মশান ঘাট।।
শহীদ মিনারে কবে যান?,শহীদ মিনারত হত্তে যন দে?
দশ টাকার দিন।,দশ টিয়ার দিয়।ন
মশলা বাটা হয়েছে?,মশল্লা বাডা অইয়ি না?
কাশবনে কি করেন?,কাশবনত কি গরন দে?
আপনার কি হট ওয়াটার বাথ করেন?,অনত্তে কি হট ওয়াটার বাথ আছে না?
"তাজা শাক-সবজি আর দুধ, প্রতিদিন সকালে","তাজা শাকসবজি ইয়ের দুধ,পইত্তেন বেয়িন্নে"
শুক্রবার সকালে,শুক্কুরবার বেয়িন্নে
শাহবাগের মার্কেটে,শাহবাগ মার্কেটত
বিলের মধ্যে শাপলা দেখতে দেখতে মাঝির গান শুনি,বিলুর মাঝে শাপলা চাতে চাতে মাঝির গান ওনি
সন্ধ্যায় বার্বিকিউ পার্টি হয় মাঝে মাঝে,আজইন্নে বার্বিকিউ পার্টি অয় মাঝে মদ্ধে
দেশি কফি ব্র্যান্ড কেমন?,দেশি কফি ব্র্যান্ড কেন?
বই পড়ছে।,বই পড়ের ।
তোর ফুড ডেলিভারি কতজন রাইডার?,তোর ফুড ডেলিভারিত হজন রাইডার?
"দেখ দেখ, কি ওড়ে?","ছা ছা,কি উরের ?"
মেইন ডিশ কি আছে?,মেইন ডিস কি আছে না?
নকশীকাঁথা কে বানায়?,সিলেইন্নে কেথা হনে সিলেটি দে?
মোনাজাত করবেন?,মোনাজাত গরিবেন না?
"রস ঝরে, গুড় তৈরি হয়, মিষ্টি গন্ধ ছড়ায়","রস পড়ে,মিডে তৈয়ের অয়,মিডে বাশ লাগে"
যে পথে কেউ যায় না।,যে পথদি কিয়ায় ন যায় ।
তোর বাসার কাছে কি খুলছে?,তোর ঘরর ডাহত কি খুইল্লি দে?
তাঁতের সুতি পছন্দ,তাঁতর সুতি গম লাগে দে
দরুদ পড়া হয়?,দরদ পড়া অয় না ?
কোন ধরনের রোদ পছন্দ?,কি রহম রইদ ভালা লাগে দে?
"হ্যাঁ, লাল শাক খাই","অয়অ,লাল শাক খাই দি"
তোর পাড়ার নতুন দোকানটা কি?,তোর পাড়ার নোয়া দোআন ইয়েন কি?
কোন সময় বাগান করতে যান?,হন সমত বাগান গইত্তু যন দে?
"হ্যাঁ, গরম আছে।","অয়অ,গরম আছে ।"
গ্রামের বাজারে কি কেনেন?,গেরামর বাজারত্তুন কি কিনন দে?
আজ কার জন্মদিন?,আজিয়ে হার জন্মদিন ?
আপনার কি বাড়িতে হাসনাহেনা আছে?,অনর ঘরত কি হাসনাহেনা গাছ আছে না?
হাটে পাবেন।,আটখোলাত পাইবেন ।
গ্রামের মৌসুমি ফল কি পান?,গেরামত সিজনর ফলফ্রুট কি পন না?
কি রান্না হবে?,কি রান্না অইবু দে?
সেমাই পায়েস পছন্দ,সেমাই পায়েস গম লাগে দে
নিরিবিলি কোণে,নিজেপ হোনুত
কলাপাতায় কি খেতে ভালো?,কেলা পাতাত কি হাইতু গম লাগে দে?
"হ্যাঁ, সন্ধ্যায় খুব জ্যাম হয়","অয়অ,আজইন্নে বেশি জাম"
কোন ধরনের ডাল পছন্দ?,ডাইল হন্ন অনত্তে গম লাগে দে?
কোন ধরনের সকাল পছন্দ?,কি রহম বেয়িন্নে গম লাগে দে?
আপনার কি বাড়িতে শেফালি গাছ আছে?,অনর ঘরত কি শেফালী গাছ আছে না?
কি করছে খালা?,কি গরের দে হালা ?
আরও একটু লাগবে।,আরেক্ষিনি লাগিবু।
রান্নাঘরের কোণায়,পাকঘরর হোনাত
পুঁটি মাছ,পুঁটি মাছ
গ্রামের শেষে কি?,গেরামর শেষে কি?
কার্তিক মাসে কি দেখছো?,হাতি মাইসসে কি দেক্ষুন দে?
টাটকা রুই মাছ বেশি পছন্দ করি,তাজা রুইত মাছ বেশি গম লাগে
দুধ কম দিয়ে,দুধ হম দিয়েছে
"হ্যাঁ, একটা দিন","অয়অ,ওগগো দিন"
"হ্যাঁ, প্রতি সকালে","অয়অ, পইত্তেন বেয়িন্নে"
আপনি কি নিয়মিত ছানা খান?,অনে কি পইত্তেন ছানা হন না?
স্টক এক্সচেঞ্জে,স্টক এক্সচেঞ্জ গরি দি
ঈদের দিন কি করো?,ঈদুর দিন কি গরন দে?
কোন মেলায় যাও?,হন মেলাত যন দে?
লিস্ট করা আছে।,লিস্টি গইজ্জে আছে ।
চিনিগুড়া চাল,চিনিগুর ছিল
কি খাবার অর্ডার দিলে?,কি হানা অডার দিলে?
আপনার কি ফ্লোর ম্যাট আছে?,অনত্তে কি ফ্লোর ম্যাট আছে না?
আপনি কি নিয়মিত গাছে পানি দেন?,অনে কি পইত্তেন গাছত পানি দিয়ন না?
"সোহাগ, আজকে ক্লাসে আসবি তো?",সোহাগ আজিয়ে ক্লাসত আবি নি?
কোন সময় পড়াশোনা জমে?,পড়ালেহা হত্তে গরন দে?
রাতের বেলা যুবকরা আড্ডা দেয়,রাতিয়ের বেলাত জোয়ান পুয়া অলে গফ মারের
কোথায় কাগজ রাখেন?,হাগজ হডে রাহন দে?
নতুন নতুন বাংলাদেশি কনটেন্ট খুঁজে দেখি,নোয়া নোয়া বাংলাদেশি কনটেন্ট তোআয় চাইদি
পাঁচ মিনিট দিন।,পাঁচ মিনিট দিয়ন ।
"হ্যাঁ, সবজি কাটার জন্য","অয়অ,তরহারি হাডিবেল্লায়"
তিনবার পানি দিয়ে,তিনবার পানি দিয়েরে
দুটো পেকেছে।,দুঅ পাইক্ষি ।
আপনি কি ক্রিকেট খেলেন?,অনে কি ক্রিকেট খেলন না?
কুড়ি টাকার কাটা।,কুড়ি টিয়ার হওঅ ।
পত্রিকা কোথায়?,পেপার হনডে ?
"হ্যাঁ, সার্চ ইঞ্জিনে","অয়অ,সার্চ ইঞ্জিনে"
"না, খুব কষ্ট হয়","না,বঅত হষ্ট"
সবজি আর মাছ।,তরহারি ইয়ের মাছ ।
আপনার কি বাড়িতে মশা আছে?,অনর ঘরত কি মশা আছে না?
"হ্যাঁ, ভোর হয়েছে।","অয়অ,পোয়াত্তে অইয়ি।"
"বাবা, বন্ধুদের সাথে ঘুরতে যাব?","বাবা, বন্ধু অলর লগে ঘুইত্তু যাইয়ুম না?"
বাংলাদেশের গ্রামীণ নারীরা কি করেন?,বাংলাদেশর গেরমর বেডি অল কি গরে দে?
"হ্যাঁ, পরিষ্কার করেছি।","অয়অ,সাফ গইজ্জি ।"
"হ্যাঁ, সব কাটা শেষ।","অয়অ,বেগ হাডা শেষ ।"
খুব মজার হয়েছে,বঅত পোয়াদ অইয়ি
ওই কোণায়।,ওই হোনাত।
ঘি খাঁটি তো?,ঘি হাটিঁ তো ?
কার সাথে বেড়াতে যান?,হার লয় বেড়াইতু যন দে?
ফ্রিজে রেখে দেই,ফিরিজুত রাহি দেইর
এগারটার দিকে,এগারটার ইক্ষে
কোন ধরনের কাবাব পছন্দ?,কিরহম কাবাব গম লাগে দে?
কি খবর দেখছেন?,কি হবর চায়তে লাইগ্গুন?
কোন ধরনের খাবার পরিবেশন করেন?,হন ডইল্লে হানা মেমানঅরে দিতু ভালা লাগে দে?
মাশাল্লাহ্‌ খুব ভালো,মাশাল্লাহ্‌ বউত ভালো
ঢাকার ছাদবাগান কেমন?,ঢাহার ছাদর বাগান কেন?
"ছাদের কোণায় বসে, যেখানে শান্ত পরিবেশ","ছাদর হোনুত বইয়েরে,যেনডে পরিবেশ নিজেপ"
জায়নামাজে জড়ানো।,জায়নামাজ জড়াইয়ে।
বাড়ির কোন জায়গায় বসে খান?,ঘরর হন জাগাত বইয়েরে হানা হন দে?
লাউয়ের খোসা কি করেন?,বাইলে হদুর চোলা কি গরন দে?
ছোট ছোট করে,গুরঅ গুরঅ গরি
"হ্যাঁ, তোমার খোঁজেই এসেছি।","অয়অ,তোয়ারে থোয়াইতাম আইসসি দি ।"
ক্যাফেতে বসবে নাকি বাইরে?,কেফত বইবে নাকি বাইরে?
তোর মামার দোকানে কি হয়?,তোর মামার দোআনত কি অয় দে?
"হ্যাঁ, বাথরুমে আছে","অয়অ, বাথরুমুত আছে"
তোর লাঞ্চ ব্রেক কখন?,তুর লান্চ ব্রেক হত্তে?
আপনার কি ওয়াইফাই এক্সটেন্ডার আছে?,অনত্তে কি ওয়াইফাই এক্স টেন্ডার আছে না?
আজকে কি অফিস বন্ধ?,আজিয়ে অফিস বন্ধ না?
শান্ত বিকেল,নিজেপ বিকেলবেলা
আপনার কি পেট ব্যথা করছে?,অনে কি পেটত দুঃখইতে লাইগগুন না?
ধর্মীয় শিক্ষার সাথে আধুনিক শিক্ষাও নেয়,ধর্মর শিক্ষের লয় আধুনিক শিক্ষেও লয়
আপনি কি নিয়মিত প্রেশার চেক করেন?,অনেকি পইত্তেন প্রেশার চেক গরন না?
বৃষ্টি আসতেছে দেখছিস?,ঝড় আয়ির দেহর না?
"হ্যাঁ, নতুন কিনেছি","অয়অ,নোয়া কিন্নি দি"
মাটির পুতুল তৈরি করা শিখছি,মেডির পুতুল বানানি শিখিদ্দি
কোথায় চা বানান?,চা হডে বানন দে?
নৌকা বাইচে কি হয়?,নৌক বাইতু কি অয় দে?
শাপলা ফুল কোথায় দেখো?,শাপলা হনডে দেহন দে?
পড়াশোনা কোথায় করেন?,পড়ালেহা হন্ডে গরন দে?
বারান্দার টেবিলে,বারান্দার টেবিলুত
কোন দিকে যাবে মামী?,হন দি যাইবেদে মামী ?
বাদাম ভাজা আছে?,বাদাম ভাইজ্জে আছে না ?
সামনের সিটে।,সাম্মদির সিটুত ।
মুরগি আর ভাত,খুর গোস্ত ইয়ের ভাত
সাধারণ বাঙালি রান্না,সাধারন বাআলর রান্না
কোথায় বসে পড়াশোনা করিস?,হনডে বইয়েরে পড়ালেহা গরছ দে?
সব ভালো।,বেজ্ঞিন ভালা ।
"হ্যাঁ, দাঁতের জন্য","অয়অ, দাঁতর রায়"
আপনার কি ডেস্কটপ কম্পিউটার আছে?,অনত্তে কি ডেস্কটপ কম্পিউটার আছে না?
নরসিংদীর মাধবদীতে যাচ্ছ?,নরসিংদির মাধবদীত যাইবে?
দড়িতে শুকাচ্ছে।,দড়িত পুঅরদে ।
"এই যে মিয়া, কি নিয়ে যাও?","এই মিয়ে,কি লয়েরে যঅ ?"
তোর বাসার পাশে কি হচ্ছে?,তোর ঘরর ডাহদি কি অদ্দে?
নগর জীবনে কি দেখছো?,শঅরত মাইজ্জি কি চাইয়ু দে?
কোন সেক্টরে ইনভেস্ট করছেন?,হন সেক্টরত ইনবেস্ট গইজ্জুন?
"হ্যাঁ, রাতে লিখি","অয়অ,রাতিয়ে লেখি দি"
কোন ধরনের বিকেল পছন্দ?,কিরহম বিকেলবেলা ভালা লাগে দে?
"অপটিক ফাইবার আসছে, স্পিড ভালো","অপটিক ফাইবার আইয়ির, স্পিড ভালা"
কোন মৌসুমে শাক বেশি পাওয়া যায়?,হন মৌসুমোত বেশি শাক পা যায় দে?
বাংলা নববর্ষে কি করেন?,বাংলা মাসর ১তারিখ কি গরন দে?
"মাস্টার সাব, আমার পোলা কেমন পড়ে?","মাস্টর সাব, আর পোয়া ক্যান পড়ে?"
পরীক্ষা কবে?,পরীক্ষে হত্তে?
দাঁত কেমন করে।,দাঁত কেন গরে ।
মাটির পাত্রে কি রান্না করেন?,মেডির পাতিলেত কি রাধন দে?
ভাত চড়ানো আছে।,ভাত চড়াইয়ে আছে ।
গত মাসে এসেছি,গত মাসত আইসসি দি্
"টিকটকে কনটেন্ট দিচ্ছি, ভালই রেসপন্স","টিকটকে কনটেন্ট দির, ভালা রেসপন্স"
শিলনোড়া আনুন।,শিল পাডা অনন ।
আপনার কি পুরনো রেকর্ড আছে?,অনত্তে কি পুরোন রেহড আছে না?
আপনার বয়স কত?,অনর বয়স হত ?
কি নিয়ে এলে?,কি লয় আইসসুন ?
"টাটকা সবজি, গরম জিলাপি আর চা","তাজা তরহারি,গরম জিলেপি ইয়ের চা"
কোন রেস্তোরাঁয় বিরিয়ানি ভালো?,হন ওটেলর বিরেনী মজা দে?
চা-বাগানে গেলে কি করো?,চা বাগানত যাইলি কি গরন দে?
আপনি কি রোজা রাখেন?,অনে কি রোজা রাহন না?
কোথায় মিট করবেন?,দেহা হডে গরিবেন দে?
পূর্ণিমার চাঁদ পছন্দ,পূর্ণিমেত চানঁ চাদ্দে
লাউয়াছড়া জাতীয় উদ্যানে কি আছে?,লাউয়াছড়া জাতীয় উদ্যানে কি আছে দে?
কিভাবে ঘুমাতে যান?,কেন গরি ঘুম যাইতু যন দে?
"প্লে স্টোরে দিছি, ডাউনলোড ভালো আসে","প্লে স্টোরুত দি, ডাউনলোড ভালা আইয়ির"
বিকেলের দিকে,বিকেলবেলার ইক্ষে
আপনি কি নিয়মিত ড্রয়িং করেন?,অনেকি পইত্তেন ড্রয়িং গরন না?
কোথায় ফুল কিনবেন?,ফুল হত্তুন কিনিবেন দে?
সবার সাথে মিলেমিশে উৎসব করা,বেজ্ঞুনুর লয় মিয়েই উৎসব গরি
কোন সেক্টরে গ্রোথ দেখছেন?,হন সেক্টরত গ্রোথ দেখতে লাইগ্গুন?
"হ্যাঁ, অনলাইনে করি","অয়অ,অনলাইনুত গরি দি"
ফিশ কাটলেট পছন্দ,ফিশ কাটলেট গম লাগে দে
বড় বড় কই মাছ।,ডঅর ডঅর হৈ মাছ ।
ছাদে রোদে,ছাদর রইদুত
কোথায় সেমিনার করবেন?,সেমিনার হত্তুন গরিবেন দে?
"সিলেট থেকে পড়তে আসছে, একসাথে থাকব","সিলেটত্তুন পইত্তু আইসসি, এককোয়ারে থাগিবু"
প্রাচীন ইসলামিক স্থাপত্য অবাক করে,প্রাচীন ইসলামিক স্থাপত্য অবাক গরে
শাকের দাম কত বললেন?,শাকর দর হত হয়ুন দে?
"হ্যাঁ, ঝোল করে","অয়অ,ঝোল গরিয়েরে"
নতুন কবিদের আসরে যান?,নতুন কবি অল আইলি এনডে যন না?
"খালামনি, কবে আসছেন আমাদের বাসায়?","হালামণি, হত্তে আইবেন আঁরো বাসাত?"
গ্রামের রাত কেমন কাটে?,গেরামত রাইত কেন গরি যায় দে?
কোথায় ইন্টারভিউ নিবেন?,ইন্টারভিউ হডে লইবেন দে?
কোন এয়ারলাইন্সে যাবেন?,এয়ারলেন্স হননানত গরি যাইবেন দে?
কখন বের হবেন অফিস থেকে?,হত্তে বাইর অইবে অফিসুত্তুন?
"হ্যাঁ, ল্যাপটপের জন্য","অয়অ, ল্যাপটপর রায়"
মসজিদের সামনে কি?,মসদুর সাম্মদি কি ?
জাতীয় উদ্যানে।,জাতীয় উদ্যানত।
ফিউজন বাঙালি খাবার ট্রাই করি,ফিউজন বাআলি হানা ট্রাই গরি
বাঁশের ঝুড়ি,বাঁশর ঝুরি
লুঙ্গি কোথায়?,লঙ্গি হনডে ?
ভাড়া কত নিবেন?,ভাড়া হ টিয়া লইবেন?
"হ্যাঁ, ভাজি করে","অয়অ,ভাজি গরি"
"হ্যাঁ, সাবান দিয়ে","অয়অ,সাবান দিয়েরে"
তাফসির শুনবেন?,তাফসির ওনিবেন না ?
মায়ের কাছ থেকে,মাত্তুন লয় দি
সহজ জীবনযাপন আর প্রকৃতির সাথে সম্পর্ক,সহজ জীবনযাপন আর প্রকৃতির লয় সম্পর্ক
মসজিদে কখন যান?,মসদুত হত্তে যন দে?
চিকেন কোরমা পছন্দ,চিকেন কোরমা গম লাগে দে
শাড়ি কাচবেন?,শাড়ি ধুয়বেন না ?
রেস্টুরেন্টে রিজার্ভেশন দিছো?,রেস্টুরেন্টত রিজার্বিশন দিয়ু না?
উনুন জ্বলছে?,চুল জ্বলের ?
ডিজিটাল আর্ট কি করেন?,ডিজিটাল আর্ট কি গরন না?
হেড অফিসে,হেড অফিসে
রাত জেগে একটানে পড়ে ফেলি,রাতিয়ে ওরঘুম থাগিয়েরে একটানে পড়ি ফেলায়
কেন চশমা পরছো?,চশমা কিল্লেই পইজ্জু?
বেগুন পোড়া কিভাবে খান?,বায়ুন পুড়িয়েরে কেন গরি হন দে?
হাতে সেলাই করা,আথে সিলেই গইজ্জে
মায়ের হাতের রান্না,মার আথর রান্না
কোথায় বসে পত্রিকা পড়েন?,পেপার হনডে বইয়েরে পড়ন দে?
আজকে বিকেলে কোথায় দেখা হবে?,আজিয়ে বিয়েলে হডে দেহা অইবু?
"হ্যাঁ, লাল ফুল ফোটে","অয়অ,লাল ফুল ফুডে দে"
"দাদু যখন যুদ্ধের গল্প বলেন, চোখে পানি আসে","দাদু যেত্তে যুদ্ধুর হথা হয়, এত্তে চোগুত পানি আইযায়"
পিঠা বানাচ্ছি সবার জন্য।,পিডে বানাইর বেজ্ঞুনুর লায় ।
ইউটিউব দেখে,ইউটিউব চাইয়েরে
বাজারে যাবেন নাকি?,বাজারত যাইবেননা?
কোন এলাকায় ফ্ল্যাট দেখতেছস?,হন এলাহাত ফ্ল্যাট ছদ্দে?
সাহিত্য আসরে,সাহিত্য আসরত /বইডুকুত
পাখা চালাবো?,ফ্যান চালাইয়ুম ?
কোন জায়গাটা তোমার প্রিয়?,হন জাগাগান তোয়ার প্রিয়?
ঐতিহ্যবাহী খাবারের দোকানে কি খান?,নাম গরা হানার দোআন ইয়েনত কি গরন দে?
"হ্যাঁ, কুলিংয়ের জন্য","অয়অ, ঠান্ডার লায় দিয়ি দে"
কেমন আছেন?,কেন আছন?
কি সার্ভিস নিবেন?,হন সার্ভিস লইবেন?
শনিবার পিকনিকের কি করলে?,শনিবার পিকনিগুর কি গইল্লি?
পুলি পিঠা বানাবেন?,পুলি পিডে বানাইবেন না ?
"বড় ভাই, কি পরামর্শ দেবেন?","বড় ভাই,কি পরার্মশ দিবেন দে ?"
কি পড়ছেন?,কি পইত্তে লাগ্গুন দে ?
মেলা বসবে কবে?,মেলা হত্তে বয়বু দে ?
আপনার কি বাড়িতে কোকিল আসে?,অনর ঘরত কি কোকিল আইয়ি না?
শুঁটকি আছে?,ওনি আছে না?
বাসি মাছ,বাঈ মাছ
সুইচটা কোনটা?,সুইচ হন্ন?
বাজারে কি হল?,বাজারত কি অইয়ি দে ?
কোন দিকে যাবেন?,হন দি রাখবেন?
সুপারি দিয়ে সাদা পান খাই,সুঅরি দি সাদা পান হায়
এই রুটে লাস্ট বাস কখন?,এই রোডত লাস্ট বাস হত্তে?
দিনাজপুর রাজবাড়ি দেখেছেন?,দিনাজপুরুর রাজবাড়ী চাইয়ুন না?
"মোড়ল সাহেব, কি বিচার হল?","মুরুব্বি সাব,কি বিচের অইয়ি ?"
বৃষ্টির দিনে কি করস?,ঝড়র দিনুত কি গরছ দে?
আধুনিক বাংলা ব্যান্ড মিউজিক শুনতে,আধুনিক বাংলা ব্যান্ডর গান ওইনতু
বাংলাদেশের নতুন সমুদ্র বন্দর দেখি,বাংলাদেশর নোয়া সমুদ্র বন্দর চাইর
উনুনের পাশে।,চুলর ডাগত ।
দেশের মেলা সংস্কৃতি কি বলে?,দেশর মেলা সংস্কৃতি কি হয় দে?
কোথায় চুল কাটাবেন?,চুল হডে হাডিবেদে?
দেশের নাম উঁচুতে তুলতে চায়,দেশর নাম উরি গইত্তু চায়
কোন সময় পড়া মনে থাকে?,হন সমত পড়া মনত থাগে দে?
মসলা চাই পছন্দ,মসলা চা গম লাগে দে
"হ্যাঁ, একটু জ্বর জ্বর লাগছে","অয়অ,এক্কানা জ্বর ওইট্টি পান পান লাল"
তোমার মাকে দেখতে এলাম।,তোয়ার মারে চাইতু আইলাম ।
কোথায় দেখা হবে?,হনডে দেহা অয়বু ?
কোথায় হারিকেন রাখেন?,চেরাগ হন্ডে রাহন দে?
থালার পাশেই তো।,বাসনর ডাগে ত ।
উঠানে বসে পুরনো দিনের গপ্পো হয়,উডনত বইয়েরে পুরন আমলর হথা হঅর
পিঠা-পুলি থেকে নানা পারম্পরিক খাবার,পিঠা-পুলিত্তুন বউত ডইল্লে পারম্পরিক হানা
মুড়ি-মুড়কি আর চানাচুর খুব ভালো,মুড়ি ইয়ের চেনাচুর বউত পোয়াদ
কি পেলে?,কি পাইয়ুন ?
পুকুর পাড়ে কি করেন?,পইর পাড়ত কি গরন দে?
নানা জায়গার বিশেষ খাবার খুঁজে খাই,বউত জাগার নাম গইজ্জে হানা হায়
নিজের ঘরে,নিজুর ঘরত
আজকের তোলা।,আজিয়ের তোলা।
প্রেজেন্টেশনটা কাল নাকি?,পেজেনটেশন হালিয়ে না?
ঠাকুরমার মুখে শোনা রূপকথা মনে আছে,ঠাকুমার মুখুত্তুন ওননি বুড়ি কিস্তের হথা মনত আছে না
গুলশান-বনানির কোন কফি শপে যাবে?,গুলশান বনানীর হন কফি শপত যাইবে?
ছানা কড়া হয়ে গেছে।,ছানা হরা অয় গেইয়ি ।
সূর্যাস্তের সময়,সুজ্জু ডুপিবের সমত
"হ্যাঁ, মসলা পেষার জন্য","অয়অ,মসল্লা পিষি কেল্লায়"
এখানে কি ইন্টারনেট আছে?,এন্ডে কি ইন্টারনেট আছে না?
মৃদু বৃষ্টি,পিনপিনি ঝড় পরের
কুল পেকেছে?,বড়ই পাইক্ষি না?
সুতির কাপড়,সুতির হর
কোন মসজিদে জুমা পড়স?,হন মসদুত জুমা পরছ দে?
ন্যায়ের জয় হল।,ন্যায়ের জয় অইয়ি ।
কোথায় বই কিনতে যাস?,বই কিনতু হনডে যচ দে?
মোহর ঠিক হয়েছে?,মোহর ঠিক অইয়ি না ?
গোসলখানা।,গোছল হানা ।
আপনি কি নিয়মিত কলমি শাক খান?,অনে কি পইত্তেন হরমু শাক হন না?
কোন ধরনের ডালভাজি পছন্দ?,হন ডইল্লে ডাইল বাজি গম লাগে দে?
"ইভেন্ট কভার করি, পার্ট টাইম ইনকাম হয়","ইভেন্ট কভার গরি, পার্ট টাইম ইনকাম অয়"
"ভাবি, রান্নাটা শিখিয়ে দিবেন?",ভাবি রান্নাগান শিখেই দিবেন না?
সে ডাক্তারি পড়ে,ইবে ডাক্তরি পড়ের দে
"হ্যাঁ, দাঁত মাজার জন্য","অয়অ, দাঁত মাজিবেল্লায়"
কোন ধরনের রুটি পছন্দ?,কি রহম রুটি ভালা লাগে দে?
কি খবর বাড়ির?,বাড়ির হবর কি?
পেঁয়াজ দিয়ে,পিয়েজ দিয়েরে
মৌসুমি সবজি,সিজনর তরহারি
"হ্যাঁ, ডিজিটাল স্কেল","অয়অ, ডিজিটাল স্কেল"
তোর বন্ধুর দোকান কেমন চলে?,তোর বন্ধুর দোআন কেন চলের?
বাড়িতে কোন পাখি আসে?,ঘরত মাইজ্জি হন পাখি আইয়ি দে?
সপ্তাহে কয়দিন বাইরে খাস?,সপ্তায় হদি বাদ্দি হচ দে?
আপনি কি রোজ ব্যায়াম করেন?,অনে কি পত্তেইন ব্যায়াম গরন না?
গামছা দিয়ে কি করবে?,গামছা দি কি গরিবেন দে?
প্রাকৃতিক দৃশ্য,প্রাকৃতিক দৃশ্য
ধীর চলাফেরা,লেডার আডানি
চল্লিশ টাকা।,চল্লিশ টিয়া ।
"দারোয়ান ভাই, কুরিয়ার এসেছিল?","দারোয়ান ভাই, কুরিয়ার কি আইস্সিল না?"
রেওয়াজ করে,রেওয়াজ গরিয়েরে
কোথায় খাবার খান?,হানা হনডে হন দে?
কোথায় বসে লেখেন?,হনডে বইয়েরে লেহন দে?
আজকের বড় খবর।,আজিয়ের বড় হবর।
কোথায় গান শুনতে ভালোলাগে?,গান ওইনতু হনডে গম লাগে দে?
"হ্যাঁ, স্কেচবুকে আঁকি","অয়অ,ফেইসবুকুত আঁকি দি"
বাউল গান কোথায় শোনো?,বাউল গান হনডে ওনন দে?
বাজারের কোন সবজি বেশি টাটকা?,বাজারত হন তরহারি বেশি তাজা দে?
তাঁতের শাড়ি কোথায় দেখেন?,আথে বানানে শাড়ি হডে পা যায়বু দে?
ক্রিয়েটিভ ইন্ডাস্ট্রির মানুষজন,ক্রিয়েটিভ ইন্ডাস্ট্রির মানুষ অল
আপনি কি নিয়মিত প্রিন্ট করেন?,অনে কি পইত্তেন প্রিন্ট গরন না?
কোন দিকে সূর্য ওঠে?,সুজ্জু হন দি ওডে দে?
আপনার কি পাওয়ার ব্যাংক আছে?,অনত্তে কি পাওয়ার ব্যাংক আছে না?
ড্রয়ারে আছে।,ড্রয়ারত আছে ।
গ্রামের দুপুর কেমন কাটে?,গেরামত দুইজ্জে কেন গরি যায় দে?
ড্রিম জব কি?,ড্রিম জব কি?
"মসজিদের মিনার থেকে ভেসে আসে, চারিদিক শান্ত হয়","মসদুর মিনারত্তুন ভাঈ আইয়ি,চাইরি ডাহদি নিজেপ অয়"
পুরানা পল্টনে।,পুরন পল্টনত ।
নতুন কি স্কিল নিছস?,নোয়া কি স্কিল লইয়ুচ দে?
কিভাবে বাগান করেন?,বাগান কেন গরি গরন দে?
নতুন কোন হবি ধরছস?,নোয়ি কি হাম/হবি দইজ্জুস দে?
খাবার রেডি?,হানা রেডি?
আপনার কি বাড়িতে হাতের কাজ আছে?,অনর ঘরত কি আতর হাম আছে না?
রান্নার টিপস আর শপিং অভিজ্ঞতা,রান্নার টেকনিক ইয়ের শপিং অভিজ্ঞতা
শীতকালে কি পিঠা বানান?,শীতকালে কি পিডে বানন দে?
লাউয়ের কোসা ফেলেছেন?,বাইলে হদুর ছোলা ফালাইয়ুন না ?
ঠাকুরমার রেসিপিতে পিঠা বানাই,ঠাকুমার ডইল্লে পিডে বানাইর
কপি করা হয়েছে?,কপি গরা অইয়ি?
"হ্যাঁ, সবজির সাথে","অয়অ,তরহারির লয়"
আলুর ঝাল বেশি।,আলুত ঝাল বেশি ।
মাদ্রাসার বই কই?,মাদ্রাসার বই হডে?
"হ্যাঁ, সিরিয়াল দেখব","অয়অ, সিরিয়াল চাইয়ুম"
কার সাথে বেড়াতে যান?,হার লয় বেড়ায়তু যন দে?
আপনি কি নিয়মিত স্ক্যান করেন?,অনে কি পইত্তেন স্ক্যান গরন না?
রঙের মিল রেখে,রংঅর মিল রাহিয়েরে
মহাস্থানগড়ে কি করেন?,মহাস্থানগড়ত কি গরন দে?
কোন দিন ক্লাস নিবেন?,হন দিন ক্লাস লইবেন?
পূজার ঘরে,পূজর ঘরত
উনার হাতের পোলাও খেতে সবাই আসে,ইবের আথর পোলাও হাইতু বেজ্ঞুনে আইয়ি
কোথায় বসে পড়াশোনা করস?,হনডে বইয়েরে পড়া পরছ দে?
আপনার কি বাড়িতে জবা গাছ আছে?,অনর ঘরত কি জবা গাছ আছে না?
বড় দাওয়াতে কাচ্চি-পোলাওয়ের সাথে,বড় দঅত কাচ্চি-পোলঅর লয়
ক্যান্টিনে যাবি?,কেন্টিনুত যাবিনি?
শরিয়ত মোতাবেক নয়।,শরিয়তর মত ন।
দলিল লিখছি।,দলিল লেহির ।
মিস্ত্রি দেখে গেছে।,মিস্ত্রি চায় গেইয়ি ।
ছোট ছোট করে,গুরঅগুরঅ গরি
কোন গল্প শুনতে ভালোলাগে?,হন ডইল্লে গল্প ওইনতু গম লাগে দে?
আঁশ ছাড়াচ্ছি।,আশ ছাড়ির ।
কোথায় স্ক্যানিং করাবেন?,স্ক্যানিং হডে গরিবেন দে?
নতুন পদ্ধতিতে ছাত্রদের পড়ান,নোয়া পদ্ধিত পুয়া অলরে পড়ন
কোন সময় ফুল তোলেন?,ফুল হত্তে তোলন দে?
চল ঘুরতে যাই?,চল ঘুইত্তম যাই?
ফিটনেস ফার্স্টে যাই,ফিটনেস ফার্স্টত যাইদে
"বন্ধু, পরীক্ষার প্রস্তুতি কেমন?",বন্ধু পরিক্কের প্রস্তুতি ক্যান?
মসলা মাখিয়ে,মসল্লা মাখিয়েরে
কোন ধরনের পিৎজা পছন্দ?,হন ডইল্লে পিৎজা মজা লাগে অনত্তুন?
ঝাল-টক মিশানো মজাদার লাগে,ঝাল -হর মিয়েইয়েরে পোয়াদ লাগে
নতুন কি ডিভাইস কিনছস?,নোয়া হন ডিজাইন কিন্নুস দে?
কোথায় জুমা পড়বেন?,জুমা হডে পড়িবেন দে?
কোরআন শিক্ষা দিচ্ছি।,কোরানর শিক্ষে দির ।
রান্নাঘরের তাকে,পাকঘরত থাগত
"মোহাম্মদপুর-ধানমন্ডি এলাকায়, চার্জ কম নেই","মোহাম্মদপুর-ধানমন্ডি এলাহাযত, চার্জ হম লয়"
সরষে বেটে ঝাল ঝাল করে রাঁধি,অড়ই বাটা ঝাল ঝাল গরি
কোথায় কম্পিউটার সারাবেন?,কম্পিউটার হডে সরাইবেন?
এত গরমে কি করছো?,এতো গরমত কিরর?
নতুন ব্র্যাঞ্চ কোথায় খুলছেন?,নতুন ব্রান্চ হডে খুইল্লু?
"বসার ঘরে, যেখানে সবাই মিলে আড্ডা দেই","বইয়িদে ঘরত,যেনডে বেজ্ঞুনে বইয়েরে গফ মারে"
খালার কাছে,হালাত্তুন
চন্দ্রবাড়ি কেমন জায়গা?,চন্দবাড়ি ইয়েন জাগা কেন?
বাস ভাড়া কত?,ঘর ভাড়া হত?
গ্রামের ইমাম সাহেবরা কি করেন?,গেরামর ইমাম সাপ অলে কি গরে দে?
বাঙালি খেলাধুলার ঐতিহ্য কি?,বাআল অলর খেলার ঐতিহ্য কেন?
কোথায় কলম রাখেন?,হলম হনডে রাহন দে?
মাটির প্রদীপ কেন জ্বালালে?,মেডির চেরাগ কিল্লে জ্বালন দে?
মাদুর বুনছি।,মাদুরঅ বানাইর ।
দরজার পেছনে,দরজার পিছুদি
বৃষ্টিতে কি করেন?,ঝড় পইল্লি কি গরন দে?
"হ্যাঁ, ছাদে আসে","অয়অ,ছাদত আইয়ি"
আপনার কি বাড়িতে কলমি শাক আছে?,অনর ঘরত কি ডেডা শাক আছে না?
পুরনো বাড়ির ছাদে বসে চা খাই,পইরু পাড়র ছাদত বইয়েরে চা হায়
বাজারের কোন মাছ নেন?,বাজারত্তুন হন মাছ কিনন দে?
কোন ধরনের পোশাক পছন্দ?,হন ডইল্লে হর ভালা লাগে দে?
দক্ষিণের খোলা জায়গাটায় সবজি লাগিয়েছি,দইনদির খোলা জাগা ইয়েনত ক্ষেত গইজ্জি দি
কোন দিকে হাঁটতে ভালোলাগে?,হনদি আইট্টু গম লাগে দে?
গায়ে হলুদ থেকে বাসর রাত সব আনন্দময়,গায়ে হলুদত্তুন বাসর রাত বেজ্ঞিন মজার
"পান্তা-ইলিশ খাই, মেলায় যাই","পানিভাত -ইলিশ হাই,মেলাত যাইর"
"হ্যাঁ, রিস্ট সাপোর্টসহ","অয়অ,রিস্ট সাপোর্ট সয়"
রাতে একা ঘরে হেডফোন লাগিয়ে শুনি,রাতিয়ে হাইল্লে গায় হেডফোন দি ওনি দি
আর্টিফিশিয়াল চাষের উপর কাজ করতেছি,আর্টিফিশিয়াল চাষর ওর হাম গরির
ছাদের বাগান,ছাদর বাগানত
দোকানে কখন যাবে?,দোয়ানত হত্তে যাইবে?
"ভাই, তোমার গাড়িটা কালকে পাব?","ভাই, তোয়ার গাড়িগান হালিয়ে পাইয়ুম না?"
"কলেজের বন্ধুদের সাথে, লং ড্রাইভে","কলেজর বন্ধু অলর লয়,লং ড্রাইভে"
রজনীগন্ধা পছন্দ,রজনী গন্ধা গম লাগে দে
নারকেল ঝাড়ু,নাইরকুলুর ঝাড়ু
কাস্তে পেটাচ্ছে।,হাচি পিডের ।
আপনি কি নিয়মিত থোড় খান?,অনে কি পইত্তেন থোর হন না?
মাজারে নিয়ে যাব।,মাজারত লয় যাইয়ুম ।
জাতীয় জাদুঘরে এক্সিবিশন দেখবে?,জাতীয় জাদুঘরত এক্সিবিশন চাইবে?
নতুন ফোনটা কেমন?,নোয়া ফোন ইবে ক্যান?
নিরিবিলি সন্ধ্যা,নিজেপ আজইন্নে
দেশি খাবারের মেলায় কি করেন?,দেশি হানার মেলাত কি গরন দে?
সোনার আংটি এনেছি।,সোনার আংটি আইননি ।
মামার বাড়ি গেলে কি হয়?,মামার বাড়িত যাইলি কি অয় দে?
বাংলা টাইপোগ্রাফি আর মোশন গ্রাফিক্স,বাংলা টাইপোগ্রাফি ইয়ের মোশন গ্রাফিক্স
স্পোর্টস জোনে,স্পোর্টস জোনে
শান্ত নদী পছন্দ,শান্ত নদী গম লাগে দে
ঘুড়ি ওড়াচ্ছে।,ঘুড়ি ওরর ।
আপনি কি নিয়মিত পায়ে তেল দেন?,অনে কি পইত্তেন টেংঅত তেল মাজন না?
কোথায় বসবেন?,হনডে বয়বেন ?
ভুলে নিভানো হয়নি।,ভুল গরি নিপে ন যায় দে।
পুরনো ছবি আর গল্প সংগ্রহ করে,পুরন ছবি ইয়ের গল্প/কিস্তে থোয়াই রাহির
আপনার কি ক্যালকুলেটর আছে?,অনত্তে কি ক্যালকুলেটর আছে না?
নদীর ধারে সন্ধ্যাবেলা হাঁটি,নদীর ধারত আজইন্নে আডি
পুরনো ঢাকার দোকান থেকে কিনে খাই,পুরন ঢাহার দোআনত্তুন কিনি হাইর
"ফুফাজান, কোন দেশ দেখেছেন?","ফুফু জান,হন দেশ চাইতে লাইগ্গুন দে ?"
বাঘের দেখা মিলেছে।,বাঘর দেহা মিলের ।
"বল তো, কি খাবি?","চাই হঅত,কি হাবি ?"
"স্টাডি রুমে, যেখানে কেউ বিরক্ত করে না","স্টাডি রুমুত,যেনডে কিয়াই ডিস্টাব না গরে।"
শীতের হালকা বাতাস,শীতুর ঠলহাইন্নে বাতাস
স্মার্টফোনে কি করেন?,মোবাইলুত কি গরন দে?
কিভাবে চুল আঁচড়ান?,চুল কেন গরি আচুরন দে?
ওয়ালটন ফ্রিজ আছে,ওয়ালটন ফিরিজ আছে দে
কোন ধরনের বই পছন্দ?,হন ডইল্লে বই গম লাগে দে?
রেনোভেশনের কাজ চলতেছে,রেনোভেশনর হাম চলের
কোন ধরনের লেবু পছন্দ?,কিরহম হজি গম লাগে দে অনত্তে?
কোথায় ঝিনুক রাখেন?,অউক হনডে রাহন দে?
আপনি কি নিয়মিত খবর দেখেন?,অনেকি পইত্তেন হবর চন না?
কিতাব দেখে নিই।,কিতাব থেকে চায় লই ।
কোন সময় পড়াশোনা করেন?,হন সমত পড়ালেহা গরন দে?
মাছ কাটা হয়েছে?,মাছ হাইট্টে আছে না ?
সাপ দেখেছি উঠানে।,আপ দেক্ষি দি উডনত ।
কোন মৌসুম পছন্দ?,হন মোসুম পছন্দ?
"হ্যাঁ, জুনিয়র ডেভেলপারদের","অয়অ, জুনিয়র ডেভেলপার"
চিনি কত কেজি?,চিনি হ কেজি?
এই বৃষ্টিতে কি করছেন?,এই ঝরত কি গইত্তে লাইগ্গুন?
কোথায় সিঁদুর রাখেন?,সিঁদুর হনডে রাহন দে?
আপনার কি বাড়িতে দাবা আছে?,অনর ঘরত কি দাবা আছে না?
বাঁশের বড়শি নিয়ে পুকুর পাড়ে বসে থাকি,বাঁশর বরকি লয় পইর পাড়ত বয় থাগি
আপনি কি নিয়মিত গল্প পড়েন?,অনে কি পইত্তেন গল্প পড়ন না?
"মোহাম্মদপুরে, সব কিছু কাছে পাওয়া যায়","মোহাম্মদপুরুত,বেগ কিছু পা যায়"
পথের নাটক আর গানে সমাজের ছবি আঁকে,পথর নাটক ইয়ের গানর সমাজর ছবি আঁকের
"হ্যাঁ, টবে লাগিয়েছি","অয়অ,টবত লাগাইদি"
আপনার কি অসুবিধা হচ্ছে?,অনত্তে কি বেহুআইশ লাগের না ?
কোন সময় চায়ের দোকানে যান?,হন সমত চার দোআনত যন দে?
ঘড়িতে কয়টা?,ঘরিত হটা বাজে ?
কিভাবে খাবার পরিবেশন করেন?,হানা কেন গরি সাজান দে?
তোর এলাকার নতুন ভাবিকে কেমন লাগে?,তোর এলাহার নোয়া ভাবীরি কেন লাগে?
গ্রামের ছোট ব্যবসায়ীরা কি করেন?,বাংলাদেশর গুর বিয়ারি অলে কি গরে দে?
কেন থামলে?,থামি কা গেইয়ু?
কাওরান বাজারে মিটিং আছে?,কারওয়ান বাজারত মিটিং আছে না?
সন্ধ্যায় ক্যারাম টুর্নামেন্ট চলতেছে,আজন্নে ক্যারাম টুর্নামেন্ট চলের
কোথায় বসে গান প্র্যাকটিস করিস?,হডে বইয়েরে গান গছ দে?
মটর ঘুগনি পছন্দ,মটর গুগনি গম লাগে দে
দেশের মৌমাছি চাষিরা কি করেন?,দেশর মমাছি চাষ গরইন্নে অলে কি গরে দে?
কোথায় রিক্রুট হবেন?,রিক্রুট হডে গরিবেন দে?
"হ্যাঁ, বর্ষার জন্য","অয়অ, বর্ষার রায়"
ছাদের চেয়ারে,ছাদর চেয়ারুত
সন্ধ্যা ছয়টা পঁয়তাল্লিশে,আজইন্নে ছটা পঁয়তাল্লিশ
কোথায় শলা রাখেন?,অলা হনডে রাহন দে?
বন্ধুদের সাথে কোথায় বেড়াতে যাও?,বন্ধু অলর লয় হনডে বেড়ায়তু যন দে?
"হ্যাঁ, প্লাস্টিকের স্লিপার","অয়অ, প্লাস্টিকর স্লিপার"
কোথায় বসে লিখতে ভালোলাগে?,হনডে বইয়েরে লেখতে গম লাগে দে?
ধুয়ে রাখা আছে।,ধুয় রাইক্ষে আছে ।
ঢাকার আর্ট সিনে কি হচ্ছে?,ঢাহার আর্ট সিনুত কি আছে দে?
চিড়া ভাজবেন?,চোড় ভাজিবেন না ?
মেহেদি কখন পরেন?,মেদি হত্তে দিয়ন দে?
"হ্যাঁ, রান্নায় লাগে","অয়অ,রাধিবের সমত লাগে দে"
খুব মজার লোক। সারাদিন গল্প করে,বেশি রসিক মানুষ। আরাদিন গল্প গরে/গফ মারে
কলাপাতায় কি বাড়ছে?,কেলাপাতাত কি বাড়েদ দে?
"টাউন হলের পিছনে, দর কষে কিনতে হয়","টাউন হলর পিছুদি, দরাদরি গরিয়েরে কিনম পরে"
বাড়ির কোন জায়গায় ঠান্ডা?,ঘরর হন জাগাত ঠান্ডা বেশি দে?
জব পোর্টালে,জব পোর্টালে
নতুন খোঁড়া পুকুরে।,নোয়া খুইজ্জে পইরুত ।
ডিজিটাল মার্কেটপ্লেসে কি কেনেন?,ডিজিটাল মার্কেটত্তুন কি কিনন দে?
নুন পানি দিয়ে,নুন পানি দিয়েরে
ঈদগাহ ময়দানে সবার সাথে,ইদগাহত মাইজ্জি বেজ্ঞুনের লয়
"না, এখনো গরম আছে","না,এহন গরম আছে"
বর্ষার দিনে কি রান্না করেন?,বর্ষা হাইল্লে কি রাধন দে?
পাঁচটা করে দিই।,পাঁচ্চ গরি দির।
রোজা রাখবেন?,রোজা রাখিবেন না ?
"হ্যাঁ, মালাই চা খুব ভালো","অয়অ,ঘন চা বঅত মজা"
চা কি চিনি দিয়ে খাবেন?,চা কি চিনি দি হাইবেন না?
কোন রকম বই কেনেন?,হন ডইল্লে বই কিনন দে?
বারান্দার চেয়ারে,বারান্দার চেয়ারুত
কোন রকম বাগান করতে চান?,হন ডইল্লে বাগান গইত্তু চন দে?
"হ্যাঁ, মসলা রাখার জন্য","অয়অ,মসল্লা বাড়ি বেল্লালয়"
দেশের নারী উদ্যোক্তারা কেমন?,বাংলাদেশর বেডি/নারী উদ্যোক্তা অল কেন?
কোথায় আড্ডা দিস আজকাল?,আইজকেল হনডে গফ মারছ দে?
"হ্যাঁ, অফিসের কাজে লাগে","অয়অ,অফিসুর হাজত লাগে দে"
"হ্যাঁ, প্রথম আলো পড়ি","অয়অ,প্রথম আলো পড়ি দি"
কলাগাছ লাগাবেন?,কেলা গাছ লাগায়বেন না ?
নতুন কোন খালাতো বোন এসেছে?,নোয়া হন হালাতো বইন আইসসি দে?
"হ্যাঁ, সোশ্যাল মিডিয়ায়","অয়অ,সোশ্যাল মিডিয়াত"
দোকান থেকে কি আনেন?,দোআনত্তুন কি আনন দে?
বাংলা র‍্যাপ কেমন লাগছে?,বাংলা রেপ কেন লাগের?
"হ্যাঁ, দুইটা বড় গাছ","অয়অ,দুঅ ডঅর গাছ"
বাড়ির সামনে কি?,ঘরর সাম্মদি কি?
"হ্যাঁ, বিকেলে খাই","অয়অ,বিকেলবেলা হায় দি"
"হ্যাঁ, ছয় জনের টেবিল","অয়অ,ছ জনর টেবিল"
মাছের কালিয়া পছন্দ,মাছর হালিয়া গম লাগে দে
কি ধরনের চাকরি খুঁজছেন?,হইল্লে চরি তোয়াইতে লাইগ্গুন?
বাতাসা করবেন?,"বাতা গরিবেন না ,?"
কোথায় প্রেজেন্ট করবেন?,প্রেজেন্ট হডে গরিবেন দে?
কোন ধরনের রেডিও অনুষ্ঠান শোনেন?,কি রহম রেডিও অনুষ্ঠান ওনন দে?
কোন সময় বাজার সস্তা?,হন সমত বাজার অস্তা দে?
কোথায় বটি রাখেন?,বটকনি হনডে রাহন দে?
শীতের সকালে কি করেন?,শীতকাইল্লে বেয়িন্নে কি গরন দে?
আপনার কি স্টোভ আছে?,অনত্তে কি স্টোভ আছে না?
কুয়াকাটায় সূর্যাস্ত দেখতে যাবে?,কুয়াকাটার সূর্যাস্ত চাইতে যাইবে?
কোন রকম বই কেনেন?,কিরহম বই কিনন দে?
আপনার কি বাড়িতে লিচু গাছ আছে?,অনর ঘরত কি লেচু গাছ আছে না?
"হ্যাঁ, টিম মেম্বারদের সাথে","অয়অ,টিম মেম্বার অলর লয়"
তোদের অফিসের খাবার কেমন?,তোরার অফিসুর হানা কেন?
আপনার কি ব্যাগ হুক আছে?,অনত্তে কি ব্যাগর উক আছে না?
"দাদী মা, কি দিয়েছো পুটলিতে?","দাদী মা,কি দিয়ুদে পুটলিত ?"
স্বপ্ন দেখছি।,স্বপনঅ দেহির ।
বাড়িতে কোন পাখি ডাকে?,ঘরত হন পাখি ডাকে দে?
গেটের সামনে।,গেডুর সাম্মদি ।
বৃষ্টি পড়লে বাউল গান মনে পড়ে,ঝড় পড়িলি বাউল গান মনত পড়ে দি
তেল ভাসছে উপরে।,তেল ভাআর উদ্দি ।
নতুন অফিসে কি সুবিধা?,নোয়া অফিসুত কি হোআইস দে?
কিভাবে শীত কাটান?,শীত কেন গরি পোঅন দে?
মসলা লাগবে?,মসল্লা লাগিবু না?
কোন সময় পড়াশোনা করেন?,হন সমত পড়ালেহা গরন দে?
কোন ধরনের শরবত পছন্দ?,শরবত কিরহম গম লাগে দে?
কোন ধরনের চলচ্চিত্র পছন্দ?,কিরহম সিনেমা ভালা লাগে?
কোন রকম রং পছন্দ?,হন ডইল্লে রং ভালা লাগে দে ?
"হ্যাঁ, টিভিতে দেখি","অয়অ,টিভিত চায়দি"
আপনার কি বাড়িতে ধনে পাতা আছে?,অনর ঘরত কি বড়পাতা আছে না?
কোথায় প্র্যাকটিস করবেন?,প্রেকটিস হনডে গরিবেন দে?
"গরমে সবচেয়ে আরামদায়ক, দেশের ঐতিহ্যও বাঁচে","গরমত বেজ্ঞুনুত্তুন আরামদায়ক, দেশের ঐতিহ্যও বাঁচে"
কুমড়ো কাটতে হবে?,মিডে হদু কুডম পরিবু ?
পুরনো বাজারে কি করেন?,পুরন বাজারত কি গরন দে?
সমুদ্র সৈকতে,দইজ্জের ডাগত
গরম পানি ছিটিয়ে,গরম পানি ছিডিয়েরে
মাদ্রাসায় কি?,মাদ্রাসাত কি?
"হ্যাঁ, সকালে খালি পেটে","অয়অ, বেয়িন্নে হালি পেডত"
ময়দা মেখে মেখে,ময়দা মাখি মাখি
"হ্যাঁ, আলো-বাতাস আসে","অয়অ,আলো বাতাস আইয়ি"
চিতই পিঠা হবে?,চিতল পিডে অয়বু না ?
"হ্যাঁ, খাবারের পর","অয়অ,হানার পর"
আজকে কি টিভি দেখবেন?,আজিয়ে কি টিভি চাইবেন না?
কোন ধরনের খোরাক খান?,হন ডইল্লে মোচা হন দে?
রোদ-বৃষ্টি উপেক্ষা করে পরিবার চালান,রইদ-ঝড় ন চাইয়েরে পরিবারর চালার
নতুন অফিস কেমন লাগছে?,নতুন অফিস ক্যান লাগের?
ঘরে আলো জ্বলছে কেন?,ঘরত বঅল জ্বলের কেন?
খাতায় লিখে রেখেছি।,হাতাত লেখি রাইক্ষি ।
কিভাবে ফুলদানি সাজান?,ফুলদানি কেন গরি সাজান দে?
নীলক্ষেত থেকে কিনব,নীলক্ষেত্তুন কিন্নুম দে
কার সাথে আড্ডা জমে?,হার লয় গফ মারি লি মজা অয় দে?
দেশি আন্ডারগ্রাউন্ড ব্যান্ডের নতুন গান,দেশি আন্ডারগ্রাউন্ড ব্যান্ডর নোয়া গান
আপনি কি নিয়মিত পটল খান?,অনে কি পইত্তেন পটল হন না?
"হ্যাঁ, গিটহাবে","অয়অ,গিটারে"
রাস্তায় এত ভিড় কেন?,রাস্তাত এত জাম কা?
এই মাসে কোন নিউ প্রজেক্ট ধরছস?,এই মাসত নোয়া কি প্রজেক্ট দজ্জুস দে?
বিভিন্ন ধর্ম-বর্ণের সমন্বয়ে সমৃদ্ধ,বউত ডইল্লে ধর্ম-বর্ণের সমন্বয়ে সমৃদ্ধ
স্নানের ভিড়।,গোছল গরিবেল্লায় লাইন ।
কোন সময় বাতাস ভালো লাগে?,হন সমর বাতাস গম লাগে দে?
কোথায় বাজার করবেন?,বাজার হডেত্তুন গরিবেন দে?
আপনার কি স্লাইস কাটার আছে?,অনত্তে কি স্লাইস কাঁটার আছে না?
আপনি কি নিয়মিত ঘোল খান?,অনে কি পইত্তেন ঘোল হন না?
বানর বসে আছে।,বানর বয় লইয়ি ।
আপনার কি ওয়াল হ্যাঙ্গার আছে?,অনত্তে কি ওয়াল হ্যাঙার আছে না?
আপনার কি রোজার ক্যালেন্ডার আছে?,অনত্তে কি রোজার ক্যালেন্ডার আছে না?
আপনি কি নিয়মিত পা ধোন?,অনে কি পইত্তেন টেং দোন না?
বেগুনি-পিঁয়াজু সব পাওয়া যায়,বায়ুনি-পিঁয়াজু বেগ কিছু পা যায়
ডাল সিদ্ধ হয়েছে?,ডাইল ইজ্জি না?
"হ্যাঁ, মাচায় আছে","অয়অ,চাংত আছে দে"
নদীর বুক চিরে মানুষ পারাপার করেন,নদীর বুক চিরিয়েরে মানুষ পাড় অয়দে
আপনার হবি কি?,অনত্তে হন জিনিস বেশি ভালা লাগে?
"দাদার কাছে, যিনি অনেক ফুল ফোটাতেন","দাদাত্তুন,ইবে বউত ফুল ফুডইত"
আপনি কি নিয়মিত মেডিটেট করেন?,অনে কি পইত্তেন মেডিটেট গরন না?
বাংলাদেশের মুক্তিযুদ্ধ কি শেখায়?,বাংলাদেশর মুক্তি যুদ্ধ কি শিখেয় দে?
কোন ধরনের স্মার্ট ডিভাইস ব্যবহার করেন?,কিরহম স্মার্ট ডিভাইস ব্যবার গরন দে?
"হ্যাঁ, রান্নার কাজে","অয়অ, রান্নার হাত"
এই বইটা কার?,বই ইবে হার?
ফুলদানিতে গোছা করে,ফুলদানত গোছ গরিয়েরে
হলুদ আর মরিচ দেন।,অলইদ ইয়ের মরিচ দিয়ন ।
চাবিটা পাচ্ছি না।,চাবি ইবে ন পাইর ।
ঘরেই ছিলাম।,ঘরত আছিলাম ।
গ্রামের পাঠশালায় কি হয়?,গেরামর স্কুলুত কি অয় দে?
"হ্যাঁ, পিউরিফায়ার আছে","অয়অ,পিউরিফায়ার আছে"
আপনি কি নিয়মিত মনিটর করেন?,অনে কি পইত্তেন মনিটর বা ঘুরি চন না?
বই কোথায় পাওয়া যাবে?,বই হডে পা যাইবু ?
"হ্যাঁ, সকালে দিই","অয়অ, বেয়িন্নে দিই দি"
ঢাকা পাবলিক স্কুলে।,ঢাহা পাবলিক স্কুলুত।
মোবাইলে চার্জ আছে?,মোবাইলুত চাজ আছে না ?
বোম্বে চানাচুর খাই,বোম্বে চেনাচুর হায় দি
বড় কোনো দাওয়াতে স্পেশাল করে বানায়,ডঅর হন দঅত ভালা গরি বানায়
দেশি মুরগি আর গ্রামের সবজি,দেশি খুরঅ ইয়ের গেরামর তরহারি
"পূবের বারান্দায়, যেখানে সকালের রোদ পড়ে","পুক ডদির বারান্দাত,যেনডে বেয়িন্নে রইদ পড়ে"
আপনার কি বাড়িতে গাঁদা ফুল আছে?,অনর ঘরত কি গাদাঁ ফুল গাছ আছে না?
রান্নাঘরের তাকে,পাকঘরর থাগত
জুতা জোড়া কোথায়?,জুতা ইয়িন হডে ?
আমাদের সামাজিক অনুষ্ঠান কেমন?,আরার সামাজিক অনুষ্ঠান কেন?
"হ্যাঁ, মিডিয়াম সাইজ আছে","অয়অ,মিডিয়াম/ মাঝারি সাইজ আছে দে"
হালকা মেঘলা,হালকা মেঘ গইজ্জি
কিভাবে পোলাও রান্না করেন?,পোলা ভাত কেন গরি রাধন দে?
জীবন গণিত শেখাচ্ছি।,জীবন গণিত শিখের ।
আপনি কি সাঁতার জানেন?,অনে কি আছুরিত জানন না?
রান্নাঘরের ড্রয়ারে,পাকঘরর ডয়ারত
বাসা ভাড়া কত নেন?,ঘড় ভাড়া হ টিয়া লয়?
কোন ধরনের পুডিং পছন্দ?,কিরহম পুডিং গম লাগে দে?
আপনি কি নিয়মিত কাকরোল খান?,অনে কি পইত্তেন হা হরলা হন না?
"না, সব খাবারই খাই","না,বেগ হানা হায় তো"
বরই পাকা আছে?,বড়ই পাইক্ষে আছে না ?
আপনার কি হ্যান্ড ব্লেন্ডার আছে?,অনত্তে কি হ্যান্ড ব্লেন্ডার আছে না?
"হ্যাঁ, ফাইলগুলো","অয়অ,ফাইল ইয়িন"
"হ্যাঁ, গাছে ডাকে","অয়অ,গাছর ডাগে"
চায়ের দোকানে বসে দেশের গল্প হয়,চাআর দোআনত বইয়েরে দেশর হথা হইর
"কাকা গো, কি আনলেন হাট থেকে?","হাক্ষু রে ,কি আইন্নু দে আটখোলাত্তুন ?"
ওয়াজিব কি?,ওয়াজিব কি?
কোন ধরনের বেগুনি পছন্দ?,কিরহম বায়ুন গম লাগে দে?
উনুনের পাশে,চুলর ব্যাহত
কার কাছে গল্প শুনতে ভালোলাগে?,হাত্তুন কিস্তে ওইনতু গম লাগে দে?
ছেলেরা সাঁতার কাটছে।,পুয়া অলে আচুঁরের।
দেশি রান্নার ভিডিও আর ট্রাভেল ভলগ,দেশি রান্নার ভিডিও ইয়ের ট্রাভেল ভলগ
আখের ক্ষেত কার?,কুইশশেল ক্ষেত ইয়েন হার?
বাড়িতে কার রান্না ভালো?,ঘরত মাইজ্জি হার রান্না পোয়াদ অয়দে?
কোথায় বেড়াতে যাবেন?,বেড়ায়বেল্লায় হডে যাইবেন দে?
তোর অফিসে কি সুবিধা দেয়?,তোর অফিসুত কি সুবিধে দে দে?
চালের গুঁড়া করুন।,চইল গুড়ি গরন ।
আজকে কি বাজার দর বেশি?,আজিয়ে কি বাজার বেশি মংগা না?
"বাবুর্চি ভাই, কালিয়া রান্না করবেন?","বঅস্তি ভাই, হালিয়ে রান্না গরিবেন না?"
আপনি কি নিয়মিত বরবটি খান?,অনে কি পইত্তেন বরহডি রাধন না?
আম কেটে রাখুন।,আম হাডি রাহন ।
"হ্যাঁ, টেবিলে রাখা","অয়অ, টেবিলত রাইক্কি"
কোন ধরনের বৃষ্টি পছন্দ?,হন ডইল্লে ঝড় পরিলি ভালা লাগে দে?
গ্রামের মহিলারা সেলাই করে,গেরামর বেডি অল সিলেই গরে
বাসে যাবেন নাকি?,বাসত গরি যাইবেন না?
"নিজের লেখা শোনাই, অন্যদের কবিতা শুনি","নিজুর লেহা ওনই,আরেকজনর কবিতা উনি"
তরুণ কবিরা মুক্তিযুদ্ধের গল্প বলছে,জোয়ান কবি অলে মুক্তিযুদ্ধর হথা হঅর
কোথায় বসে গান শোনেন?,হনডে বইয়েরে গান ওনন দে?
আপনি কি নিয়মিত দাঁত ব্রাশ করেন?,অনে কি পইত্তেন দাঁত মাজন না?
"হাতিরঝিলে নতুন রেস্তোরাঁ খুলছে, সেখানে যাবো","হাতিরঝিলুত নোয়া ওটেল খুইল্লি, এনডে যাইয়ুম"
আপনি কি নিয়মিত ফল খান?,অনে কি পইত্তেন ফলফ্রুট হন না?
কৃষিজমির ম্যাপিং করে চাষীদের সাহায্য করে,কৃষিজমির ম্যাপিং গরি চাষী অলরে সাহায্য গরে
তিনশো টাকা কেজি।,তিনশো টিয়া কেজি ।
আপনার কি বাড়িতে কবুতর আছে?,অনর ঘরত হতুর আছে না?
কার সাথে গল্প জমে?,হার লয় গফ মারি লি গম লাগে দে?
"সকাল সাতটায়, যখন টাটকা সবজি আসে","বেয়ইন্নে সাতটা বাজে,যেত্তে তাজা সবজি আইয়ি"
ঝোল-ঝাল মিশিয়ে,ঝোলঝাল মিয়েইয়েরে
মেয়েরা গান গাইছে।,মাইপুয়া অলে গান গাআর ।
আকাশি নীল,আকাশি নীল
"হ্যাঁ, বন্ধুদের সাথে","অয়অ,বন্ধু অলর লয়"
সুন্দরবনের মধু।,সুন্দরবনর মধু ।
বন্ধ হয়ে গেছে।,বন্ধ অয় গেইয়ি ।
গল্প করতে করতে,গফ মারতে মারতে
আপনার কি ডেস্ক ল্যাম্প আছে?,অনত্তে কি ডেস্ক ল্যাম্প আছে না?
এত খরচ হলো কিভাবে?,এতো হরচ কেনে অইলু?
ঢ্যাঁড়স আছে?,ঢেড়স আছে না ?
"হ্যাঁ, ডাল রান্নার জন্য","অয়অ,ডাইল রাধিবেল্লায়"
আপনি কি নিয়মিত লাল শাক খান?,অনে কি পইত্তেন লাল শাক হন না?
লালবাগ কেল্লায় কি করেন?,লালবাগ কেল্লাত কি গরন দে?
ওই মোড় ঘুরলেই পাবেন।,ওই মোড় ইবে ঘুরিলি পাইবেন।
কাল সন্ধ্যায় ফ্রি আছো?,হালিয়ে আজইন্নে ফ্রি আছো না?
"রিফাত ভাই, প্রেজেন্টেশন প্র্যাকটিস করবেন?","রিফাত ভাই, পেজেনটেশন প্রেকটিস গরিবেন?"
শাহবাগের ফুলের মার্কেটে,শাহবাগর ফুলুর মার্কেটত
আপনার কি বাড়িতে কলাগাছ আছে?,অনর ঘরত কি কেলাগাছ আছে না?
লোক সংগীত,লোক সংগীত
শীতের পিঠা কিভাবে খাও?,শীতকাইল্লে পিডে কেন গরি হন দে?
আপনার কি বাড়িতে সাপ আসে?,অনর ঘরত কি আপ আইয়ি না?
"হ্যাঁ, চিচিঙ্গা দিয়ে","অয়অ,হইডে/হইদে দি"
কি করছে দুলাভাই?,কি গরেদ্দে দুলাভাই ?
রোদ কম ছিল।,রইদ হম আছিল ।
চা-টা কেমন হয়েছে?,চা ক্যান অইয়ি?
এই সপ্তাহে কবে ম্যাচ?,এই সপ্তাত ম্যাচ হত্তে?
"হ্যাঁ, ছাদে করেছি","অয়অ,ছাদত গইজ্জি দি"
বাঙালি মামা-মামীরা কেমন?,বাআল মামামামী অল কেন?
বাঁশঝাড়ে কি?,বাঁশ বুনুত কি ?
সেলাইয়ের বাক্সে,সিলেইর হামত
"ভাই, জিমে কখন যাবে?","ভাই, জিমুত হত্তে যাইবেন?"
একদম টাটকা।,একদম তাজা।
কোন ধরনের বাদাম পছন্দ?,কিরহম বাদাম ভালা লাগে দে?
আমাদের পাড়ার মাঝে,আরার পাড়ার মাইজ্জি
"হ্যাঁ, বসার জন্য","অয়অ,বইবের লায়"
"চাচা, পুকুরে মাছ পড়ছে?","চাচা, পইরুত মাছ পইজ্জি না?"
কোথায় যাচ্ছেন এখন?,এহন হডে যাইতে লাইগ্গুন?
মধু সংগ্রহ আর বাঘের পায়ের ছাপ খুঁজি,মধু যোগার ইয়র বাঘর টেংঅর ছাপ থোআইর
নতুন কি বানাতে শিখছেন?,নোয়া কি বানানি শিক্ষুন দে?
সাদা নুড়ি,সাদা নুড়ি
"খোকা রে, কোন দিকে যাবি?","খোকা রে,হন দি যাবি দি?"
কি খবর আছে?,কি হবর আছে ?
কোথায় মিটিং করবেন?,মিটিং হডে গরিবেন দে?
ভ্রমণ করা।,ঘুরন ।
খুলনার গলদা চিংড়ি আনবে তো?,খুলনার গলদা চিংড়ি আনিবে তো?
বাজারের কোন মাছ পচে না?,বাজারত হন মাছ ন পুচেঁ দে?
পিঠা পুলি বানিয়েছি।,পিডে ফুলি বানাই ।
কিভাবে রান্না শিখলেন?,রাধনি হত্তুন শিখখুন দে?
স্কুলের সামনে সব সময় পাবি,স্কুলুর সাম্মদি অক্ষল সমে পাবি
বটি দিয়ে,বটকনি দিয়েছে
রিমোট জব কেমন লাগছে?,রিমোট জব ক্যান লাগের?
আপনার কি স্মার্টওয়াচ আছে?,অনত্তে কি স্মার্টওয়াচ আছে না?
ঢাকার ফুচকা আর চটপটি খুব পছন্দ,ঢাহার ফুচকা ইয়ের চটপটি বেশি গম লাগে
আপনি কি নিয়মিত তেল মাখেন?,অনে কি পইত্তেন তেল মাখন না?
ঠান্ডা জায়গায়,ঠান্ডা জাগাত
মামার বাড়ির পাশের দোকানে,মামার ঘরর ডাগদি দোআনত
দোতলার ঘরে,দোতলার ঘরত
পরিষ্কার পানিতে তিনবার,সাফ পানিত তিনবার
দামি জিনিস কিনতে হবে।,দামি জিনিস কিনম পরিবু ।
কোথায় বন্ধুদের সাথে দেখা হয়?,বন্ধু অলর লয় হনডে দেহা অয় দে?
"স্মার্টওয়াচে হেলথ ট্র্যাক করি, স্মার্ট হোম গ্যাজেট ব্যবহার করি","স্মার্টওয়াচে হেলথ ট্র্যাক গরি, স্মার্ট হোম গ্যাজেট ব্যবার গরি"
বাংলা গানের দল কি করছে?,বাংলা গানর দল কি গরে দে?
কোন ধরনের পাখি পছন্দ?,কিরহম পিখি ভালা লাগে দে?
কোথায় রাখবে?,হনডে রাখিবে দে?
শপিং মলে কোথায় যান?,শপিং গইত্তু হনডে যন দে?
কোথায় পিজা অর্ডার করবেন?,পিজা হত্তুন অর্ডার গরিবেন?
"বেবি, স্কুলে কি হয়েছিল আজকে?","বেবি, ইস্কুলুত আজিয়ে কি অইয়িল দে?"
কোন দিকে যাবে কুমার?,হন দি যাইবুদে হুঅরে ?
"হ্যাঁ, দরজার পেছনে","অয়অ,দরজার পিছুদি"
"হ্যাঁ, গরম লাগছে।","অয়অ,গরম লাগের ।"
পুকুরে কি হল?,পইরুত কি অইয়ি?
কোন এলাকায় শ্যুট করতে যাস?,হন এলাহাত শ্যুট গইত্তু যচ দে?
কিভাবে গল্প লেখেন?,গল্প কেন গরি লেহন দে?
আপনি কি নিয়মিত মুভি দেখেন?,অনে কি পইত্তেন মুভি চন না?
কার সাথে সিনেমা দেখেন?,হার লই বইয়েরে সিনেমা চন দে?
আপনার বাসায় কি জেনারেটর আছে?,অনর গরত কি জেনেটার আছে না?
নরম রসগোল্লা পছন্দ,নরম রসগোল্লা গম লাগে দে
কিভাবে মাছ বাছেন?,মাছ কেন গরি বাছন দে?
লাল শাক ধুয়েছেন?,লাল শাক ধুইয়ুন না ?
ব্রাশটা কার?,ব্রাশ ইয়েন হার ?
"এই যে, কোথায় যাচ্ছ?","অই,হনডে যাইতে লাগ্গুন দে ?"
অনলাইন কমিউনিটিতে কি শেয়ার করেন?,অনলাইন কমিউনিটিত কি দিয়ন দে?
নানীর হাতের,নানীর আথর
কোন ধরনের শখ আছে?,কি গরিবের ইচ্ছে আছে দে?
গ্রামের ভালোর জন্য।,গেরামর ভালার লায় ।
হারানো দিনগুলি।,আগর দিন ইয়িন ।
কোন কোর্স করছো?,হন কোর্স গইত্তে লাইগ্গু?
নারকেল নাড়ু।,নাইরকুলুর লাড়ু ।
"হ্যাঁ, অ্যালার্মের জন্য","অয়অ,অ্যালার্মর রায়"
তুলে এনে ঠাকুরের পূজায় দেই,তুলি আনি ঠাকুরুর পূজ দি
কোথায় কাপড় ধোয়াবেন?,হর হনডে ধুয়বেন দে?
"হ্যাঁ, হিসাব করার জন্য","অয়অ,ইসেব গরিবেল্লায়"
কোথায় চশমা বানাবেন?,চশমা হডে বানাইবেন দে?
কিছু শুনিনি।,কিছু ন ওনি ।
গ্রাম বাংলার সুখ-দুঃখের কাহিনী,গেরাম বাংলার সুখ -দুঃখুর হথা
ছোট বোনের জামা।,ছোট বইনুর হোত্তা।
ভর্তি পরীক্ষার প্রস্তুতি কোথায় নেন?,ভর্তি পরিক্ষার লাই তৈয়ের হনডে অন/প্রস্তুতি লন দে?
নতুন কি টুল ব্যবহার করস?,নোয়া কি টুল ব্যবার গরছ দে?
বাংলাদেশের গ্রাম্য কবিরাজ কেমন?,বাংলাদেশর গেরমর হবিরাজ/ডাক্তর অল কেন?
বাউল গানে রক মিউজিক মিক্স করেছে,বাউল গানে রক মিউজিক মিক্স গইজ্জি
বিছানার নিচে।,বিছনর তলে ।
"আদা-এলাচ দিয়ে, দুধ আর চিনি মিশিয়ে","আদা -এলাচি দি,দুধ ইয়ের চিনি মিয়েরে"
"রান্না শিখতেছি, ইউটিউব দেখে দেখে","রাধনি শিখির, ইউটিউব চায় চায়"
নদীর পাড়ে বসে সূর্যাস্ত দেখি,নদীর পাড়ত বইয়েরে সূজ্জু চাইর
আপনার কি বাড়িতে পাখির খাঁচা আছে?,অনর ঘরত কি পাখির লাই হাচা আছে না?
আপনি কি ছবি আঁকতে পারেন?,অনে কি ছবি আকিত পারন না?
কোন ধরনের পিঠা পছন্দ?,কিরহম পিডে গম লাগে দে?
কি করে যাবেন?,কিয়ুত গরি যাইবেন ?
কোথায় কাপড় কেনাকাটা করেন?,হর হত্তুন কিনন দে?
আজকে বিকেলে কি করছো?,আজিয়ে বিয়েলে কি গইজ্জু?
চিংড়ি মাছ,ইছে মাছ
কোথায় খুন্তি রাখেন?,হাডি হডে রাহন দে?
আজ রুই-কাতলা ভালো উঠেছে।,আজিয়ে রুই -হাতাল মাছ ভালা উইট্টি ।
"হ্যাঁ, প্রতিদিন চেক করি","অয়অ, পইত্তেন চেক গলি"
"সকালের রোদে, যখন পাখিরা গান গায়","বেয়িন্নে রইদুত,যেত্তে পাখি গান গায়"
কোথায় বেড়াতে যেতে ভালোলাগে?,হডে বেড়ায়তু যাতে ভালা লাগে দে?
বাজারের মোড়ে কি?,বাজারর মোড়ুত কি ?
নিজের পরিচয় আর স্বাধীন চিন্তার অধিকার,নিজুর পরিচয় ইয়ের স্বাধীন চিন্তার অধিকার
নদীর পাড়ে শুকাতে দিয়েছি,নদীর পাড়ত পোআইতাম দিয়
আপনি কি সিগারেট খান?,অনে কি বিড়ি হন নাকি?
বাজারে আলু কত?,বাজারত আলু কি দর?
নতুন কোন খাবার ট্রাই করলি?,নোয়া হন হানা ট্রাই পইজ্জুস দে?
মিলাদ কবে?,মিলেদ হত্তে ?
আঁশ ছাড়িয়ে নিয়েছি।,আশ ছাড়ি লয়।
কোথায় চিন্তা করেন?,চিন্দে হনডে গরন দে?
কেন লেট করলে?,লেইট কিল্লে গইজ্জু?
টেকনাফে মেরিন ড্রাইভে যাবে?,টেকনাফ মেরিন ড্রাইভত যাইবে না?
কোথায় কালেক্ট করবেন?,কালেক্ট হডে গরিবেন দে?
নৌকায় কোথায় বেড়াতে যান?,নৌকত গরি হডে বেড়াইতু যন দে?
কালোজিরে দিয়ে টক ঝোল রাঁধবো,হাইল্লে জিরে দি হর ঝাল রাধিঁবো
"হ্যাঁ, রাতে চালাই","অয়অ,রাতিয়ে চালাইদি"
"হ্যাঁ, বাচ্চাকে গোসল করাতে","অয়অ,পুয়ারে গোসল গ্রহাণু"
দাদী অনেক পুরনো দিনের গল্প বলেন,দাদী বউত পুরন দিনুর হথা হয়
স্মার্ট সিটিতে কি দেখছো?,স্মার্ট সিটিত কি চাইয়ুন দে?
ঢাকার রুফটপ রেস্তোরাঁয় কি করেন?,ঢাহার বড় বড় ওটেলত কি গরন দে?
আপনার কি ইয়ারফোন আছে?,অনত্তে কি ইয়ারফোন আছে না?
বিকেল গড়িয়ে,আজইন্নে অরাই
নতুন অফিস কেমন?,নতুন অফিস ইয়েন ক্যান?
সোনালী ধান হয়েছে।,সোনালী ধান অইয়ি।।
মুখে আগুন জ্বলবে।,মুখুত অন জ্বলিবু ।
আপনার কি মাইগ্রেন আছে?,অনত্তে কি মাইগ্রেন( মাথার দুঃখনি) আছে না?
"দারোগা বাবু, কি খবর পেলেন?","দারোগা বাবু,কি হবর পাইয়ুন দে?"
নিজের বাগান থেকে,নিজুর বাগানত্তুন
নবাবি ঐতিহ্য দেখে মুগ্ধ হই,নবাবি ঐতিহ্য চাইয়েরে মন ভরি যাইর
"হ্যাঁ, পড়াশোনার জন্য","অয়অ,পড়াইবেল্লায়"
বড় ভাইয়ের কাছে,বড় ভাইয়ুত্তুন
আপনি কি নিয়মিত স্কাইপ করেন?,অনে কি পইত্তেন স্কাইপ গরন না?
বাংলাদেশের নতুন সমুদ্র বন্দর দেখি,বাংলাদেশর নোয়া সমুদ্র বন্দর চাইর
আজকে কি রান্না হয়েছে?,আজিয়ে কি রাইন্দুদে?
আপনার কি রান্নার নোট আছে?,অনত্তে কি রাদিবের নোট আছে না?
যারা দেশি ফ্যাশন আর লাইফস্টাইল নিয়ে কাজ করে,যারা দেশি ফ্যাশন ইয়ের লাইফস্টাইল লয়েরে হাম গরি
"হ্যাঁ, বাইরে গেলে পরি","অয়অ,বাদ্দি যাইলি পরি দি"
শুনে শুনে,ওনি ওনি
উঠোন ঝাঁট দিয়েছেন?,উডন পুইজ্জুন না ?
কোন ধরনের খিচুড়ি পছন্দ?,খিচুরি কিরহম ওইলি অনত্তে ভালা লাগে দে?
"বারো হাজার, তবে ইন্টারনেট সুপার ফাস্ট","বারো আজার, তবে ইন্টারনেট সুপার ফাস্ট"
কোথায় বসে আড্ডা দেন?,হনডে বয়েরে গফ মারন দে?
আপনার কি ডোর লক আছে?,অনত্তে কি ডোর লক আছে না?
প্রেমের কবিতা,প্রেমের কবিতা
লেবু কটা দেবেন?,হজি হওঅ দিবেন ?
কোন ধরনের কনসার্টে যান?,কিরহম কনসার্ট অত যন দে?
"নানু, আপনার জন্মদিনে কি করব?","নানু, অনর জন্মদিনুত কি গইজ্জুম?"
সহজ করে,সহজ গরি
আপনার কি ওয়াটার ফিল্টার আছে?,অনত্তে কি ওয়াটার ফিল্টার আছে না?
ছোটগল্প আর ভ্রমণ কাহিনী,ছোট কিস্তে ইয়ের ঘুরনর কাহিনী
কি ওষুধ খাচ্ছেন?,কি দাবায়/ওষুধ হাইতে লাইগগুন?
আপনি কি নিয়মিত ঘর গুছান?,অনে কি পইত্তেন ঘর গুছায় রাহন না?
কোথায় রাখব?,হনডে রাইক্ষুম দে?
শাপলা ফুল কোথায় দেখেন?,শাপলা ফুল হনডে চন দে?
কোথায় স্টোর করবেন?,স্টোর হডে গরিবেন দে?
মাছ কোথায় কেনেন?,মাছ হত্তুন কিনন দে?
আপনি কি নিয়মিত আর্কাইভ করেন?,অনে কি পইত্তেন আর্কাইভ গরন না?
কোথায় ঝাঁটা রাখেন?,ঝাডা হডে রাহন দে?
"ঠাকুরমা, কোন পিঠা বানাবে?","ঠাকুমা,হন পিডে বানাইবে দে?"
তোর কন্টেন্ট কিভাবে মনিটাইজ করস?,তোর কনটেন্ট কেন গরি মনিটাইজ গরছ দে?
নতুন রেস্তোরাঁয় কেন যাও?,নোয়া ওটেলত কিল্লে যন দে?
এত রাতে কোথায়?,এদ্দুর রাতিয়ে হনডে ?
এই শার্টটা কেমন?,শার্ট ইবে ক্যান?
মাছের জাল মেরামত করছি।,মাছর জাল ঠিক গরির দি ।
আপনার কি বাড়িতে ঘাসফড়িং আসে?,অনর ঘরত কি ফড়িং আইয়ি না?
"হ্যাঁ, সকালে যোগব্যায়াম করি","অয়অ, বেয়িন্নে যোগ ব্যায়াম গরি দি"
"না, রিকশায় যাব",না রিকশেত গরি যাইয়ুম দে
পাখির ডাকের সাথে,পাখির ডাহর লয়
কোন সময় ফুল তোলেন?,ফুল হন সমত তুলন দে?
"নতুন কফি শপে, ওয়াইফাই ফ্রি","নোয়া কফি শপত, ওয়াইফাই ফ্রি"
কেন ভাবছো?,কিল্লে ভাইবতে লাইগ্গু দে?
কোথায় বেলপাতা রাখেন?,বেল পাতা হনডে রাহন দে?
সিঁড়ির কাছে,সিঁড়ির ডাগত
বালিশ লাগবে?,বালিশ লাগিবু না?
চন্দ্রিমা উদ্যানে সন্ধ্যায় হাঁটি,চন্দ্রিমা উদ্যানত আজইন্নে আডি দি
"হ্যাঁ, ছুটিতে যাই","অয়অ,বন্ধত যাইদি এরি"
কিভাবে শাক-সবজি কেনেন?,তরহারি কেন গরি কিনন দে?
মিষ্টি কুমড়া আছে?,মিডে হদু আছে না ?
ভাজা ঝিঙ্গা পছন্দ,ভাইজ্জে ঝিয়ে গম লাগে দে
"হ্যাঁ, পুকুরে আসে","অয়অ,পইরুত আইয়ি"
তোর এলাকার পুকুরে কি হয়?,তোর এলাহার পইরুত কি অয় দে?
পানিতে নেমে তুলব।,পানিত নামি তুইল্লুম।
আপনি কি নিয়মিত স্ক্রাম মিটিং করেন?,অনে কি পইত্তেন স্ক্রাম মিটিং গরন না?
"কি রে, কি নিয়ে ভাবছস?",কিরে কি লয় ভাবর দে?
চাঁদপুরের ইলিশ কোথায় পাওয়া যাবে?,চাঁদপুরর ইলিশ হডে পা যাইবো?
বাজারে কার সাথে যান?,বাজারত হার লই যন দে?
কোন রকম আবহাওয়া ভালোলাগে?,হন ডইল্লে আবহাওয়া গম লাগে দে?
রংপুরের শীতের পিঠা কেমন?,রংপুরুর শীতর পিডে কেন?
কি শেখাচ্ছ ওকে?,কি শিখেইতে লাইগ্গু দে ইতেরে ?
এই চায়ে কি দুধ আছে?,চা ইয়িনুত কি দুধ আছে না?
"কৃষিতে কিছু করতে চাই, দেখি কি হয়","কৃষিত মাইজ্জি কিছু গইত্তাম চাইর,চাই কি অয়"
দেশের ছোট ছেলেমেয়েরা কি করে?,দেশর গুর পুয়া মাইপুয়া অলে কি গরে দে?
"দারুণ সাজানো, তবে ভাড়া একটু বেশি","সুন্দর গরি সাজানো, তবে ভাড়া এক্ষানা বেশি"
আপনি কি নিয়মিত ফ্রিল্যান্সিং করেন?,অনেক কি পইত্তেন ফ্রিল্যান্সিং গরন না?
উঠানের দড়িতে রোদে দিই,উডনর দড়িত রইদুত দি দি
শ্মশানঘাটে কি?,চিতেহোলাত কি ?
তোর পাড়ার খাবার কি ফেমাস?,তোর পাড়ার হানা কি নাম গইজ্জে না?
আপনার কি পুরনো ডায়েরি আছে?,অনত্তে কি পুরোন ডায়রি আছে না?
"হ্যাঁ, দারাজ থেকে করি","অয়অ,দারাজত্তুন গরি দি"
কোন সময় পড়তে ভালোলাগে?,হন সমত পইত্তু গম লাগে দে?
"হ্যাঁ, লাউ আর কুমড়া","অয়অ,বাইলে হদু ইয়ের মিডে হদু"
আপনার স্পেশালাইজেশন কি?,অনর স্পেশালাইজেশন কি?
খাজা ভাজা হবে?,খাজা ভাইজ্জে অইবু না ?
বাজারে কি সস্তা?,বাজার কি অস্তা না?
পঞ্চাশ টাকা কেজি।,পঞ্চাশ টিয়া কেজি।
জায়নামাজ কোথায়?,জায়নামাজ হনডে ?
আপনি কি নিয়মিত খেলা দেখেন?,অনে কি পইত্তেন খেলা চন না?
আপনি কি নিয়মিত ডকুমেন্ট করেন?,অনে কি পইত্তেন ডকুমেন্ট গরন না?
জঙ্গলে কি হল?,জঙ্গলত কি অইয়ি দে ?
তোর ভাগ্নের স্কুল কেমন?,তোর বাইনের স্কুল কেন?
তোর ছোট ভাই কেমন আছে?,তোর ছোট ভাই কেন আছে?
আপনি কি নিয়মিত ফিল্টার করেন?,অনে কি পইত্তেন ফিল্টার গরন না?
পেঁয়াজ পকোড়া পছন্দ,পেঁয়াজ পাকোরা গম লাগে দে
কার সাথে সিনেমা দেখেন?,হার লই সিনেমা ছন দে?
কোন ধরনের মসলা ব্যবহার করেন?,হনডইল্লে মশল্লা হ দে?
তোদের এলাকার ক্লাবে কি হয়?,তোর এলাহার কেলাপত কি অয় দে?
কাঠের পিঁড়ি,গাছর পিড়ে
কবে ফিরবে বল?,হনডে ফিরিবু বল?
তোমার ফ্লাইট কখন?,তোয়ার ফ্লেট হত্তে?
তোর এলাকার গ্যারেজওয়ালা কেমন?,তোর এলাহার গ্যারেজ ওলা কেন?
"হ্যাঁ, নিজে চাষ করি","অয়অ,নিজি চাষ গরি দি"
পান কয়টা দেবেন?,পান হওঅ দিবেন ?
আপনার কি রান্নার শখ আছে?,অনত্তে কি রাদিবের ইচ্ছে আছে না?
দেশকে আধুনিক করে গড়তে চায়,দেশরে আধুনিক গরি গইত্তু চাআর
আপনি কি নিয়মিত জলখাবার খান?,অনে কি পইত্তেন হানাপানি হন না?
ঢাকা বিশ্ববিদ্যালয়ে কি করেন?,ঢাহা বিশ্ববিদ্যালয়ুত কি গরন দে?
জিরা কত নেবেন?,জিরে হতদূর নিবেন ?
"আলু দিয়ে ভাজি, কিছু মটরশুঁটি মিশিয়ে",আলু দিয়েরে ভাজি কিছু মটরশুটি মিয়েই
ভোরে উঠেছেন নাকি?,পোয়াত্তে উট্টুন না ?
"হ্যাঁ, একটা দিন।","অয়অ, ওগগো দিন।"
বাজারের কোন মাছ নেন না?,বাজারত্তুন হন মাছ লন দে ?
কি নিয়ে ভাবছো?,কি লই ভাবোর?
বগুড়ার দই আর কমলাপুরের রসগোল্লা কিনি,বগুরর দই ইয়ের কমলাপুরুর রসগোল্লা কিনি
ইলিশ মাছ কখন খাও?,ইলিশ মাছ হত্তে হন দে?
মাছ ধরার জাল কিভাবে ফেলেন?,মাছ ধরিবেল্লায় জাল কেন গরি মেলা দিয়ন দে?
কোন ধরনের জিলাপি পছন্দ?,হন ডইল্লে জিলেপি গম লাগে দে?
রাতে পালাগান আর যাত্রা দেখতে সবাই জমা হয়,রাতিয়ে পালাগান ইয়ের যাত্রা চাইতু বেজ্ঞুনে জমা হয়
কোন রকম গান পছন্দ?,হন ডইল্লে গান গম লাগে দে?
আম আর লিচু খুব পছন্দ,আম ইয়ের লেচু বেশি গম লাগে দে
পড়াশোনা কেমন চলছে?,পড়াশোনা ক্যান চলের?
সব গুলিয়ে রেখেছি।,বেজ্ঞিন গুলায় রাইক্ষি।
কোথায় ঘুরতে যাবে?,হডে ঘুইত্তু যাইবে?
গরুর দুধে পাতলা সর দিয়ে জমাই,গরুর দুধুত পাতল ছানা দিয়েরে জমাই
আপনি কি নিয়মিত ট্যুটোরিয়াল দেখেন?,অনে কি পইত্তেন টিউটরিয়াল চন না?
রেজাল্ট দেখেছেন?,রেজাল্ট চাইয়ুন না ?
কোন সময় লেখার ঝোঁক আসে?,হন সমত লেহা লেখতু মনে হয় দে?
কার কাছে গানের তালিম নেন?,হাত্তুন গানর ওয়াইজ্জে লন দে?
আজিমপুরের কাবাব কেমন?,আজিমপুরর কাবাব ক্যান?
খাবারটা কেমন লাগলো?,হানা কেন লাইগ্গি?
কারও হাতে আছে।,কিয়ার আথত আছে ।
বাজারের কোন দোকানি ভরসার?,বাজারত হন দোআনদাররে ভরসা লাগে দে?
"বাছা রে, কি খাবি এখন?","বাছা রে,কি হাবি এহন ?"
খেতের আইলে কি?,খেতর আইলুত কি ?
আলু সিদ্ধ হয়েছে?,আলু ইজেয়ি না?
ভোর রাতে,পোয়াইত্তে
"হ্যাঁ, ভোর পাঁচটায়","অয়অ,পোইত্তে পাঁচটা বাজে"
নতুন মার্কেটে কি পাওয়া যায়?,নোয়া মার্কেডত কি পা যায় দে?
কোন ধরনের কাঁটাচামচ ব্যবহার করেন?,কিরহম কেডা চামিচ ব্যবার গরন দে?
রাইড শেয়ারিং কি ব্যবহার করেন?,রাইড শেয়ারিং কি ব্যবার গরন না?
বাঙালি ঈদ উৎসব কেমন?,বাআল অলর ঈদ উৎসব কেন?
নতুন বাজারে কি পাওয়া যায়?,নোয়া বাজারত কি পা যায় দে?
রাজশাহীর আম কবে আনবে?,রাজশাহীর আম হত্তে আনিব?
চল না সিনেমায় যাই?,চল না সিনেমাত যাই?
মেলা দেখতে যাব।,মেলা চাইতু যাইয়ুম ।
গ্রামের হাট কেমন?,গেরামর আটখোলা কেন?
দক্ষিণ দিকে,দইন দি
আমের জুস খুব পছন্দ,আমর জুস বেশি গম লাগে দে
আপনি কি নিয়মিত কই মাছ খান?,অনে কি পইত্তেন হৈ মাছ হন না?
কোন ধরনের বিছানার চাদর পছন্দ?,কিরহম বিছেনর বেসসিট ভালা লাগে দে?
"হ্যাঁ, নতুন বাটা।","অয়অ,নোয়া বাডা ।"
আপনি কি নিয়মিত ভ্যালিডেট করেন?,অনে কি পইত্তেন ভ্যালিডেট গরন না?
"নানু, গল্প বলবে আজকে?","নানু, গল্প হইবেন না আজিয়ে?"
কোথায় গান শেখেন?,গান হনডে ওনন দে?
বাংলা আর ইংরেজি।,বাংলা ইয়ের ইংরেজি ।
মিটিং এর আগে কি করবে?,মিটিংয়ুর আগে কি গরিবে?
কোথায় আলতা রাখেন?,আলতা হনডে রাহন দে?
তোর বাসার পাশে কার দোকান?,তোর ঘরর ডাহতি হার দোআন?
আপনার কি ডিজিটাল থার্মোমিটার আছে?,অনত্তে কি ডিজিটাল থার্মোমিটার আছে না?
পাড়ার বউরা মিলে বানায় শীতের সকালে,পাড়ার বউ অল মিলি বানায় শীতকাইল্লে বেয়িন্নে
কোন ধরনের বিরিয়ানি পছন্দ?,কিরহম বিরেনী গম লাগে দে অনত্তে?
"ভিসি ফান্ডিং পাইছি, এখন স্কেল করুম","ভিসি ফান্ডিং পাই, এহন স্কেল গইজ্জুম"
পুকুরের মাঝে কি?,পইরুর মাঝে কি?
যা হবার হবে।,যা অইবের অইবু ।
নিউ মার্কেটের পুরানো দোকানগুলো চিনি,নিউ মার্কেটরর পুরন দোআন ইয়িন চিনি
কোন সময় ফুল তোলেন?,হন সমত ফুল তোলন দে?
"ধীরে সুস্থে, সব একই সাইজে করে","আস্তে ধীরে , বেজ্ঞিন একই সাইজুর গরি"
"হ্যাঁ, সকালে করি","অয়অ,বেয়িন্নে গরি দি"
বাংলা ওয়েব সিরিজ আর ডকুমেন্টারি,বাংলা ওয়েব সিরিজ ইয়ের ডকুমেন্টারি
রবীন্দ্রসংগীত শুনতে খুব ভালোলাগে,রবীন্দ্র সংগীত ওইনতু বেশি গম লাগে
"তাঁতি ভাই, কি শাড়ি হবে?","তাঁতি ভাই,কি শাড়ি অইবু ?"
নকশিকাঁথা কে বানায়?,সিলেই গইজ্জে কেথা হনে সিলেই দে?
কাপ্তাই লেকে কি করেন?,কাপ্তাই লেগত কি গরন দে?
গরম পিঠা আর চা দিয়ে দিন শুরু করি,গরম পিডে ইয়ের চা দিয়েরে দিন শুরু গরে
কি পড়াশোনা করেছেন?,পড়ালেহা কি গইত্তে লাইগগু?
নতুন কেটেছি।,নোয়া হাইট্টি ।
বাংলা গান কখন শোনেন?,বাংলা গান হত্তে ওনন দে?
ঢাকাই খাবারের নতুন স্বাদ খুঁজি,ঢাহাত হানার নোয়া পোয়াদ তোয়াইর
চাঁদ দেখে বলব।,চাঁন চাইয়েরে হইয়ুম।
আপনার কি বাড়িতে জামগাছ আছে?,অনর ঘরত কি জাম গাছ আছে না?
আম আর লিচু,আম ইয়ের লেচু
দেশের ছোট শিল্পীরা কি করে?,দেশর গুরঅ গুরঅ শিল্পী অলে কি গরে দে?
মাছ ধরার জন্য কি ব্যবহার করেন?,মাছ ধরিবেল্লায় কি ব্যবার গরন দে?
বাজারের কোন সময় যান?,বাজারত হন সমত যন দে?
কোন ধরনের ফুলকপি পছন্দ?,কিরহম ফুলহবি গম লাগে দে?
দুধ জমাতে হবে।,দুধ জমান পরিবু ।
কি খাবে খোকা?,কি হাইবে খোকা?
এখন কোমর পর্যন্ত।,এহন হুর পযন্ত ।
কোথায় নতুন জামা রাখেন?,নতুন হোত্তা হত্তুন কিনন দে?
"হ্যাঁ, ইউটিউবে দেখি","অয়অ, ইউটিউব অত চাই দি"
চকলেট আইসক্রিম পছন্দ,চকলেট আইসক্রিম গম লাগে দে
কালকের আছে।,হালিয়ের আছে না ।
আপনি কি নিয়মিত ফোন করেন?,অনে কি পইত্তেন ফোন গরন না?
কোন ধরনের জুস পছন্দ?,হনডইল্লে জুস ভালা লাই দে?
ভিসা প্রসেসিং টাইম কত?,ভিসা প্রসেসিংউর টাইম হদ্দুর?
"গুলশানে থাকে, বিরিয়ানি দারুণ বানায়","গুলশানত থাগে, বিরিয়ানি সুন্দর বানায়"
সে ডাক্তার।,ইবে ডাক্তর ।
বাজারে যাবে না?,বাজারত ন যাইবে?
"মাঝি ভাই, কোন নদীতে যাবে?","মাঝি ভাই,হন নদীত যাইবে দে?"
খুব ভালো মেয়ে।,বউত ভালা মাইপুয়া ।
গ্রামে গেলে কি করো?,গেরমত যাইলি কি গরন দে?
সকালের পত্রিকা আর দুধ,বেয়িন্নের পেপার ইয়ের দুধ
ফ্রিল্যান্সিং কি করেন?,ফ্রিল্যান্সিং গরন না?
কি টাইপের গান পছন্দ?,হন টাইপুর গান পছন্দ?
আগামী সপ্তাহে।,আগামী সপ্তাত ।
কলা পেকেছে?,কেলা পাইক্ষি না ?
কই যাস আজকাল? দেখি না তো!,ইয়া হনডে যচ/থাগচ?দেহা ন যাইদে?
কি পান করবেন?,কি পান গরিবেন ?
গান শোনা আর বই পড়া,গান ওনন ইয়ের বই পড়ন
চিংড়ি মাছ কিভাবে রান্না করেন?,ইছে মাছ কেন গরি রাধন দে?
কাল পাকবে।,হালিয়ে পাগিবু।
"হ্যাঁ, মিটিংয়ে করি","অয়অ,মিটিং গরি দি"
বাংলা শব্দ কোথায় শেখেন?,বাংলা শব্দ হত্তুন শিখন দে?
মেয়েদের গল্প আসর কেমন?,মাইপুয়া অলর গফর বয়ডুক কেন?
বাজারের কোন মাছ সস্তা?,বাজারত হন মাছ অস্তা দে?
নতুন কোন খাবার শিখছিস?,নোয়া হন হানা শিক্ষুছ দে?
"ঘি দিয়ে ফোড়ন দিয়ে, নানা রকম সবজি মিশিয়ে","ঘি দি ফোড়ন দি,বউত ডইল্লে তরহারি মিয়েইয়েরে"
দিনাজপুর রাজবাড়ি দেখেছেন?,দিনাজপুরুর রাজবাড়ী চাইয়ুন না?
কচুর শাক কিভাবে রাঁধেন?,লক্ষী শাক কেন গরি রাধন দে?
কোথায় নেমেছেন?,হনডে নাইমতে লাইগ্গুন দে ?
স্কুলের মাঠে।,স্কুলুর মাঠ ।
আজকে কি বাজার করবেন?,আজিয়ে কি বাজার গরিবেন?
কাঁচা আমের চাটনি।,কেচাঁ আমর চান্নি ।
তোর পাড়ার ইন্টারনেট কেমন?,তোর পাড়াত ইন্টারনেট কেন?
মাটির কলসি থেকে,মেডির গরাত্তুন
বাঙালি খাদ্যাভ্যাস কি বলে?,বাআলর হানার অভ্যাসরে কি হয় দে?
"হ্যাঁ, শনিবারে খেলি","অয়অ,শনিবারে খেলি দি"
মোহাম্মদপুরের দই খেতে যাবে?,মোহাম্মদপুর দই হাইতে যাইবে না?
শবে কদর কবে?,লবে কদর হচ্ছে?
উত্তরা দিকে।,উতুর দি।
কি সাইজ লাগবে?,কি সাইজ লাগিবু?
কোন জায়গার দই পছন্দ?,হন জাগার দই গম লাগে দে?
জালের মাছ কোথায় পান?,জালর মাছ হনডে পন দে?
তোর বাসার কাছে মার্কেট কেমন?,তোর ঘরর ডাহত মার্কেট কেন?
বাড়ির কোন জায়গায় আলো বেশি?,ঘরর হন জাগাত ফঅর বেশি থাগে দে?
"মুন্সি সাহেব, কি লিখছেন?","মুন্সি সাব,কি লেখতে লাইগ্গুন দে ?"
আপনি কি নিয়মিত মশারি টাঙ্গান?,অনে কি পইত্তেন মোশরি টাকন না?
আপনার কি স্মার্ট প্লাগ আছে?,অনত্তে কি স্মার্ট প্লাগ আছে না?
নতুন কি ফিচার অ্যাড করছস?,নোয়া কি ফিচার যোগ গইজ্জুস দে?
কোথায় ফটো তুলবেন?,ছবি হডে তুলিবেন দে?
বলতেই হবে।,হঅম পরিবু ।
পেছনের দরজা,পিছুদির দরজাদি
আপনার কি টিস্যু বক্স আছে?,অনত্তে কি টিস্যুর বাক্স আছে না?
কি মুভি দেখবে?,কি মুভি চাইবা?
কোথায় চুল কাট করান?,চুল হডে হাড দে?
"একটা চাইনিজ-বাংলা রেস্তোরাঁ খুলেছে, মাথা খারাপ","এক্ষান চাইনিজ - বাংলা ওটেল খুইল্লি,মাথা খারাপ"
"হ্যাঁ, সবার জন্য।","অয়অ,বেজ্ঞুনুর লায় ।"
ভোর রাতে,পোয়াইত্ত
কোথায় শিল পাতেন?,শিল হনডে বিছন দে?
আপনার কি ডিজিটাল টাইমার আছে?,অনত্তে কি ডিজিটাল টাইমার আছে না?
"নতুন কমিউনিটি সেন্টার খুলছে, দারুণ হবে","নোয়া কমিউনিটি সেন্টার খুইল্লি, সুন্দর অইবু"
ধীরে সুস্থে,আস্তে ধীরে
অপছন্দনীয় কাজ।,বিচ্ছিরি হাম।
"হ্যাঁ, গেমিং প্যাড","অয়অ, গেমিং প্যাড"
আপনি কি নিয়মিত খেজুর খান?,অনে কি পইত্তেন হাজুর হন না?
দুধের শিমাই পছন্দ,দুধুর সেমাই গম লাগে দে
"সামনের বাগানে, বিশেষ করে গোলাপ আর গাঁদা","সাম্মদির বাগানত, বিশেষ গরি গোলাপ ইয়ের গাদা"
বাজারের কোন ফল মিষ্টি?,বাজারত হন ফল মিডে দে?
ফাইলটা পাঠিয়েছেন?,ফাইল ইবে পাঠাইয়ু না?
চার্টার্ড একাউন্টেন্টের অফিসে,চাটার্ট একাউন্ট অফিসুত
ছেলেটা পড়ে না কেন?,পুয়া ইবে ন কা পড়ে ?
